OrderID,Date,ProductKey,StoreKey,CustomerKey,Quantity,UnitPrice,Discount,SalesAmount,UnitCost,ProfitAmount
100001,2025-05-13,14,2,93,1,49,0.0,49.0,18,31.0
100002,2026-01-23,11,6,63,1,129,0.0,129.0,45,84.0
100002,2026-01-23,12,6,63,1,279,0.0,279.0,140,139.0
100003,2026-06-04,9,1,61,1,79,13.36,65.64,25,40.64
100004,2025-12-19,14,2,297,1,49,0.0,49.0,18,31.0
100004,2025-12-19,8,2,297,1,349,42.64,306.36,150,156.36
100005,2026-07-29,15,8,393,1,35,0.0,35.0,12,23.0
100005,2026-07-29,20,8,393,1,179,29.4,149.6,70,79.6
100006,2026-02-13,6,7,317,1,249,0.0,249.0,120,129.0
100006,2026-02-13,17,7,317,1,89,0.0,89.0,30,59.0
100007,2026-05-04,11,5,12,1,129,0.0,129.0,45,84.0
100008,2024-05-14,4,9,121,2,399,0.0,798.0,420,378.0
100008,2024-05-14,11,9,121,1,129,30.47,98.53,45,53.53
100009,2025-12-27,16,4,144,1,39,0.0,39.0,15,24.0
100010,2025-04-06,20,8,107,3,179,0.0,537.0,210,327.0
100011,2025-07-30,19,3,91,1,99,0.0,99.0,35,64.0
100011,2025-07-30,11,3,91,1,129,0.0,129.0,45,84.0
100012,2025-11-03,8,4,47,1,349,0.0,349.0,150,199.0
100012,2025-11-03,11,4,47,1,129,6.59,122.41,45,77.41
100013,2026-08-04,1,10,199,1,999,0.0,999.0,620,379.0
100013,2026-08-04,2,10,199,1,799,127.79,671.21,480,191.21
100014,2026-08-18,9,5,99,1,79,0.0,79.0,25,54.0
100015,2024-11-12,20,1,87,1,179,13.5,165.5,70,95.5
100016,2025-12-28,16,10,280,2,39,0.0,78.0,30,48.0
100016,2025-12-28,9,10,280,2,79,0.0,158.0,50,108.0
100017,2026-01-12,6,6,96,1,249,0.0,249.0,120,129.0
100018,2024-12-25,20,8,340,1,179,0.0,179.0,70,109.0
100019,2024-05-24,5,9,26,1,349,0.0,349.0,180,169.0
100020,2024-02-21,8,3,74,1,349,58.61,290.39,150,140.39
100020,2024-02-21,16,3,74,1,39,0.0,39.0,15,24.0
100021,2026-02-08,11,7,116,1,129,0.0,129.0,45,84.0
100022,2025-05-25,16,9,16,1,39,0.0,39.0,15,24.0
100023,2026-08-19,19,2,96,1,99,16.91,82.09,35,47.09
100023,2026-08-19,20,2,96,1,179,0.0,179.0,70,109.0
100024,2025-05-01,5,1,295,2,349,137.74,560.26,360,200.26
100025,2026-08-12,11,5,24,1,129,0.0,129.0,45,84.0
100026,2025-03-07,8,1,349,1,349,0.0,349.0,150,199.0
100027,2026-02-26,3,9,76,1,649,0.0,649.0,350,299.0
100028,2024-04-12,4,9,163,1,399,0.0,399.0,210,189.0
100029,2025-08-02,13,6,21,1,199,0.0,199.0,95,104.0
100030,2026-03-06,5,10,248,1,349,20.59,328.41,180,148.41
100031,2026-06-23,1,7,322,1,999,130.6,868.4,620,248.4
100032,2026-03-25,14,7,71,1,49,0.0,49.0,18,31.0
100033,2024-02-16,1,8,82,2,999,0.0,1998.0,1240,758.0
100033,2024-02-16,2,8,82,1,799,0.0,799.0,480,319.0
100034,2025-01-20,4,10,137,1,399,51.83,347.17,210,137.17
100035,2024-03-02,18,9,375,1,24,0.0,24.0,8,16.0
100035,2024-03-02,15,9,375,1,35,0.0,35.0,12,23.0
100036,2024-05-09,11,5,276,2,129,0.0,258.0,90,168.0
100037,2025-11-18,9,8,10,1,79,0.0,79.0,25,54.0
100037,2025-11-18,17,8,10,2,89,0.0,178.0,60,118.0
100038,2025-12-14,4,2,364,1,399,64.09,334.91,210,124.91
100039,2026-02-05,1,4,155,1,999,0.0,999.0,620,379.0
100039,2026-02-05,8,4,155,1,349,0.0,349.0,150,199.0
100040,2026-05-03,14,1,377,1,49,0.0,49.0,18,31.0
100041,2026-01-01,11,2,234,1,129,0.0,129.0,45,84.0
100042,2026-03-05,1,5,231,2,999,0.0,1998.0,1240,758.0
100043,2024-03-02,16,1,371,1,39,0.0,39.0,15,24.0
100043,2024-03-02,8,1,371,1,349,0.0,349.0,150,199.0
100044,2024-09-23,19,2,112,1,99,0.0,99.0,35,64.0
100044,2024-09-23,7,2,112,1,599,0.0,599.0,260,339.0
100045,2025-10-06,16,8,227,2,39,0.0,78.0,30,48.0
100045,2025-10-06,15,8,227,1,35,8.03,26.97,12,14.97
100046,2026-04-27,14,9,217,2,49,0.0,98.0,36,62.0
100047,2024-01-06,4,2,139,1,399,0.0,399.0,210,189.0
100047,2024-01-06,12,2,139,1,279,0.0,279.0,140,139.0
100048,2025-06-19,8,4,335,1,349,0.0,349.0,150,199.0
100048,2025-06-19,17,4,335,1,89,0.0,89.0,30,59.0
100049,2025-11-20,9,6,117,1,79,0.0,79.0,25,54.0
100050,2024-02-06,12,6,221,1,279,68.17,210.83,140,70.83
100051,2025-02-23,16,1,86,1,39,7.26,31.74,15,16.74
100052,2026-05-29,18,2,99,1,24,0.0,24.0,8,16.0
100053,2025-11-15,15,8,152,2,35,14.51,55.49,24,31.49
100054,2024-09-27,1,3,80,2,999,0.0,1998.0,1240,758.0
100055,2026-04-22,1,6,389,3,999,0.0,2997.0,1860,1137.0
100056,2024-12-26,10,8,248,1,149,20.75,128.25,60,68.25
100057,2026-04-22,10,5,312,1,149,0.0,149.0,60,89.0
100058,2024-11-20,8,1,31,1,349,54.67,294.33,150,144.33
100059,2025-09-06,12,1,352,1,279,53.54,225.46,140,85.46
100059,2025-09-06,19,1,352,2,99,14.88,183.12,70,113.12
100060,2025-02-18,20,1,143,1,179,0.0,179.0,70,109.0
100061,2024-11-01,7,9,204,1,599,74.22,524.78,260,264.78
100061,2024-11-01,15,9,204,1,35,0.0,35.0,12,23.0
100061,2024-11-01,13,9,204,1,199,16.53,182.47,95,87.47
100062,2026-05-21,15,5,14,1,35,0.0,35.0,12,23.0
100063,2024-08-04,4,3,154,1,399,0.0,399.0,210,189.0
100064,2024-04-12,15,4,182,1,35,2.88,32.12,12,20.12
100065,2024-12-22,13,1,397,1,199,0.0,199.0,95,104.0
100065,2024-12-22,12,1,397,1,279,31.35,247.65,140,107.65
100066,2025-12-17,4,2,1,2,399,0.0,798.0,420,378.0
100066,2025-12-17,19,2,1,1,99,0.0,99.0,35,64.0
100066,2025-12-17,3,2,1,1,649,162.18,486.82,350,136.82
100067,2026-03-11,12,10,376,1,279,41.82,237.18,140,97.18
100067,2026-03-11,15,10,376,1,35,0.0,35.0,12,23.0
100068,2026-08-30,13,5,286,1,199,0.0,199.0,95,104.0
100069,2024-11-18,1,1,254,1,999,0.0,999.0,620,379.0
100069,2024-11-18,7,1,254,1,599,76.44,522.56,260,262.56
100070,2025-03-03,2,10,319,2,799,262.8,1335.2,960,375.2
100070,2025-03-03,17,10,319,2,89,0.0,178.0,60,118.0
100071,2024-06-07,2,2,120,1,799,0.0,799.0,480,319.0
100071,2024-06-07,11,2,120,1,129,0.0,129.0,45,84.0
100071,2024-06-07,13,2,120,1,199,0.0,199.0,95,104.0
100072,2025-08-22,20,8,151,1,179,0.0,179.0,70,109.0
100072,2025-08-22,10,8,151,1,149,0.0,149.0,60,89.0
100073,2026-08-29,4,9,289,1,399,0.0,399.0,210,189.0
100074,2025-12-06,13,2,217,2,199,0.0,398.0,190,208.0
100075,2025-09-11,3,10,384,1,649,0.0,649.0,350,299.0
100076,2025-02-12,16,10,369,1,39,0.0,39.0,15,24.0
100076,2025-02-12,17,10,369,2,89,0.0,178.0,60,118.0
100077,2026-06-15,6,4,176,1,249,0.0,249.0,120,129.0
100078,2025-06-01,19,5,260,1,99,0.0,99.0,35,64.0
100079,2024-06-04,5,1,209,1,349,28.86,320.14,180,140.14
100080,2025-01-12,20,1,47,1,179,0.0,179.0,70,109.0
100081,2024-03-24,10,1,197,1,149,0.0,149.0,60,89.0
100081,2024-03-24,13,1,197,1,199,0.0,199.0,95,104.0
100082,2024-08-20,1,1,359,2,999,0.0,1998.0,1240,758.0
100083,2024-01-22,19,6,83,1,99,13.21,85.79,35,50.79
100084,2025-04-19,18,5,314,1,24,0.0,24.0,8,16.0
100085,2025-10-17,10,4,116,2,149,0.0,298.0,120,178.0
100086,2024-12-23,8,2,1,1,349,84.0,265.0,150,115.0
100086,2024-12-23,11,2,1,2,129,0.0,258.0,90,168.0
100087,2025-03-16,20,2,162,2,179,0.0,358.0,140,218.0
100087,2025-03-16,10,2,162,1,149,0.0,149.0,60,89.0
100088,2026-07-26,6,8,190,1,249,0.0,249.0,120,129.0
100089,2026-01-14,1,2,113,1,999,165.8,833.2,620,213.2
100090,2025-07-17,5,3,215,2,349,77.45,620.55,360,260.55
100091,2024-11-09,19,1,143,1,99,0.0,99.0,35,64.0
100092,2026-05-30,14,9,313,2,49,0.0,98.0,36,62.0
100093,2024-09-24,12,8,42,1,279,0.0,279.0,140,139.0
100094,2024-12-10,1,4,303,1,999,162.84,836.16,620,216.16
100095,2026-06-09,11,6,16,1,129,0.0,129.0,45,84.0
100095,2026-06-09,14,6,16,2,49,0.0,98.0,36,62.0
100096,2025-07-05,15,8,299,1,35,0.0,35.0,12,23.0
100097,2026-01-04,8,1,42,1,349,0.0,349.0,150,199.0
100098,2025-09-06,16,3,354,1,39,0.0,39.0,15,24.0
100099,2025-11-02,9,4,284,1,79,7.67,71.33,25,46.33
100100,2024-11-20,16,4,226,1,39,0.0,39.0,15,24.0
100101,2024-09-30,16,10,16,3,39,0.0,117.0,45,72.0
100102,2024-12-08,7,8,70,2,599,0.0,1198.0,520,678.0
100103,2024-06-28,17,10,230,3,89,26.34,240.66,90,150.66
100104,2026-05-10,10,5,42,1,149,0.0,149.0,60,89.0
100105,2024-11-08,18,8,95,1,24,0.0,24.0,8,16.0
100106,2025-08-08,15,2,62,1,35,8.64,26.36,12,14.36
100107,2026-02-24,9,9,314,2,79,0.0,158.0,50,108.0
100108,2026-02-15,18,10,76,1,24,2.67,21.33,8,13.33
100109,2025-04-04,17,9,346,1,89,0.0,89.0,30,59.0
100109,2025-04-04,7,9,346,1,599,0.0,599.0,260,339.0
100110,2025-05-12,11,3,83,2,129,0.0,258.0,90,168.0
100110,2025-05-12,8,3,83,1,349,66.53,282.47,150,132.47
100110,2025-05-12,13,3,83,1,199,29.39,169.61,95,74.61
100111,2026-08-27,15,10,100,2,35,0.0,70.0,24,46.0
100112,2025-11-18,9,10,72,2,79,0.0,158.0,50,108.0
100113,2026-03-18,5,7,140,1,349,0.0,349.0,180,169.0
100114,2026-06-04,18,4,76,1,24,0.0,24.0,8,16.0
100115,2026-02-19,4,1,190,2,399,0.0,798.0,420,378.0
100116,2024-08-01,14,3,108,3,49,35.35,111.65,54,57.65
100116,2024-08-01,9,3,108,1,79,0.0,79.0,25,54.0
100117,2025-08-09,8,6,267,2,349,0.0,698.0,300,398.0
100118,2024-05-01,15,6,345,1,35,0.0,35.0,12,23.0
100119,2025-11-02,14,7,51,1,49,0.0,49.0,18,31.0
100120,2026-07-22,14,2,312,1,49,0.0,49.0,18,31.0
100121,2025-06-17,10,5,11,1,149,10.77,138.23,60,78.23
100121,2025-06-17,2,5,11,1,799,0.0,799.0,480,319.0
100122,2025-03-30,5,6,149,1,349,0.0,349.0,180,169.0
100122,2025-03-30,19,6,149,1,99,21.13,77.87,35,42.87
100123,2024-02-14,13,3,44,1,199,0.0,199.0,95,104.0
100123,2024-02-14,18,3,44,1,24,0.0,24.0,8,16.0
100124,2026-07-26,13,6,270,1,199,25.73,173.27,95,78.27
100125,2024-05-02,19,9,232,1,99,0.0,99.0,35,64.0
100125,2024-05-02,18,9,232,1,24,0.0,24.0,8,16.0
100126,2024-02-21,10,8,400,1,149,11.32,137.68,60,77.68
100126,2024-02-21,13,8,400,1,199,0.0,199.0,95,104.0
100127,2024-10-05,2,5,269,1,799,0.0,799.0,480,319.0
100127,2024-10-05,1,5,269,1,999,0.0,999.0,620,379.0
100127,2024-10-05,18,5,269,1,24,0.0,24.0,8,16.0
100128,2024-03-22,9,9,169,1,79,13.85,65.15,25,40.15
100129,2025-04-21,6,6,304,3,249,0.0,747.0,360,387.0
100130,2025-06-21,2,10,380,1,799,0.0,799.0,480,319.0
100130,2025-06-21,8,10,380,1,349,0.0,349.0,150,199.0
100131,2024-11-30,2,9,368,1,799,115.98,683.02,480,203.02
100132,2024-03-05,3,9,117,2,649,0.0,1298.0,700,598.0
100132,2024-03-05,4,9,117,1,399,0.0,399.0,210,189.0
100133,2024-05-11,14,10,283,1,49,0.0,49.0,18,31.0
100134,2025-02-03,8,10,39,1,349,0.0,349.0,150,199.0
100135,2024-03-16,12,3,148,2,279,0.0,558.0,280,278.0
100136,2025-12-04,10,1,197,1,149,34.16,114.84,60,54.84
100137,2024-08-25,17,1,160,1,89,5.69,83.31,30,53.31
100137,2024-08-25,15,1,160,3,35,0.0,105.0,36,69.0
100137,2024-08-25,13,1,160,1,199,0.0,199.0,95,104.0
100138,2024-11-22,15,5,325,1,35,0.0,35.0,12,23.0
100138,2024-11-22,18,5,325,2,24,0.0,48.0,16,32.0
100138,2024-11-22,17,5,325,1,89,15.42,73.58,30,43.58
100139,2025-02-14,19,8,139,1,99,0.0,99.0,35,64.0
100139,2025-02-14,12,8,139,1,279,0.0,279.0,140,139.0
100140,2025-03-12,19,5,196,1,99,17.89,81.11,35,46.11
100141,2024-01-03,19,10,115,1,99,14.46,84.54,35,49.54
100142,2024-05-12,19,5,290,1,99,0.0,99.0,35,64.0
100142,2024-05-12,18,5,290,1,24,2.85,21.15,8,13.15
100143,2026-05-01,7,2,386,2,599,0.0,1198.0,520,678.0
100143,2026-05-01,4,2,386,2,399,0.0,798.0,420,378.0
100144,2024-01-02,16,2,372,1,39,0.0,39.0,15,24.0
100145,2025-06-13,12,4,61,1,279,0.0,279.0,140,139.0
100146,2025-05-25,1,10,38,2,999,0.0,1998.0,1240,758.0
100147,2024-12-15,17,1,368,2,89,27.36,150.64,60,90.64
100148,2025-03-28,6,2,271,1,249,0.0,249.0,120,129.0
100148,2025-03-28,12,2,271,1,279,0.0,279.0,140,139.0
100149,2026-02-12,9,6,250,1,79,0.0,79.0,25,54.0
100150,2026-04-11,9,9,158,1,79,16.22,62.78,25,37.78
100151,2024-10-18,10,6,309,1,149,0.0,149.0,60,89.0
100152,2024-12-08,3,10,257,1,649,137.32,511.68,350,161.68
100153,2024-10-01,17,5,153,1,89,0.0,89.0,30,59.0
100154,2025-05-16,18,1,101,1,24,0.0,24.0,8,16.0
100155,2025-11-24,14,9,333,1,49,0.0,49.0,18,31.0
100155,2025-11-24,9,9,333,2,79,0.0,158.0,50,108.0
100156,2024-09-17,18,2,75,1,24,0.0,24.0,8,16.0
100157,2024-12-14,14,3,73,2,49,0.0,98.0,36,62.0
100158,2026-06-29,19,5,239,1,99,0.0,99.0,35,64.0
100159,2024-03-02,2,3,292,2,799,0.0,1598.0,960,638.0
100160,2025-04-27,20,3,315,1,179,0.0,179.0,70,109.0
100161,2025-12-13,18,10,34,1,24,4.55,19.45,8,11.45
100162,2024-06-22,19,9,236,1,99,0.0,99.0,35,64.0
100162,2024-06-22,12,9,236,2,279,0.0,558.0,280,278.0
100163,2024-03-01,9,8,132,2,79,18.51,139.49,50,89.49
100164,2024-06-09,16,8,55,1,39,0.0,39.0,15,24.0
100165,2026-06-18,20,8,222,2,179,0.0,358.0,140,218.0
100166,2024-01-12,1,3,353,1,999,89.1,909.9,620,289.9
100167,2024-08-05,15,3,30,1,35,0.0,35.0,12,23.0
100167,2024-08-05,9,3,30,2,79,21.43,136.57,50,86.57
100168,2024-02-09,17,9,208,2,89,0.0,178.0,60,118.0
100169,2024-05-10,18,9,278,1,24,0.0,24.0,8,16.0
100170,2025-10-05,15,6,14,2,35,10.08,59.92,24,35.92
100170,2025-10-05,2,6,14,1,799,0.0,799.0,480,319.0
100171,2024-10-01,6,8,314,1,249,0.0,249.0,120,129.0
100171,2024-10-01,8,8,314,1,349,0.0,349.0,150,199.0
100172,2025-08-16,14,7,181,2,49,0.0,98.0,36,62.0
100173,2025-09-06,13,2,137,1,199,0.0,199.0,95,104.0
100174,2026-04-19,1,1,155,1,999,83.81,915.19,620,295.19
100174,2026-04-19,11,1,155,3,129,0.0,387.0,135,252.0
100175,2024-01-06,15,7,131,1,35,6.72,28.28,12,16.28
100175,2024-01-06,3,7,131,3,649,0.0,1947.0,1050,897.0
100176,2026-04-22,8,4,348,1,349,0.0,349.0,150,199.0
100177,2025-10-04,1,9,234,2,999,0.0,1998.0,1240,758.0
100177,2025-10-04,11,9,234,1,129,0.0,129.0,45,84.0
100178,2024-07-06,7,2,18,1,599,0.0,599.0,260,339.0
100179,2026-02-04,10,7,206,2,149,0.0,298.0,120,178.0
100180,2026-04-24,4,10,243,1,399,0.0,399.0,210,189.0
100180,2026-04-24,20,10,243,1,179,0.0,179.0,70,109.0
100181,2024-10-13,17,5,233,2,89,19.66,158.34,60,98.34
100182,2026-06-18,3,7,292,1,649,0.0,649.0,350,299.0
100183,2025-04-21,10,8,83,1,149,0.0,149.0,60,89.0
100184,2025-09-19,20,3,373,2,179,0.0,358.0,140,218.0
100185,2026-08-18,4,1,335,2,399,0.0,798.0,420,378.0
100186,2025-01-07,3,10,58,1,649,0.0,649.0,350,299.0
100187,2026-03-16,18,10,159,1,24,0.0,24.0,8,16.0
100188,2024-12-05,12,1,163,1,279,30.31,248.69,140,108.69
100189,2026-03-03,8,10,265,1,349,0.0,349.0,150,199.0
100190,2025-09-16,2,1,251,1,799,0.0,799.0,480,319.0
100190,2025-09-16,13,1,251,1,199,0.0,199.0,95,104.0
100191,2024-09-04,9,2,235,1,79,0.0,79.0,25,54.0
100192,2025-03-09,13,6,372,1,199,0.0,199.0,95,104.0
100193,2024-12-04,14,4,77,1,49,5.83,43.17,18,25.17
100194,2024-04-05,14,1,378,1,49,0.0,49.0,18,31.0
100194,2024-04-05,6,1,378,2,249,0.0,498.0,240,258.0
100195,2024-02-07,2,8,156,1,799,0.0,799.0,480,319.0
100195,2024-02-07,16,8,156,1,39,0.0,39.0,15,24.0
100196,2024-12-25,6,10,89,1,249,0.0,249.0,120,129.0
100196,2024-12-25,5,10,89,1,349,0.0,349.0,180,169.0
100197,2024-01-24,4,3,132,1,399,24.07,374.93,210,164.93
100197,2024-01-24,9,3,132,1,79,0.0,79.0,25,54.0
100198,2024-07-09,17,2,253,1,89,0.0,89.0,30,59.0
100199,2025-12-22,10,3,307,1,149,0.0,149.0,60,89.0
100200,2025-12-11,16,10,352,2,39,0.0,78.0,30,48.0
100201,2025-12-31,17,6,304,1,89,9.64,79.36,30,49.36
100202,2024-12-04,10,10,33,1,149,0.0,149.0,60,89.0
100203,2026-05-24,1,8,179,1,999,0.0,999.0,620,379.0
100204,2025-09-09,10,4,147,1,149,27.64,121.36,60,61.36
100205,2024-05-26,19,9,379,1,99,0.0,99.0,35,64.0
100206,2024-06-15,19,7,369,3,99,0.0,297.0,105,192.0
100207,2025-12-01,1,9,41,1,999,0.0,999.0,620,379.0
100208,2024-07-18,13,4,309,1,199,0.0,199.0,95,104.0
100208,2024-07-18,6,4,309,2,249,0.0,498.0,240,258.0
100209,2025-06-12,15,9,245,1,35,0.0,35.0,12,23.0
100210,2026-08-24,13,9,251,1,199,0.0,199.0,95,104.0
100211,2024-01-05,10,10,390,1,149,0.0,149.0,60,89.0
100212,2024-01-21,10,10,245,1,149,0.0,149.0,60,89.0
100212,2024-01-21,20,10,245,1,179,0.0,179.0,70,109.0
100212,2024-01-21,15,10,245,2,35,0.0,70.0,24,46.0
100213,2026-08-25,10,6,72,1,149,0.0,149.0,60,89.0
100213,2026-08-25,8,6,72,3,349,0.0,1047.0,450,597.0
100214,2025-08-31,11,2,207,2,129,0.0,258.0,90,168.0
100215,2024-05-27,18,6,101,2,24,0.0,48.0,16,32.0
100216,2026-05-30,10,3,283,1,149,0.0,149.0,60,89.0
100217,2026-05-16,6,4,355,1,249,47.88,201.12,120,81.12
100218,2025-07-12,20,1,176,1,179,0.0,179.0,70,109.0
100219,2025-10-06,12,8,240,1,279,0.0,279.0,140,139.0
100220,2024-10-31,15,4,46,2,35,0.0,70.0,24,46.0
100220,2024-10-31,1,4,46,1,999,0.0,999.0,620,379.0
100221,2024-03-04,3,8,135,1,649,0.0,649.0,350,299.0
100221,2024-03-04,17,8,135,1,89,0.0,89.0,30,59.0
100221,2024-03-04,9,8,135,1,79,0.0,79.0,25,54.0
100222,2025-09-10,19,6,273,1,99,0.0,99.0,35,64.0
100222,2025-09-10,9,6,273,2,79,0.0,158.0,50,108.0
100222,2025-09-10,10,6,273,2,149,0.0,298.0,120,178.0
100223,2024-11-17,8,1,385,2,349,0.0,698.0,300,398.0
100223,2024-11-17,16,1,385,1,39,0.0,39.0,15,24.0
100224,2025-11-10,19,10,103,1,99,0.0,99.0,35,64.0
100225,2026-04-07,20,9,191,1,179,0.0,179.0,70,109.0
100226,2024-01-23,17,7,224,2,89,0.0,178.0,60,118.0
100227,2025-09-11,3,3,269,1,649,0.0,649.0,350,299.0
100228,2024-09-20,15,4,368,1,35,0.0,35.0,12,23.0
100229,2026-05-10,8,1,19,1,349,0.0,349.0,150,199.0
100229,2026-05-10,6,1,19,1,249,0.0,249.0,120,129.0
100230,2024-10-12,13,5,116,3,199,133.95,463.05,285,178.05
100230,2024-10-12,8,5,116,1,349,0.0,349.0,150,199.0
100231,2025-09-26,11,1,338,1,129,0.0,129.0,45,84.0
100232,2025-07-31,4,8,281,1,399,0.0,399.0,210,189.0
100233,2025-02-17,11,8,201,1,129,0.0,129.0,45,84.0
100233,2025-02-17,18,8,201,1,24,0.0,24.0,8,16.0
100233,2025-02-17,10,8,201,1,149,0.0,149.0,60,89.0
100234,2025-11-20,4,8,212,1,399,0.0,399.0,210,189.0
100235,2025-12-23,13,8,358,2,199,83.56,314.44,190,124.44
100236,2025-08-13,8,5,25,1,349,0.0,349.0,150,199.0
100237,2026-01-20,14,5,115,1,49,0.0,49.0,18,31.0
100238,2026-08-17,14,5,387,2,49,0.0,98.0,36,62.0
100239,2025-03-15,20,1,64,1,179,0.0,179.0,70,109.0
100240,2025-06-19,16,1,388,1,39,0.0,39.0,15,24.0
100241,2024-01-16,16,10,141,2,39,0.0,78.0,30,48.0
100242,2026-02-28,16,5,25,1,39,0.0,39.0,15,24.0
100242,2026-02-28,4,5,25,1,399,74.44,324.56,210,114.56
100243,2025-06-25,3,1,93,1,649,51.44,597.56,350,247.56
100244,2025-03-03,5,8,328,1,349,0.0,349.0,180,169.0
100245,2024-04-23,16,2,126,1,39,0.0,39.0,15,24.0
100245,2024-04-23,6,2,126,2,249,0.0,498.0,240,258.0
100246,2026-05-24,18,1,15,1,24,0.0,24.0,8,16.0
100247,2025-02-15,17,8,369,2,89,0.0,178.0,60,118.0
100248,2025-11-23,15,5,333,2,35,0.0,70.0,24,46.0
100249,2024-06-21,13,1,194,2,199,51.55,346.45,190,156.45
100250,2026-07-28,12,6,215,1,279,50.82,228.18,140,88.18
100250,2026-07-28,5,6,215,1,349,0.0,349.0,180,169.0
100251,2024-07-24,4,1,102,1,399,78.64,320.36,210,110.36
100252,2024-08-17,4,8,355,1,399,0.0,399.0,210,189.0
100253,2026-04-27,17,7,303,1,89,0.0,89.0,30,59.0
100254,2026-06-13,7,4,146,1,599,0.0,599.0,260,339.0
100254,2026-06-13,2,4,146,1,799,0.0,799.0,480,319.0
100255,2024-08-31,17,4,149,1,89,8.87,80.13,30,50.13
100255,2024-08-31,13,4,149,1,199,0.0,199.0,95,104.0
100256,2025-05-06,2,8,99,3,799,515.71,1881.29,1440,441.29
100257,2025-12-28,9,7,366,1,79,16.47,62.53,25,37.53
100257,2025-12-28,1,7,366,1,999,0.0,999.0,620,379.0
100258,2026-05-14,10,9,62,1,149,0.0,149.0,60,89.0
100259,2025-01-27,10,6,230,2,149,0.0,298.0,120,178.0
100260,2025-06-22,2,5,320,1,799,0.0,799.0,480,319.0
100261,2026-01-03,12,3,287,2,279,0.0,558.0,280,278.0
100262,2025-12-26,3,1,144,1,649,0.0,649.0,350,299.0
100263,2026-02-14,7,2,129,1,599,0.0,599.0,260,339.0
100264,2025-08-16,8,1,360,1,349,45.89,303.11,150,153.11
100265,2024-05-04,13,1,101,1,199,44.29,154.71,95,59.71
100266,2026-06-05,19,10,316,1,99,0.0,99.0,35,64.0
100267,2026-05-03,4,4,341,1,399,0.0,399.0,210,189.0
100267,2026-05-03,14,4,341,1,49,0.0,49.0,18,31.0
100268,2026-03-02,10,7,95,2,149,0.0,298.0,120,178.0
100268,2026-03-02,9,7,95,2,79,0.0,158.0,50,108.0
100269,2024-04-29,1,10,230,1,999,0.0,999.0,620,379.0
100270,2024-08-22,4,6,178,1,399,0.0,399.0,210,189.0
100271,2026-01-05,14,1,75,1,49,0.0,49.0,18,31.0
100272,2024-01-29,18,6,203,1,24,0.0,24.0,8,16.0
100273,2026-08-13,17,1,161,3,89,0.0,267.0,90,177.0
100274,2025-01-25,3,5,387,1,649,0.0,649.0,350,299.0
100274,2025-01-25,8,5,387,1,349,0.0,349.0,150,199.0
100274,2025-01-25,4,5,387,1,399,0.0,399.0,210,189.0
100275,2025-12-18,14,2,109,1,49,0.0,49.0,18,31.0
100276,2026-05-22,20,5,125,1,179,0.0,179.0,70,109.0
100277,2025-02-15,10,2,17,1,149,0.0,149.0,60,89.0
100278,2024-12-05,3,2,315,1,649,0.0,649.0,350,299.0
100278,2024-12-05,18,2,315,1,24,0.0,24.0,8,16.0
100279,2025-09-24,16,2,76,2,39,0.0,78.0,30,48.0
100279,2025-09-24,10,2,76,1,149,36.06,112.94,60,52.94
100280,2025-08-28,18,1,49,1,24,0.0,24.0,8,16.0
100281,2025-03-04,4,7,199,1,399,0.0,399.0,210,189.0
100282,2025-09-17,3,3,132,1,649,0.0,649.0,350,299.0
100283,2026-07-03,10,4,167,1,149,0.0,149.0,60,89.0
100284,2025-05-04,16,8,364,1,39,0.0,39.0,15,24.0
100284,2025-05-04,6,8,364,2,249,0.0,498.0,240,258.0
100285,2024-08-14,13,2,376,1,199,0.0,199.0,95,104.0
100286,2025-01-25,4,6,31,1,399,85.36,313.64,210,103.64
100287,2025-02-14,15,10,96,2,35,0.0,70.0,24,46.0
100288,2024-06-01,19,10,395,1,99,6.48,92.52,35,57.52
100288,2024-06-01,14,10,395,1,49,0.0,49.0,18,31.0
100289,2024-07-06,18,1,285,1,24,4.66,19.34,8,11.34
100290,2025-11-25,10,6,268,1,149,0.0,149.0,60,89.0
100290,2025-11-25,11,6,268,2,129,27.03,230.97,90,140.97
100291,2024-12-20,6,1,165,1,249,0.0,249.0,120,129.0
100292,2026-07-22,11,8,186,2,129,0.0,258.0,90,168.0
100293,2024-10-03,15,1,249,1,35,0.0,35.0,12,23.0
100294,2024-04-28,1,10,269,1,999,0.0,999.0,620,379.0
100295,2026-01-15,18,3,273,1,24,0.0,24.0,8,16.0
100296,2026-05-16,16,9,125,1,39,0.0,39.0,15,24.0
100297,2024-11-04,2,1,103,1,799,176.92,622.08,480,142.08
100298,2024-08-20,12,9,223,1,279,0.0,279.0,140,139.0
100298,2024-08-20,10,9,223,1,149,0.0,149.0,60,89.0
100299,2024-08-02,1,10,190,1,999,83.97,915.03,620,295.03
100299,2024-08-02,5,10,190,1,349,0.0,349.0,180,169.0
100299,2024-08-02,15,10,190,1,35,0.0,35.0,12,23.0
100300,2025-06-27,11,4,308,1,129,0.0,129.0,45,84.0
100301,2025-05-05,7,10,91,1,599,132.96,466.04,260,206.04
100302,2024-10-18,20,3,123,1,179,18.46,160.54,70,90.54
100303,2024-02-27,9,10,238,1,79,0.0,79.0,25,54.0
100304,2025-05-17,18,1,391,1,24,0.0,24.0,8,16.0
100305,2026-07-26,14,1,93,1,49,0.0,49.0,18,31.0
100305,2026-07-26,19,1,93,1,99,19.35,79.65,35,44.65
100306,2025-11-02,10,3,208,1,149,0.0,149.0,60,89.0
100307,2025-05-31,7,9,261,2,599,0.0,1198.0,520,678.0
100307,2025-05-31,1,9,261,1,999,0.0,999.0,620,379.0
100308,2024-05-10,14,3,103,1,49,0.0,49.0,18,31.0
100309,2024-10-11,15,1,375,1,35,0.0,35.0,12,23.0
100310,2024-11-17,11,8,373,1,129,10.41,118.59,45,73.59
100310,2024-11-17,6,8,373,1,249,0.0,249.0,120,129.0
100310,2024-11-17,17,8,373,1,89,0.0,89.0,30,59.0
100311,2026-01-26,20,9,80,1,179,0.0,179.0,70,109.0
100312,2026-05-13,19,1,274,1,99,0.0,99.0,35,64.0
100312,2026-05-13,7,1,274,1,599,0.0,599.0,260,339.0
100313,2026-06-03,18,4,375,3,24,0.0,72.0,24,48.0
100314,2026-08-18,5,1,324,1,349,0.0,349.0,180,169.0
100315,2026-08-16,19,8,252,1,99,0.0,99.0,35,64.0
100315,2026-08-16,8,8,252,1,349,76.7,272.3,150,122.3
100316,2026-07-20,20,3,392,1,179,31.8,147.2,70,77.2
100317,2024-03-29,1,1,147,1,999,0.0,999.0,620,379.0
100318,2024-06-08,18,9,33,1,24,0.0,24.0,8,16.0
100319,2024-11-24,5,3,237,2,349,104.08,593.92,360,233.92
100320,2025-07-30,7,9,78,1,599,0.0,599.0,260,339.0
100321,2024-04-26,14,8,240,1,49,0.0,49.0,18,31.0
100322,2026-04-15,11,6,295,2,129,0.0,258.0,90,168.0
100323,2025-10-02,11,10,151,1,129,0.0,129.0,45,84.0
100323,2025-10-02,14,10,151,1,49,0.0,49.0,18,31.0
100324,2025-07-19,7,4,137,2,599,0.0,1198.0,520,678.0
100325,2024-07-09,12,6,87,1,279,0.0,279.0,140,139.0
100326,2024-10-12,3,7,266,3,649,0.0,1947.0,1050,897.0
100327,2024-07-03,8,3,346,1,349,0.0,349.0,150,199.0
100328,2026-04-21,9,10,130,1,79,0.0,79.0,25,54.0
100328,2026-04-21,12,10,130,1,279,0.0,279.0,140,139.0
100329,2025-08-31,6,2,153,2,249,0.0,498.0,240,258.0
100330,2025-12-29,10,4,379,2,149,0.0,298.0,120,178.0
100331,2024-11-18,8,9,386,1,349,0.0,349.0,150,199.0
100331,2024-11-18,4,9,386,1,399,0.0,399.0,210,189.0
100332,2025-01-18,7,3,76,2,599,0.0,1198.0,520,678.0
100333,2025-02-27,17,9,121,1,89,0.0,89.0,30,59.0
100334,2026-01-22,3,6,17,1,649,0.0,649.0,350,299.0
100335,2026-02-03,14,5,313,1,49,3.38,45.62,18,27.62
100336,2024-08-25,18,9,341,1,24,0.0,24.0,8,16.0
100337,2026-07-09,2,10,20,1,799,0.0,799.0,480,319.0
100338,2024-05-21,2,1,301,1,799,0.0,799.0,480,319.0
100339,2026-05-29,20,2,200,3,179,116.69,420.31,210,210.31
100339,2026-05-29,17,2,200,2,89,0.0,178.0,60,118.0
100340,2024-04-30,14,4,78,1,49,0.0,49.0,18,31.0
100340,2024-04-30,2,4,78,1,799,0.0,799.0,480,319.0
100341,2024-10-22,12,3,64,2,279,0.0,558.0,280,278.0
100341,2024-10-22,3,3,64,1,649,0.0,649.0,350,299.0
100342,2026-04-16,14,8,305,2,49,0.0,98.0,36,62.0
100343,2024-07-25,9,7,292,1,79,6.29,72.71,25,47.71
100344,2025-03-09,12,1,177,1,279,0.0,279.0,140,139.0
100344,2025-03-09,1,1,177,1,999,0.0,999.0,620,379.0
100345,2025-04-16,5,7,195,1,349,41.57,307.43,180,127.43
100346,2024-10-04,1,10,307,1,999,0.0,999.0,620,379.0
100347,2025-12-12,1,7,141,1,999,204.37,794.63,620,174.63
100348,2026-04-20,13,8,399,1,199,0.0,199.0,95,104.0
100349,2026-05-11,10,8,138,1,149,0.0,149.0,60,89.0
100350,2024-12-20,9,8,354,1,79,0.0,79.0,25,54.0
100351,2025-07-06,13,8,284,1,199,0.0,199.0,95,104.0
100352,2024-10-07,9,10,344,3,79,0.0,237.0,75,162.0
100352,2024-10-07,18,10,344,1,24,0.0,24.0,8,16.0
100353,2024-10-04,10,1,385,2,149,0.0,298.0,120,178.0
100354,2024-07-04,15,7,29,1,35,0.0,35.0,12,23.0
100354,2024-07-04,14,7,29,1,49,3.69,45.31,18,27.31
100355,2026-07-08,9,7,36,1,79,0.0,79.0,25,54.0
100356,2026-05-22,13,10,36,1,199,0.0,199.0,95,104.0
100357,2026-02-08,9,7,252,1,79,0.0,79.0,25,54.0
100357,2026-02-08,11,7,252,1,129,0.0,129.0,45,84.0
100358,2025-06-23,6,2,131,1,249,0.0,249.0,120,129.0
100359,2025-05-26,5,4,320,1,349,0.0,349.0,180,169.0
100360,2025-07-05,20,10,393,2,179,0.0,358.0,140,218.0
100361,2025-07-12,8,7,333,2,349,0.0,698.0,300,398.0
100362,2025-03-31,13,1,90,1,199,30.28,168.72,95,73.72
100363,2024-06-02,1,9,73,1,999,0.0,999.0,620,379.0
100364,2024-05-26,12,9,174,2,279,0.0,558.0,280,278.0
100365,2026-07-19,3,10,324,2,649,191.2,1106.8,700,406.8
100366,2025-05-18,16,7,218,1,39,0.0,39.0,15,24.0
100367,2026-07-20,8,3,358,2,349,93.99,604.01,300,304.01
100368,2024-07-07,6,3,396,1,249,0.0,249.0,120,129.0
100369,2025-08-01,12,4,1,2,279,0.0,558.0,280,278.0
100369,2025-08-01,7,4,1,1,599,0.0,599.0,260,339.0
100370,2024-08-26,13,9,251,1,199,0.0,199.0,95,104.0
100370,2024-08-26,17,9,251,1,89,0.0,89.0,30,59.0
100371,2024-10-12,16,2,398,1,39,0.0,39.0,15,24.0
100371,2024-10-12,7,2,398,2,599,0.0,1198.0,520,678.0
100372,2024-02-07,13,2,190,2,199,0.0,398.0,190,208.0
100373,2024-05-19,7,10,195,1,599,0.0,599.0,260,339.0
100373,2024-05-19,16,10,195,1,39,0.0,39.0,15,24.0
100374,2026-06-16,3,7,152,1,649,0.0,649.0,350,299.0
100375,2024-12-07,9,10,362,1,79,0.0,79.0,25,54.0
100376,2025-09-23,2,7,227,2,799,0.0,1598.0,960,638.0
100376,2025-09-23,15,7,227,1,35,0.0,35.0,12,23.0
100377,2025-05-01,9,3,198,1,79,0.0,79.0,25,54.0
100377,2025-05-01,5,3,198,1,349,0.0,349.0,180,169.0
100378,2025-02-22,1,3,260,1,999,0.0,999.0,620,379.0
100378,2025-02-22,18,3,260,1,24,0.0,24.0,8,16.0
100379,2025-07-07,11,10,269,1,129,0.0,129.0,45,84.0
100380,2024-08-03,7,2,222,1,599,0.0,599.0,260,339.0
100381,2026-08-21,14,8,323,2,49,0.0,98.0,36,62.0
100381,2026-08-21,18,8,323,1,24,0.0,24.0,8,16.0
100382,2026-03-21,17,4,157,1,89,0.0,89.0,30,59.0
100383,2026-01-03,20,1,111,1,179,0.0,179.0,70,109.0
100384,2025-05-05,16,10,33,1,39,0.0,39.0,15,24.0
100385,2024-06-25,2,10,227,1,799,199.59,599.41,480,119.41
100386,2026-06-20,20,7,374,1,179,0.0,179.0,70,109.0
100386,2026-06-20,5,7,374,1,349,0.0,349.0,180,169.0
100387,2024-12-21,10,10,88,1,149,0.0,149.0,60,89.0
100388,2024-03-04,16,7,172,1,39,0.0,39.0,15,24.0
100389,2024-12-22,11,6,118,1,129,27.19,101.81,45,56.81
100389,2024-12-22,15,6,118,2,35,5.2,64.8,24,40.8
100390,2026-02-27,8,7,300,1,349,0.0,349.0,150,199.0
100390,2026-02-27,13,7,300,1,199,27.42,171.58,95,76.58
100391,2025-10-07,7,6,82,1,599,0.0,599.0,260,339.0
100391,2025-10-07,16,6,82,1,39,0.0,39.0,15,24.0
100392,2026-01-12,5,9,47,1,349,0.0,349.0,180,169.0
100392,2026-01-12,7,9,47,1,599,0.0,599.0,260,339.0
100393,2026-02-26,17,2,205,1,89,0.0,89.0,30,59.0
100393,2026-02-26,7,2,205,1,599,0.0,599.0,260,339.0
100394,2024-08-31,19,4,199,2,99,0.0,198.0,70,128.0
100395,2026-06-23,16,10,67,1,39,0.0,39.0,15,24.0
100396,2025-04-04,11,7,48,1,129,0.0,129.0,45,84.0
100397,2025-10-21,8,6,83,1,349,77.87,271.13,150,121.13
100398,2024-01-03,9,2,389,1,79,0.0,79.0,25,54.0
100399,2026-08-26,14,7,29,1,49,0.0,49.0,18,31.0
100400,2024-11-06,9,5,80,1,79,13.93,65.07,25,40.07
100401,2024-03-18,15,4,132,1,35,0.0,35.0,12,23.0
100402,2025-04-25,4,8,118,2,399,0.0,798.0,420,378.0
100403,2024-05-30,18,3,60,2,24,0.0,48.0,16,32.0
100403,2024-05-30,13,3,60,1,199,0.0,199.0,95,104.0
100404,2024-06-24,15,10,71,2,35,0.0,70.0,24,46.0
100404,2024-06-24,10,10,71,2,149,0.0,298.0,120,178.0
100405,2025-10-15,4,10,22,1,399,52.58,346.42,210,136.42
100406,2025-02-13,20,2,81,2,179,0.0,358.0,140,218.0
100406,2025-02-13,11,2,81,1,129,0.0,129.0,45,84.0
100407,2026-06-21,15,9,17,1,35,0.0,35.0,12,23.0
100408,2024-12-05,4,7,371,1,399,26.42,372.58,210,162.58
100409,2025-12-23,6,10,252,1,249,0.0,249.0,120,129.0
100410,2025-04-27,11,3,102,1,129,0.0,129.0,45,84.0
100410,2025-04-27,4,3,102,2,399,0.0,798.0,420,378.0
100411,2025-11-07,17,3,43,2,89,0.0,178.0,60,118.0
100412,2025-09-15,1,4,57,1,999,73.1,925.9,620,305.9
100413,2025-05-09,2,2,229,1,799,0.0,799.0,480,319.0
100414,2026-07-17,6,2,273,1,249,0.0,249.0,120,129.0
100415,2024-12-22,12,8,138,1,279,0.0,279.0,140,139.0
100415,2024-12-22,10,8,138,1,149,17.34,131.66,60,71.66
100416,2024-07-23,2,9,182,1,799,0.0,799.0,480,319.0
100417,2025-11-20,9,1,307,1,79,0.0,79.0,25,54.0
100418,2026-04-16,11,8,136,1,129,0.0,129.0,45,84.0
100419,2024-02-20,1,2,191,1,999,0.0,999.0,620,379.0
100420,2025-04-16,19,6,281,1,99,23.11,75.89,35,40.89
100421,2026-05-26,5,8,281,2,349,0.0,698.0,360,338.0
100421,2026-05-26,19,8,281,1,99,0.0,99.0,35,64.0
100422,2026-01-11,11,10,143,1,129,0.0,129.0,45,84.0
100422,2026-01-11,7,10,143,1,599,45.05,553.95,260,293.95
100423,2026-08-24,1,1,87,1,999,112.3,886.7,620,266.7
100423,2026-08-24,9,1,87,2,79,0.0,158.0,50,108.0
100424,2025-07-07,5,5,158,1,349,52.86,296.14,180,116.14
100425,2025-11-07,3,1,22,2,649,137.16,1160.84,700,460.84
100426,2024-11-23,9,8,159,2,79,0.0,158.0,50,108.0
100427,2026-07-15,1,7,326,2,999,0.0,1998.0,1240,758.0
100428,2025-01-13,5,7,58,1,349,0.0,349.0,180,169.0
100429,2025-12-31,14,4,150,1,49,0.0,49.0,18,31.0
100429,2025-12-31,2,4,150,1,799,0.0,799.0,480,319.0
100430,2025-02-25,3,1,165,1,649,0.0,649.0,350,299.0
100430,2025-02-25,4,1,165,1,399,0.0,399.0,210,189.0
100430,2025-02-25,9,1,165,1,79,0.0,79.0,25,54.0
100431,2025-08-08,7,7,254,1,599,0.0,599.0,260,339.0
100431,2025-08-08,8,7,254,1,349,0.0,349.0,150,199.0
100432,2025-12-19,11,9,305,1,129,0.0,129.0,45,84.0
100433,2025-06-14,3,5,7,1,649,0.0,649.0,350,299.0
100434,2026-06-08,3,7,322,1,649,0.0,649.0,350,299.0
100435,2025-03-15,14,7,142,1,49,7.25,41.75,18,23.75
100436,2025-10-28,15,6,287,1,35,0.0,35.0,12,23.0
100437,2024-12-22,17,1,247,1,89,7.22,81.78,30,51.78
100437,2024-12-22,12,1,247,2,279,125.45,432.55,280,152.55
100438,2025-03-03,13,5,311,1,199,0.0,199.0,95,104.0
100439,2025-04-06,18,3,368,1,24,0.0,24.0,8,16.0
100439,2025-04-06,7,3,368,1,599,0.0,599.0,260,339.0
100440,2024-05-26,5,10,143,1,349,0.0,349.0,180,169.0
100440,2024-05-26,15,10,143,1,35,0.0,35.0,12,23.0
100440,2024-05-26,17,10,143,1,89,0.0,89.0,30,59.0
100441,2024-04-20,18,1,222,2,24,0.0,48.0,16,32.0
100442,2025-11-12,20,5,14,1,179,0.0,179.0,70,109.0
100442,2025-11-12,15,5,14,1,35,0.0,35.0,12,23.0
100443,2025-11-04,7,8,237,2,599,77.12,1120.88,520,600.88
100443,2025-11-04,8,8,237,1,349,43.6,305.4,150,155.4
100444,2025-11-09,14,7,258,2,49,0.0,98.0,36,62.0
100445,2024-01-25,15,10,352,1,35,0.0,35.0,12,23.0
100446,2024-12-10,14,7,325,2,49,0.0,98.0,36,62.0
100447,2024-08-15,19,7,374,1,99,0.0,99.0,35,64.0
100447,2024-08-15,11,7,374,1,129,0.0,129.0,45,84.0
100448,2026-02-09,1,6,46,1,999,179.93,819.07,620,199.07
100449,2026-04-29,2,10,240,2,799,391.27,1206.73,960,246.73
100449,2026-04-29,9,10,240,1,79,0.0,79.0,25,54.0
100450,2024-10-05,11,1,322,1,129,0.0,129.0,45,84.0
100451,2025-11-13,5,5,320,1,349,64.01,284.99,180,104.99
100452,2024-05-30,9,9,351,1,79,0.0,79.0,25,54.0
100453,2024-11-01,11,8,285,2,129,33.63,224.37,90,134.37
100454,2024-06-09,20,2,37,1,179,39.13,139.87,70,69.87
100454,2024-06-09,16,2,37,2,39,0.0,78.0,30,48.0
100455,2024-11-08,5,3,303,1,349,32.53,316.47,180,136.47
100456,2025-11-18,14,7,150,1,49,0.0,49.0,18,31.0
100457,2026-06-11,19,5,191,2,99,0.0,198.0,70,128.0
100457,2026-06-11,16,5,191,1,39,0.0,39.0,15,24.0
100457,2026-06-11,13,5,191,1,199,0.0,199.0,95,104.0
100458,2024-08-20,6,1,392,1,249,0.0,249.0,120,129.0
100459,2025-07-18,10,10,26,1,149,0.0,149.0,60,89.0
100460,2025-12-06,2,8,166,1,799,0.0,799.0,480,319.0
100461,2026-07-20,15,1,248,1,35,0.0,35.0,12,23.0
100462,2025-09-25,5,1,371,1,349,0.0,349.0,180,169.0
100463,2024-10-13,11,8,387,1,129,11.68,117.32,45,72.32
100464,2025-10-09,19,6,203,1,99,0.0,99.0,35,64.0
100465,2024-12-06,1,8,177,1,999,85.98,913.02,620,293.02
100466,2026-08-10,10,4,21,1,149,0.0,149.0,60,89.0
100467,2025-02-21,18,6,82,1,24,0.0,24.0,8,16.0
100468,2025-11-25,11,1,201,1,129,0.0,129.0,45,84.0
100469,2024-01-29,14,2,162,1,49,0.0,49.0,18,31.0
100469,2024-01-29,2,2,162,1,799,0.0,799.0,480,319.0
100470,2025-02-21,7,5,370,1,599,0.0,599.0,260,339.0
100470,2025-02-21,2,5,370,1,799,0.0,799.0,480,319.0
100471,2026-05-11,11,10,264,1,129,0.0,129.0,45,84.0
100471,2026-05-11,7,10,264,3,599,0.0,1797.0,780,1017.0
100472,2025-09-25,13,10,380,1,199,0.0,199.0,95,104.0
100473,2025-04-10,20,5,62,1,179,0.0,179.0,70,109.0
100474,2026-07-04,13,2,38,2,199,0.0,398.0,190,208.0
100475,2026-04-23,10,1,168,1,149,0.0,149.0,60,89.0
100476,2024-12-07,16,10,130,1,39,0.0,39.0,15,24.0
100477,2025-07-21,9,10,343,1,79,0.0,79.0,25,54.0
100477,2025-07-21,12,10,343,2,279,0.0,558.0,280,278.0
100478,2025-05-25,16,2,372,1,39,0.0,39.0,15,24.0
100479,2025-10-15,14,9,217,1,49,9.34,39.66,18,21.66
100480,2024-12-16,12,9,45,1,279,68.85,210.15,140,70.15
100481,2024-10-03,15,9,161,2,35,0.0,70.0,24,46.0
100481,2024-10-03,7,9,161,1,599,0.0,599.0,260,339.0
100482,2026-06-13,7,8,284,1,599,0.0,599.0,260,339.0
100483,2026-06-23,14,1,230,1,49,0.0,49.0,18,31.0
100484,2026-04-13,12,6,258,1,279,0.0,279.0,140,139.0
100485,2026-08-12,18,5,286,1,24,0.0,24.0,8,16.0
100486,2026-01-07,3,5,81,2,649,237.6,1060.4,700,360.4
100487,2026-01-26,4,5,69,1,399,0.0,399.0,210,189.0
100488,2026-01-24,7,10,236,1,599,0.0,599.0,260,339.0
100489,2025-05-16,2,5,89,1,799,0.0,799.0,480,319.0
100490,2025-04-23,7,3,206,1,599,0.0,599.0,260,339.0
100490,2025-04-23,18,3,206,1,24,4.35,19.65,8,11.65
100491,2024-09-29,20,6,268,1,179,14.06,164.94,70,94.94
100492,2025-10-26,15,5,257,1,35,6.24,28.76,12,16.76
100493,2024-11-12,19,6,96,1,99,0.0,99.0,35,64.0
100494,2024-10-16,15,8,134,1,35,0.0,35.0,12,23.0
100494,2024-10-16,18,8,134,1,24,0.0,24.0,8,16.0
100495,2025-09-02,17,4,86,1,89,0.0,89.0,30,59.0
100496,2025-03-05,14,3,77,1,49,0.0,49.0,18,31.0
100497,2024-09-07,6,2,324,1,249,0.0,249.0,120,129.0
100498,2026-03-19,6,3,329,1,249,60.91,188.09,120,68.09
100499,2026-04-29,18,2,164,1,24,0.0,24.0,8,16.0
100500,2024-07-12,2,10,233,1,799,0.0,799.0,480,319.0
100501,2024-01-10,6,10,265,1,249,0.0,249.0,120,129.0
100501,2024-01-10,3,10,265,2,649,0.0,1298.0,700,598.0
100502,2024-12-17,17,7,343,1,89,0.0,89.0,30,59.0
100503,2026-03-02,7,5,65,2,599,197.5,1000.5,520,480.5
100504,2026-04-10,16,10,36,1,39,0.0,39.0,15,24.0
100505,2024-06-09,17,4,178,1,89,0.0,89.0,30,59.0
100506,2026-02-05,20,5,224,1,179,0.0,179.0,70,109.0
100506,2026-02-05,3,5,224,1,649,0.0,649.0,350,299.0
100507,2024-05-16,1,8,100,1,999,115.99,883.01,620,263.01
100508,2025-02-09,16,5,251,1,39,0.0,39.0,15,24.0
100509,2026-08-30,12,6,398,1,279,0.0,279.0,140,139.0
100510,2024-08-09,6,9,14,1,249,0.0,249.0,120,129.0
100510,2024-08-09,5,9,14,1,349,0.0,349.0,180,169.0
100511,2024-06-26,1,10,3,1,999,0.0,999.0,620,379.0
100512,2025-03-19,13,7,213,1,199,0.0,199.0,95,104.0
100512,2025-03-19,2,7,213,2,799,0.0,1598.0,960,638.0
100513,2025-10-04,14,3,224,1,49,0.0,49.0,18,31.0
100513,2025-10-04,2,3,224,1,799,0.0,799.0,480,319.0
100514,2026-07-01,11,9,308,1,129,23.03,105.97,45,60.97
100514,2026-07-01,6,9,308,1,249,0.0,249.0,120,129.0
100514,2026-07-01,18,9,308,2,24,0.0,48.0,16,32.0
100515,2026-08-14,8,2,190,1,349,0.0,349.0,150,199.0
100515,2026-08-14,15,2,190,1,35,8.29,26.71,12,14.71
100516,2024-03-26,20,6,95,1,179,0.0,179.0,70,109.0
100517,2024-06-08,4,2,205,1,399,0.0,399.0,210,189.0
100517,2024-06-08,10,2,205,1,149,0.0,149.0,60,89.0
100518,2026-02-23,5,10,397,2,349,0.0,698.0,360,338.0
100518,2026-02-23,3,10,397,1,649,134.4,514.6,350,164.6
100519,2024-10-28,18,6,359,1,24,0.0,24.0,8,16.0
100520,2026-05-19,6,10,37,1,249,0.0,249.0,120,129.0
100521,2025-11-10,3,10,79,1,649,0.0,649.0,350,299.0
100522,2024-05-12,16,4,336,1,39,0.0,39.0,15,24.0
100523,2026-04-04,14,1,183,1,49,0.0,49.0,18,31.0
100524,2024-07-22,9,9,18,2,79,0.0,158.0,50,108.0
100524,2024-07-22,7,9,18,1,599,0.0,599.0,260,339.0
100525,2025-03-19,13,1,80,1,199,0.0,199.0,95,104.0
100526,2025-07-29,8,9,164,1,349,0.0,349.0,150,199.0
100527,2025-06-05,3,10,314,2,649,0.0,1298.0,700,598.0
100527,2025-06-05,20,10,314,1,179,27.12,151.88,70,81.88
100528,2025-11-26,19,3,361,1,99,0.0,99.0,35,64.0
100529,2025-11-02,6,9,359,1,249,0.0,249.0,120,129.0
100530,2026-08-24,4,2,77,1,399,0.0,399.0,210,189.0
100530,2026-08-24,15,2,77,1,35,5.93,29.07,12,17.07
100531,2026-08-31,10,6,146,1,149,0.0,149.0,60,89.0
100532,2025-06-21,7,4,141,2,599,0.0,1198.0,520,678.0
100533,2024-04-24,13,5,89,2,199,0.0,398.0,190,208.0
100534,2025-12-24,11,3,310,1,129,0.0,129.0,45,84.0
100535,2026-08-11,5,2,219,1,349,0.0,349.0,180,169.0
100536,2024-12-05,9,3,151,3,79,0.0,237.0,75,162.0
100537,2025-04-28,16,7,95,2,39,0.0,78.0,30,48.0
100538,2025-03-21,8,7,118,1,349,45.02,303.98,150,153.98
100538,2025-03-21,4,7,118,2,399,0.0,798.0,420,378.0
100539,2024-03-05,14,1,349,1,49,10.34,38.66,18,20.66
100540,2025-11-16,15,1,104,1,35,0.0,35.0,12,23.0
100541,2024-12-30,1,10,313,1,999,144.68,854.32,620,234.32
100542,2026-02-19,4,4,63,2,399,0.0,798.0,420,378.0
100543,2026-04-03,16,4,165,1,39,0.0,39.0,15,24.0
100543,2026-04-03,14,4,165,2,49,0.0,98.0,36,62.0
100544,2026-03-24,12,7,200,1,279,0.0,279.0,140,139.0
100545,2025-03-12,13,5,382,3,199,0.0,597.0,285,312.0
100546,2024-12-07,14,2,348,1,49,0.0,49.0,18,31.0
100547,2026-01-10,9,10,300,1,79,5.66,73.34,25,48.34
100548,2026-03-05,10,4,53,1,149,0.0,149.0,60,89.0
100549,2025-05-27,3,4,288,1,649,122.84,526.16,350,176.16
100550,2026-05-26,2,7,336,3,799,0.0,2397.0,1440,957.0
100550,2026-05-26,13,7,336,1,199,0.0,199.0,95,104.0
100551,2024-06-15,12,9,181,1,279,60.31,218.69,140,78.69
100551,2024-06-15,1,9,181,1,999,0.0,999.0,620,379.0
100551,2024-06-15,13,9,181,1,199,0.0,199.0,95,104.0
100552,2026-05-15,9,6,337,1,79,0.0,79.0,25,54.0
100553,2024-04-25,20,7,217,1,179,0.0,179.0,70,109.0
100553,2024-04-25,19,7,217,2,99,34.66,163.34,70,93.34
100554,2024-06-26,12,2,296,1,279,62.32,216.68,140,76.68
100555,2025-07-09,15,9,373,3,35,0.0,105.0,36,69.0
100556,2024-03-24,13,3,301,1,199,0.0,199.0,95,104.0
100557,2024-03-07,18,2,306,2,24,0.0,48.0,16,32.0
100558,2024-01-01,16,6,139,1,39,0.0,39.0,15,24.0
100559,2025-04-02,16,2,213,1,39,3.26,35.74,15,20.74
100560,2026-02-06,8,8,59,1,349,0.0,349.0,150,199.0
100561,2024-02-13,3,9,266,1,649,39.27,609.73,350,259.73
100562,2025-11-02,17,1,198,1,89,0.0,89.0,30,59.0
100563,2026-03-26,4,7,294,1,399,0.0,399.0,210,189.0
100564,2024-07-12,4,10,400,1,399,0.0,399.0,210,189.0
100564,2024-07-12,18,10,400,1,24,0.0,24.0,8,16.0
100565,2024-06-18,4,4,381,2,399,73.16,724.84,420,304.84
100565,2024-06-18,10,4,381,1,149,0.0,149.0,60,89.0
100566,2026-04-29,4,1,342,1,399,96.87,302.13,210,92.13
100566,2026-04-29,14,1,342,1,49,0.0,49.0,18,31.0
100567,2026-03-26,16,8,144,1,39,0.0,39.0,15,24.0
100568,2025-07-15,10,9,188,2,149,16.26,281.74,120,161.74
100568,2025-07-15,8,9,188,1,349,0.0,349.0,150,199.0
100569,2026-03-22,13,3,36,1,199,0.0,199.0,95,104.0
100570,2024-04-21,20,3,316,1,179,0.0,179.0,70,109.0
100571,2025-02-15,3,2,17,1,649,0.0,649.0,350,299.0
100572,2025-12-31,10,10,260,2,149,25.83,272.17,120,152.17
100573,2024-10-16,4,3,258,1,399,80.05,318.95,210,108.95
100574,2026-01-14,4,10,292,1,399,0.0,399.0,210,189.0
100575,2025-06-09,17,10,189,1,89,0.0,89.0,30,59.0
100576,2026-01-12,15,1,212,1,35,0.0,35.0,12,23.0
100576,2026-01-12,11,1,212,1,129,0.0,129.0,45,84.0
100577,2025-05-01,15,10,25,1,35,0.0,35.0,12,23.0
100578,2025-01-14,4,9,87,2,399,0.0,798.0,420,378.0
100579,2024-09-07,12,6,263,1,279,0.0,279.0,140,139.0
100580,2024-08-27,8,7,22,1,349,0.0,349.0,150,199.0
100581,2026-01-13,10,8,303,1,149,0.0,149.0,60,89.0
100582,2024-05-19,5,8,366,1,349,0.0,349.0,180,169.0
100583,2024-04-14,3,1,251,1,649,0.0,649.0,350,299.0
100584,2024-07-22,19,3,258,3,99,0.0,297.0,105,192.0
100585,2024-07-21,12,2,100,1,279,0.0,279.0,140,139.0
100585,2024-07-21,15,2,100,1,35,5.0,30.0,12,18.0
100586,2026-03-26,18,1,270,1,24,0.0,24.0,8,16.0
100587,2025-02-19,4,4,267,1,399,0.0,399.0,210,189.0
100588,2026-08-23,16,5,395,1,39,0.0,39.0,15,24.0
100589,2024-06-08,12,2,89,1,279,0.0,279.0,140,139.0
100589,2024-06-08,18,2,89,1,24,0.0,24.0,8,16.0
100590,2025-11-02,20,1,180,1,179,0.0,179.0,70,109.0
100591,2025-04-15,20,10,79,1,179,0.0,179.0,70,109.0
100592,2025-02-13,6,6,134,1,249,0.0,249.0,120,129.0
100592,2025-02-13,13,6,134,1,199,0.0,199.0,95,104.0
100593,2026-05-11,14,7,322,2,49,0.0,98.0,36,62.0
100594,2026-08-10,4,7,264,1,399,0.0,399.0,210,189.0
100594,2026-08-10,1,7,264,1,999,0.0,999.0,620,379.0
100595,2026-05-09,16,1,239,1,39,0.0,39.0,15,24.0
100596,2024-08-09,16,4,172,1,39,0.0,39.0,15,24.0
100597,2024-09-09,20,9,250,1,179,0.0,179.0,70,109.0
100598,2025-11-04,2,3,394,1,799,0.0,799.0,480,319.0
100598,2025-11-04,16,3,394,1,39,5.74,33.26,15,18.26
100599,2024-11-12,18,1,365,1,24,1.76,22.24,8,14.24
100600,2025-12-29,2,1,337,1,799,0.0,799.0,480,319.0
100601,2025-08-13,12,9,89,1,279,0.0,279.0,140,139.0
100601,2025-08-13,19,9,89,1,99,0.0,99.0,35,64.0
100602,2025-07-28,6,6,136,1,249,20.88,228.12,120,108.12
100602,2025-07-28,5,6,136,1,349,0.0,349.0,180,169.0
100603,2026-03-31,18,4,336,1,24,0.0,24.0,8,16.0
100603,2026-03-31,9,4,336,1,79,0.0,79.0,25,54.0
100603,2026-03-31,5,4,336,1,349,0.0,349.0,180,169.0
100604,2025-12-13,4,10,329,2,399,0.0,798.0,420,378.0
100604,2025-12-13,20,10,329,1,179,0.0,179.0,70,109.0
100605,2024-02-02,14,1,133,1,49,0.0,49.0,18,31.0
100606,2024-03-03,19,6,138,2,99,0.0,198.0,70,128.0
100606,2024-03-03,15,6,138,1,35,8.16,26.84,12,14.84
100607,2025-09-17,13,4,42,1,199,0.0,199.0,95,104.0
100608,2025-05-22,14,4,48,1,49,0.0,49.0,18,31.0
100609,2024-10-18,3,7,189,1,649,0.0,649.0,350,299.0
100610,2025-03-14,6,8,368,1,249,0.0,249.0,120,129.0
100611,2026-01-19,5,4,363,1,349,0.0,349.0,180,169.0
100611,2026-01-19,6,4,363,3,249,0.0,747.0,360,387.0
100612,2026-03-29,20,4,13,1,179,0.0,179.0,70,109.0
100613,2025-08-08,8,10,331,2,349,0.0,698.0,300,398.0
100613,2025-08-08,7,10,331,1,599,0.0,599.0,260,339.0
100613,2025-08-08,18,10,331,1,24,4.94,19.06,8,11.06
100614,2025-02-04,17,4,14,1,89,0.0,89.0,30,59.0
100615,2024-10-28,9,2,79,1,79,0.0,79.0,25,54.0
100615,2024-10-28,17,2,79,1,89,0.0,89.0,30,59.0
100616,2025-06-27,3,6,190,2,649,0.0,1298.0,700,598.0
100617,2024-12-02,10,1,57,1,149,27.64,121.36,60,61.36
100618,2025-08-11,15,2,49,1,35,0.0,35.0,12,23.0
100619,2025-11-19,2,8,282,1,799,0.0,799.0,480,319.0
100620,2024-03-22,13,5,140,2,199,0.0,398.0,190,208.0
100621,2024-01-02,6,2,326,1,249,0.0,249.0,120,129.0
100622,2024-08-31,3,4,380,3,649,0.0,1947.0,1050,897.0
100622,2024-08-31,20,4,380,2,179,0.0,358.0,140,218.0
100623,2026-05-28,9,7,255,1,79,0.0,79.0,25,54.0
100624,2025-10-28,17,8,368,1,89,0.0,89.0,30,59.0
100625,2024-07-17,14,2,71,1,49,0.0,49.0,18,31.0
100626,2026-05-24,8,9,174,1,349,0.0,349.0,150,199.0
100627,2025-05-06,18,2,52,1,24,3.2,20.8,8,12.8
100628,2025-05-12,17,7,345,1,89,0.0,89.0,30,59.0
100629,2026-07-03,15,1,241,1,35,0.0,35.0,12,23.0
100630,2024-03-15,2,9,184,1,799,0.0,799.0,480,319.0
100631,2024-09-03,15,5,63,2,35,0.0,70.0,24,46.0
100632,2025-09-02,10,1,342,1,149,31.4,117.6,60,57.6
100632,2025-09-02,19,1,342,3,99,0.0,297.0,105,192.0
100633,2024-08-12,4,3,370,2,399,194.36,603.64,420,183.64
100634,2025-11-21,11,1,161,2,129,0.0,258.0,90,168.0
100634,2025-11-21,4,1,161,1,399,83.31,315.69,210,105.69
100635,2024-09-02,15,8,382,1,35,4.46,30.54,12,18.54
100636,2024-04-28,2,4,23,1,799,0.0,799.0,480,319.0
100636,2024-04-28,8,4,23,2,349,0.0,698.0,300,398.0
100637,2024-08-25,8,10,191,1,349,0.0,349.0,150,199.0
100637,2024-08-25,6,10,191,1,249,0.0,249.0,120,129.0
100637,2024-08-25,4,10,191,1,399,0.0,399.0,210,189.0
100638,2025-03-19,1,6,318,1,999,0.0,999.0,620,379.0
100639,2024-07-22,10,9,329,1,149,0.0,149.0,60,89.0
100640,2024-06-05,13,7,388,1,199,0.0,199.0,95,104.0
100641,2026-04-28,14,2,313,1,49,0.0,49.0,18,31.0
100642,2024-12-06,19,3,356,1,99,0.0,99.0,35,64.0
100643,2025-01-06,3,10,73,1,649,0.0,649.0,350,299.0
100644,2024-03-10,13,8,133,1,199,0.0,199.0,95,104.0
100645,2025-01-02,15,1,119,2,35,0.0,70.0,24,46.0
100645,2025-01-02,12,1,119,1,279,0.0,279.0,140,139.0
100645,2025-01-02,17,1,119,2,89,35.66,142.34,60,82.34
100646,2024-10-23,6,1,72,2,249,37.91,460.09,240,220.09
100647,2025-09-26,2,5,180,2,799,0.0,1598.0,960,638.0
100647,2025-09-26,3,5,180,2,649,183.82,1114.18,700,414.18
100648,2024-08-23,2,3,8,1,799,0.0,799.0,480,319.0
100648,2024-08-23,4,3,8,2,399,0.0,798.0,420,378.0
100649,2026-05-22,13,1,375,1,199,0.0,199.0,95,104.0
100650,2026-06-28,7,9,225,1,599,0.0,599.0,260,339.0
100651,2024-04-29,18,8,219,2,24,0.0,48.0,16,32.0
100652,2024-05-07,20,6,348,1,179,0.0,179.0,70,109.0
100653,2024-05-15,4,1,45,1,399,77.58,321.42,210,111.42
100654,2025-10-04,11,2,395,1,129,0.0,129.0,45,84.0
100655,2024-05-22,14,1,229,1,49,0.0,49.0,18,31.0
100656,2026-04-21,4,4,133,1,399,0.0,399.0,210,189.0
100657,2026-01-16,7,10,106,1,599,0.0,599.0,260,339.0
100658,2026-03-23,2,8,149,1,799,0.0,799.0,480,319.0
100659,2025-07-01,13,2,336,3,199,0.0,597.0,285,312.0
100660,2026-08-29,13,2,48,1,199,0.0,199.0,95,104.0
100661,2024-02-25,5,6,12,1,349,0.0,349.0,180,169.0
100662,2025-02-23,9,10,349,1,79,0.0,79.0,25,54.0
100662,2025-02-23,16,10,349,1,39,0.0,39.0,15,24.0
100663,2024-12-09,17,8,154,2,89,0.0,178.0,60,118.0
100664,2026-07-16,13,10,11,1,199,0.0,199.0,95,104.0
100665,2025-08-24,12,8,340,2,279,0.0,558.0,280,278.0
100666,2026-03-10,12,2,280,1,279,0.0,279.0,140,139.0
100667,2024-07-15,6,1,213,2,249,0.0,498.0,240,258.0
100667,2024-07-15,4,1,213,1,399,0.0,399.0,210,189.0
100668,2026-08-12,6,6,378,1,249,0.0,249.0,120,129.0
100669,2025-06-03,8,8,43,1,349,0.0,349.0,150,199.0
100670,2025-05-29,11,4,128,1,129,0.0,129.0,45,84.0
100670,2025-05-29,16,4,128,2,39,0.0,78.0,30,48.0
100670,2025-05-29,20,4,128,1,179,0.0,179.0,70,109.0
100671,2026-08-05,1,8,209,1,999,0.0,999.0,620,379.0
100671,2026-08-05,17,8,209,1,89,0.0,89.0,30,59.0
100671,2026-08-05,6,8,209,1,249,0.0,249.0,120,129.0
100672,2025-01-29,5,7,116,1,349,44.79,304.21,180,124.21
100673,2025-02-18,7,7,50,2,599,193.17,1004.83,520,484.83
100674,2025-09-01,1,1,91,1,999,0.0,999.0,620,379.0
100675,2024-05-29,13,1,283,1,199,0.0,199.0,95,104.0
100675,2024-05-29,14,1,283,1,49,0.0,49.0,18,31.0
100675,2024-05-29,18,1,283,1,24,0.0,24.0,8,16.0
100676,2024-12-07,1,10,272,1,999,181.55,817.45,620,197.45
100676,2024-12-07,17,10,272,1,89,8.57,80.43,30,50.43
100676,2024-12-07,6,10,272,1,249,0.0,249.0,120,129.0
100677,2024-08-10,15,8,134,1,35,0.0,35.0,12,23.0
100677,2024-08-10,20,8,134,1,179,30.36,148.64,70,78.64
100678,2024-05-03,8,7,203,2,349,0.0,698.0,300,398.0
100678,2024-05-03,15,7,203,2,35,0.0,70.0,24,46.0
100679,2026-05-04,6,6,242,1,249,0.0,249.0,120,129.0
100680,2025-09-05,7,10,384,1,599,0.0,599.0,260,339.0
100681,2025-01-04,9,9,58,1,79,0.0,79.0,25,54.0
100682,2025-03-03,17,7,152,1,89,0.0,89.0,30,59.0
100683,2025-03-28,18,5,186,2,24,0.0,48.0,16,32.0
100684,2025-10-16,6,2,385,2,249,0.0,498.0,240,258.0
100685,2026-06-25,10,2,167,1,149,0.0,149.0,60,89.0
100686,2026-07-01,18,10,205,1,24,0.0,24.0,8,16.0
100687,2025-02-11,13,10,168,1,199,0.0,199.0,95,104.0
100687,2025-02-11,17,10,168,1,89,0.0,89.0,30,59.0
100688,2024-12-12,7,6,259,1,599,0.0,599.0,260,339.0
100689,2025-04-17,19,1,37,1,99,0.0,99.0,35,64.0
100690,2025-08-14,14,4,153,1,49,0.0,49.0,18,31.0
100691,2025-04-28,13,10,200,1,199,0.0,199.0,95,104.0
100692,2025-11-06,16,10,246,1,39,0.0,39.0,15,24.0
100693,2025-08-01,8,8,5,1,349,0.0,349.0,150,199.0
100693,2025-08-01,10,8,5,2,149,0.0,298.0,120,178.0
100693,2025-08-01,19,8,5,1,99,0.0,99.0,35,64.0
100694,2024-12-06,10,5,193,1,149,0.0,149.0,60,89.0
100694,2024-12-06,17,5,193,2,89,34.05,143.95,60,83.95
100695,2024-12-24,16,1,171,2,39,18.69,59.31,30,29.31
100696,2025-01-27,16,10,75,2,39,0.0,78.0,30,48.0
100697,2024-04-23,5,7,327,1,349,0.0,349.0,180,169.0
100697,2024-04-23,8,7,327,1,349,0.0,349.0,150,199.0
100697,2024-04-23,19,7,327,1,99,0.0,99.0,35,64.0
100698,2024-07-10,5,5,195,2,349,0.0,698.0,360,338.0
100698,2024-07-10,2,5,195,1,799,0.0,799.0,480,319.0
100698,2024-07-10,13,5,195,1,199,0.0,199.0,95,104.0
100699,2025-12-21,20,10,314,2,179,0.0,358.0,140,218.0
100700,2025-02-08,15,9,126,3,35,0.0,105.0,36,69.0
100701,2024-09-02,17,10,327,1,89,0.0,89.0,30,59.0
100702,2025-08-09,8,6,337,1,349,0.0,349.0,150,199.0
100703,2026-01-17,5,5,17,1,349,0.0,349.0,180,169.0
100704,2024-10-16,20,8,387,2,179,0.0,358.0,140,218.0
100704,2024-10-16,5,8,387,3,349,0.0,1047.0,540,507.0
100705,2026-03-29,9,10,128,2,79,0.0,158.0,50,108.0
100706,2026-06-26,13,5,366,1,199,0.0,199.0,95,104.0
100706,2026-06-26,8,5,366,1,349,0.0,349.0,150,199.0
100707,2025-09-13,20,4,133,1,179,0.0,179.0,70,109.0
100707,2025-09-13,11,4,133,1,129,0.0,129.0,45,84.0
100708,2025-11-14,5,8,97,1,349,0.0,349.0,180,169.0
100709,2024-03-07,7,10,314,2,599,0.0,1198.0,520,678.0
100710,2026-07-13,15,9,300,2,35,0.0,70.0,24,46.0
100711,2025-02-12,19,10,294,1,99,10.96,88.04,35,53.04
100712,2026-06-23,3,10,219,1,649,0.0,649.0,350,299.0
100712,2026-06-23,16,10,219,1,39,2.78,36.22,15,21.22
100713,2025-08-26,16,2,158,1,39,0.0,39.0,15,24.0
100714,2024-01-06,16,10,186,1,39,0.0,39.0,15,24.0
100715,2024-02-18,10,8,302,1,149,0.0,149.0,60,89.0
100715,2024-02-18,1,8,302,1,999,0.0,999.0,620,379.0
100716,2025-11-22,10,7,229,1,149,18.66,130.34,60,70.34
100717,2025-08-09,2,4,300,1,799,0.0,799.0,480,319.0
100717,2025-08-09,1,4,300,1,999,0.0,999.0,620,379.0
100718,2024-02-02,13,7,222,2,199,0.0,398.0,190,208.0
100718,2024-02-02,1,7,222,2,999,0.0,1998.0,1240,758.0
100719,2026-01-05,19,3,191,3,99,0.0,297.0,105,192.0
100720,2026-04-21,5,8,206,1,349,0.0,349.0,180,169.0
100721,2025-06-01,19,5,202,1,99,0.0,99.0,35,64.0
100721,2025-06-01,5,5,202,1,349,0.0,349.0,180,169.0
100721,2025-06-01,9,5,202,1,79,0.0,79.0,25,54.0
100722,2025-05-02,11,4,139,1,129,0.0,129.0,45,84.0
100723,2024-01-07,19,7,136,1,99,0.0,99.0,35,64.0
100724,2026-02-18,15,9,218,1,35,0.0,35.0,12,23.0
100724,2026-02-18,11,9,218,1,129,0.0,129.0,45,84.0
100724,2026-02-18,4,9,218,1,399,0.0,399.0,210,189.0
100725,2024-12-13,12,9,162,2,279,0.0,558.0,280,278.0
100726,2026-05-14,12,7,24,1,279,0.0,279.0,140,139.0
100726,2026-05-14,16,7,24,1,39,0.0,39.0,15,24.0
100727,2025-01-20,17,8,273,2,89,0.0,178.0,60,118.0
100727,2025-01-20,9,8,273,1,79,0.0,79.0,25,54.0
100728,2025-08-12,7,1,258,2,599,0.0,1198.0,520,678.0
100728,2025-08-12,19,1,258,2,99,0.0,198.0,70,128.0
100729,2024-10-28,12,7,217,1,279,0.0,279.0,140,139.0
100730,2024-07-03,10,9,357,1,149,0.0,149.0,60,89.0
100731,2026-02-06,7,6,326,1,599,0.0,599.0,260,339.0
100731,2026-02-06,4,6,326,1,399,0.0,399.0,210,189.0
100732,2025-06-01,16,1,61,2,39,0.0,78.0,30,48.0
100732,2025-06-01,7,1,61,2,599,0.0,1198.0,520,678.0
100733,2025-07-12,12,10,86,1,279,0.0,279.0,140,139.0
100734,2026-08-01,4,8,75,2,399,0.0,798.0,420,378.0
100734,2026-08-01,17,8,75,1,89,0.0,89.0,30,59.0
100735,2026-07-30,19,6,396,1,99,0.0,99.0,35,64.0
100735,2026-07-30,2,6,396,2,799,0.0,1598.0,960,638.0
100736,2026-04-24,11,1,146,2,129,0.0,258.0,90,168.0
100736,2026-04-24,9,1,146,1,79,0.0,79.0,25,54.0
100737,2024-08-04,16,4,344,1,39,0.0,39.0,15,24.0
100738,2025-09-10,5,9,240,1,349,0.0,349.0,180,169.0
100739,2026-05-14,20,7,147,1,179,38.29,140.71,70,70.71
100739,2026-05-14,13,7,147,1,199,0.0,199.0,95,104.0
100740,2025-01-22,9,7,40,1,79,0.0,79.0,25,54.0
100741,2024-04-30,12,3,395,2,279,0.0,558.0,280,278.0
100741,2024-04-30,14,3,395,1,49,0.0,49.0,18,31.0
100742,2026-03-14,11,9,390,1,129,0.0,129.0,45,84.0
100743,2025-05-18,13,8,369,2,199,0.0,398.0,190,208.0
100744,2025-08-11,19,6,272,2,99,0.0,198.0,70,128.0
100745,2026-08-16,14,4,364,1,49,0.0,49.0,18,31.0
100745,2026-08-16,13,4,364,1,199,0.0,199.0,95,104.0
100745,2026-08-16,17,4,364,1,89,0.0,89.0,30,59.0
100746,2025-09-22,12,2,162,1,279,0.0,279.0,140,139.0
100747,2025-03-21,9,10,197,1,79,0.0,79.0,25,54.0
100748,2025-01-17,3,10,189,1,649,105.26,543.74,350,193.74
100749,2025-03-13,12,7,135,1,279,0.0,279.0,140,139.0
100749,2025-03-13,6,7,135,3,249,0.0,747.0,360,387.0
100749,2025-03-13,19,7,135,1,99,8.48,90.52,35,55.52
100750,2024-05-19,9,6,369,1,79,0.0,79.0,25,54.0
100750,2024-05-19,19,6,369,1,99,0.0,99.0,35,64.0
100751,2026-02-27,18,8,301,1,24,0.0,24.0,8,16.0
100752,2026-04-08,4,4,131,3,399,0.0,1197.0,630,567.0
100753,2024-11-09,2,7,344,1,799,59.65,739.35,480,259.35
100754,2024-11-24,7,9,399,1,599,0.0,599.0,260,339.0
100755,2026-05-10,8,5,59,1,349,0.0,349.0,150,199.0
100756,2024-01-30,20,10,357,2,179,71.66,286.34,140,146.34
100757,2025-06-25,19,1,34,2,99,48.08,149.92,70,79.92
100758,2025-04-30,4,5,252,1,399,0.0,399.0,210,189.0
100759,2025-11-29,16,3,203,2,39,0.0,78.0,30,48.0
100760,2024-07-07,18,10,344,2,24,4.02,43.98,16,27.98
100760,2024-07-07,13,10,344,1,199,0.0,199.0,95,104.0
100761,2025-11-13,10,10,33,1,149,0.0,149.0,60,89.0
100762,2025-01-25,1,1,389,1,999,0.0,999.0,620,379.0
100762,2025-01-25,8,1,389,1,349,64.95,284.05,150,134.05
100763,2025-10-03,18,5,238,1,24,0.0,24.0,8,16.0
100764,2024-02-20,4,2,305,1,399,42.31,356.69,210,146.69
100765,2025-04-28,18,8,90,1,24,0.0,24.0,8,16.0
100765,2025-04-28,5,8,90,1,349,0.0,349.0,180,169.0
100766,2025-06-27,2,1,3,2,799,271.48,1326.52,960,366.52
100767,2024-09-02,10,8,260,2,149,0.0,298.0,120,178.0
100767,2024-09-02,8,8,260,1,349,0.0,349.0,150,199.0
100768,2024-06-10,3,5,284,1,649,0.0,649.0,350,299.0
100769,2024-08-05,14,4,288,2,49,0.0,98.0,36,62.0
100770,2024-12-23,3,9,327,1,649,0.0,649.0,350,299.0
100771,2024-04-26,3,2,362,1,649,0.0,649.0,350,299.0
100771,2024-04-26,13,2,362,1,199,0.0,199.0,95,104.0
100772,2026-07-14,15,7,2,2,35,0.0,70.0,24,46.0
100773,2025-02-27,15,6,161,1,35,0.0,35.0,12,23.0
100774,2026-03-13,8,6,128,1,349,0.0,349.0,150,199.0
100775,2026-08-09,16,3,19,1,39,3.51,35.49,15,20.49
100776,2024-04-08,7,10,94,1,599,33.8,565.2,260,305.2
100777,2025-11-01,10,9,232,2,149,42.9,255.1,120,135.1
100778,2026-05-08,15,8,85,1,35,0.0,35.0,12,23.0
100778,2026-05-08,17,8,85,1,89,0.0,89.0,30,59.0
100779,2025-10-17,16,1,394,1,39,0.0,39.0,15,24.0
100780,2025-03-25,13,3,173,1,199,0.0,199.0,95,104.0
100780,2025-03-25,5,3,173,2,349,164.48,533.52,360,173.52
100781,2025-03-28,13,10,69,1,199,0.0,199.0,95,104.0
100782,2024-02-15,19,7,341,2,99,0.0,198.0,70,128.0
100783,2025-07-10,12,7,397,1,279,0.0,279.0,140,139.0
100784,2026-08-26,13,1,132,1,199,0.0,199.0,95,104.0
100785,2026-07-25,20,9,33,1,179,0.0,179.0,70,109.0
100786,2024-02-20,20,2,258,1,179,0.0,179.0,70,109.0
100786,2024-02-20,3,2,258,1,649,0.0,649.0,350,299.0
100787,2025-12-09,20,4,240,2,179,0.0,358.0,140,218.0
100788,2024-11-22,12,10,368,1,279,0.0,279.0,140,139.0
100788,2024-11-22,15,10,368,1,35,2.36,32.64,12,20.64
100789,2026-06-04,2,3,297,1,799,0.0,799.0,480,319.0
100790,2024-02-27,1,8,297,2,999,220.84,1777.16,1240,537.16
100791,2026-07-04,20,10,278,2,179,0.0,358.0,140,218.0
100792,2026-04-08,3,8,87,1,649,0.0,649.0,350,299.0
100793,2024-05-18,4,4,377,1,399,0.0,399.0,210,189.0
100793,2024-05-18,20,4,377,1,179,18.86,160.14,70,90.14
100793,2024-05-18,5,4,377,2,349,0.0,698.0,360,338.0
100794,2024-03-15,16,7,186,1,39,0.0,39.0,15,24.0
100795,2026-04-06,10,7,52,2,149,0.0,298.0,120,178.0
100796,2024-06-28,3,10,104,1,649,0.0,649.0,350,299.0
100796,2024-06-28,2,10,104,1,799,0.0,799.0,480,319.0
100797,2025-07-11,11,10,144,2,129,0.0,258.0,90,168.0
100797,2025-07-11,4,10,144,1,399,0.0,399.0,210,189.0
100798,2026-06-15,7,10,316,1,599,0.0,599.0,260,339.0
100798,2026-06-15,1,10,316,2,999,243.53,1754.47,1240,514.47
100799,2025-08-14,3,5,202,1,649,0.0,649.0,350,299.0
100799,2025-08-14,4,5,202,1,399,0.0,399.0,210,189.0
100800,2025-02-18,12,8,334,1,279,0.0,279.0,140,139.0
100801,2025-04-11,17,1,336,2,89,0.0,178.0,60,118.0
100802,2024-03-19,12,8,238,1,279,0.0,279.0,140,139.0
100803,2026-08-04,14,8,184,1,49,11.49,37.51,18,19.51
100804,2024-11-29,18,9,144,1,24,0.0,24.0,8,16.0
100805,2024-08-06,13,5,339,1,199,49.49,149.51,95,54.51
100806,2024-11-10,6,4,327,1,249,0.0,249.0,120,129.0
100807,2026-07-31,13,6,62,1,199,0.0,199.0,95,104.0
100807,2026-07-31,1,6,62,1,999,0.0,999.0,620,379.0
100808,2024-04-23,11,2,159,1,129,0.0,129.0,45,84.0
100809,2026-05-05,15,7,189,1,35,0.0,35.0,12,23.0
100810,2025-12-11,18,9,229,1,24,0.0,24.0,8,16.0
100810,2025-12-11,10,9,229,1,149,0.0,149.0,60,89.0
100811,2026-04-01,10,10,182,1,149,0.0,149.0,60,89.0
100811,2026-04-01,18,10,182,2,24,0.0,48.0,16,32.0
100812,2026-08-10,10,9,368,1,149,0.0,149.0,60,89.0
100813,2026-04-12,1,7,38,1,999,116.55,882.45,620,262.45
100814,2026-07-11,14,6,259,1,49,0.0,49.0,18,31.0
100815,2024-05-27,15,2,70,1,35,0.0,35.0,12,23.0
100815,2024-05-27,13,2,70,1,199,0.0,199.0,95,104.0
100816,2026-02-28,14,2,97,1,49,0.0,49.0,18,31.0
100816,2026-02-28,18,2,97,1,24,5.76,18.24,8,10.24
100817,2025-07-22,5,8,306,1,349,0.0,349.0,180,169.0
100818,2025-07-20,15,3,35,1,35,0.0,35.0,12,23.0
100819,2026-05-31,10,7,59,1,149,0.0,149.0,60,89.0
100819,2026-05-31,18,7,59,2,24,0.0,48.0,16,32.0
100820,2026-08-06,18,10,351,1,24,0.0,24.0,8,16.0
100821,2025-12-09,19,10,134,2,99,45.03,152.97,70,82.97
100822,2025-05-19,8,5,360,1,349,0.0,349.0,150,199.0
100823,2025-04-23,17,2,363,1,89,0.0,89.0,30,59.0
100824,2025-02-05,6,4,283,1,249,0.0,249.0,120,129.0
100825,2025-01-07,2,9,400,2,799,0.0,1598.0,960,638.0
100826,2025-02-11,11,1,337,1,129,0.0,129.0,45,84.0
100826,2025-02-11,17,1,337,1,89,0.0,89.0,30,59.0
100827,2024-04-18,10,10,23,2,149,0.0,298.0,120,178.0
100827,2024-04-18,9,10,23,2,79,0.0,158.0,50,108.0
100828,2024-04-04,10,7,317,1,149,0.0,149.0,60,89.0
100829,2026-02-11,14,1,18,1,49,8.39,40.61,18,22.61
100830,2025-04-12,1,6,105,1,999,0.0,999.0,620,379.0
100830,2025-04-12,16,6,105,1,39,0.0,39.0,15,24.0
100831,2026-06-29,10,1,165,2,149,0.0,298.0,120,178.0
100832,2025-09-27,1,4,334,1,999,0.0,999.0,620,379.0
100833,2024-02-14,15,5,146,1,35,0.0,35.0,12,23.0
100833,2024-02-14,17,5,146,2,89,0.0,178.0,60,118.0
100834,2024-06-30,5,10,37,2,349,0.0,698.0,360,338.0
100835,2024-08-24,11,4,399,1,129,17.15,111.85,45,66.85
100836,2026-08-10,1,7,256,1,999,0.0,999.0,620,379.0
100837,2024-09-07,3,3,170,1,649,0.0,649.0,350,299.0
100838,2025-06-21,18,3,173,1,24,0.0,24.0,8,16.0
100839,2026-07-04,10,3,267,1,149,0.0,149.0,60,89.0
100840,2026-08-11,4,2,232,1,399,0.0,399.0,210,189.0
100841,2024-09-25,6,6,97,1,249,0.0,249.0,120,129.0
100842,2024-03-03,8,7,85,2,349,0.0,698.0,300,398.0
100842,2024-03-03,1,7,85,1,999,0.0,999.0,620,379.0
100843,2024-06-26,2,8,233,1,799,0.0,799.0,480,319.0
100844,2024-03-19,17,6,109,2,89,0.0,178.0,60,118.0
100845,2024-08-12,8,4,259,2,349,50.4,647.6,300,347.6
100845,2024-08-12,4,4,259,1,399,0.0,399.0,210,189.0
100845,2024-08-12,17,4,259,2,89,0.0,178.0,60,118.0
100846,2025-08-15,7,4,360,1,599,0.0,599.0,260,339.0
100847,2026-06-13,13,5,357,1,199,0.0,199.0,95,104.0
100848,2025-07-13,1,4,239,1,999,0.0,999.0,620,379.0
100849,2025-10-10,10,9,255,1,149,0.0,149.0,60,89.0
100850,2024-08-19,3,3,10,1,649,0.0,649.0,350,299.0
100851,2026-03-05,9,5,260,1,79,0.0,79.0,25,54.0
100851,2026-03-05,8,5,260,1,349,0.0,349.0,150,199.0
100852,2025-10-02,2,6,345,2,799,0.0,1598.0,960,638.0
100853,2026-05-02,13,10,37,1,199,0.0,199.0,95,104.0
100854,2026-07-16,10,1,181,2,149,0.0,298.0,120,178.0
100855,2024-12-26,2,8,44,1,799,0.0,799.0,480,319.0
100855,2024-12-26,9,8,44,1,79,17.8,61.2,25,36.2
100856,2024-04-19,3,3,168,1,649,0.0,649.0,350,299.0
100857,2024-09-14,16,8,391,1,39,0.0,39.0,15,24.0
100858,2025-04-04,13,8,199,1,199,0.0,199.0,95,104.0
100858,2025-04-04,12,8,199,1,279,0.0,279.0,140,139.0
100858,2025-04-04,9,8,199,2,79,0.0,158.0,50,108.0
100859,2026-07-13,19,8,131,1,99,0.0,99.0,35,64.0
100860,2025-01-26,18,10,42,2,24,0.0,48.0,16,32.0
100860,2025-01-26,7,10,42,1,599,0.0,599.0,260,339.0
100861,2026-02-01,18,8,16,1,24,2.66,21.34,8,13.34
100862,2025-07-17,3,4,345,2,649,0.0,1298.0,700,598.0
100862,2025-07-17,2,4,345,1,799,0.0,799.0,480,319.0
100863,2024-07-29,16,5,133,2,39,0.0,78.0,30,48.0
100863,2024-07-29,4,5,133,1,399,0.0,399.0,210,189.0
100863,2024-07-29,8,5,133,1,349,0.0,349.0,150,199.0
100864,2024-12-06,18,4,375,2,24,0.0,48.0,16,32.0
100865,2025-11-02,15,9,173,1,35,0.0,35.0,12,23.0
100866,2025-11-16,18,7,145,1,24,2.23,21.77,8,13.77
100867,2025-04-01,15,1,295,1,35,0.0,35.0,12,23.0
100867,2025-04-01,17,1,295,1,89,0.0,89.0,30,59.0
100868,2024-09-17,12,6,31,2,279,65.69,492.31,280,212.31
100869,2025-12-20,17,10,175,2,89,0.0,178.0,60,118.0
100870,2024-07-13,18,10,296,2,24,0.0,48.0,16,32.0
100871,2026-07-04,6,1,132,1,249,0.0,249.0,120,129.0
100871,2026-07-04,11,1,132,1,129,0.0,129.0,45,84.0
100872,2024-08-04,20,9,188,1,179,0.0,179.0,70,109.0
100872,2024-08-04,1,9,188,1,999,0.0,999.0,620,379.0
100873,2024-05-07,12,7,34,1,279,0.0,279.0,140,139.0
100874,2025-06-02,11,4,220,1,129,0.0,129.0,45,84.0
100875,2025-06-24,3,9,335,2,649,0.0,1298.0,700,598.0
100876,2025-06-13,13,4,55,1,199,0.0,199.0,95,104.0
100877,2025-04-02,15,10,383,1,35,0.0,35.0,12,23.0
100878,2026-08-27,8,7,97,1,349,47.3,301.7,150,151.7
100879,2025-05-22,5,5,387,1,349,0.0,349.0,180,169.0
100880,2025-05-14,20,4,365,2,179,55.87,302.13,140,162.13
100881,2025-03-18,9,10,279,1,79,0.0,79.0,25,54.0
100882,2024-03-23,16,2,111,1,39,0.0,39.0,15,24.0
100883,2025-09-09,2,2,327,2,799,334.04,1263.96,960,303.96
100883,2025-09-09,4,2,327,1,399,0.0,399.0,210,189.0
100884,2024-09-16,5,1,279,2,349,0.0,698.0,360,338.0
100885,2025-10-20,1,10,261,1,999,0.0,999.0,620,379.0
100886,2024-03-05,20,10,159,1,179,0.0,179.0,70,109.0
100887,2026-08-15,17,10,62,1,89,0.0,89.0,30,59.0
100888,2025-05-05,7,4,377,1,599,59.88,539.12,260,279.12
100888,2025-05-05,5,4,377,1,349,0.0,349.0,180,169.0
100889,2026-05-30,4,2,94,1,399,73.24,325.76,210,115.76
100890,2025-05-12,8,8,281,2,349,159.6,538.4,300,238.4
100891,2024-03-16,12,1,44,1,279,0.0,279.0,140,139.0
100892,2026-03-25,12,9,371,1,279,59.67,219.33,140,79.33
100892,2026-03-25,8,9,371,1,349,0.0,349.0,150,199.0
100893,2025-10-29,7,4,318,1,599,0.0,599.0,260,339.0
100894,2026-02-13,9,10,47,1,79,9.81,69.19,25,44.19
100894,2026-02-13,2,10,47,1,799,0.0,799.0,480,319.0
100895,2025-03-24,13,8,117,2,199,0.0,398.0,190,208.0
100896,2025-10-20,5,8,94,1,349,0.0,349.0,180,169.0
100896,2025-10-20,17,8,94,1,89,0.0,89.0,30,59.0
100897,2026-04-25,12,1,253,1,279,0.0,279.0,140,139.0
100897,2026-04-25,10,1,253,1,149,0.0,149.0,60,89.0
100898,2025-10-14,15,4,300,1,35,0.0,35.0,12,23.0
100899,2024-12-26,6,10,91,1,249,57.89,191.11,120,71.11
100900,2025-11-09,15,7,148,1,35,0.0,35.0,12,23.0
100901,2025-11-16,19,1,142,3,99,0.0,297.0,105,192.0
100901,2025-11-16,10,1,142,1,149,0.0,149.0,60,89.0
100902,2026-07-27,4,8,323,2,399,0.0,798.0,420,378.0
100903,2025-01-18,15,1,198,1,35,0.0,35.0,12,23.0
100904,2025-03-21,19,3,82,1,99,0.0,99.0,35,64.0
100905,2026-03-15,8,1,176,1,349,24.64,324.36,150,174.36
100906,2025-06-10,2,8,21,1,799,0.0,799.0,480,319.0
100907,2025-12-30,16,2,65,3,39,0.0,117.0,45,72.0
100907,2025-12-30,14,2,65,1,49,0.0,49.0,18,31.0
100908,2025-04-26,4,2,293,1,399,0.0,399.0,210,189.0
100908,2025-04-26,10,2,293,1,149,0.0,149.0,60,89.0
100909,2024-09-03,11,8,15,2,129,0.0,258.0,90,168.0
100910,2026-01-07,2,2,243,3,799,216.14,2180.86,1440,740.86
100911,2024-06-01,5,3,95,1,349,0.0,349.0,180,169.0
100911,2024-06-01,13,3,95,1,199,0.0,199.0,95,104.0
100912,2024-08-16,8,10,209,1,349,0.0,349.0,150,199.0
100913,2025-10-10,2,8,116,1,799,155.81,643.19,480,163.19
100914,2026-01-09,2,4,125,2,799,0.0,1598.0,960,638.0
100915,2026-05-28,12,1,125,1,279,0.0,279.0,140,139.0
100916,2024-10-30,12,1,114,1,279,48.51,230.49,140,90.49
100917,2024-05-10,12,10,221,1,279,0.0,279.0,140,139.0
100918,2026-07-23,11,2,396,2,129,0.0,258.0,90,168.0
100919,2024-06-27,6,5,281,1,249,0.0,249.0,120,129.0
100920,2024-08-15,16,8,37,1,39,0.0,39.0,15,24.0
100920,2024-08-15,2,8,37,1,799,0.0,799.0,480,319.0
100921,2024-11-14,13,5,369,1,199,0.0,199.0,95,104.0
100921,2024-11-14,2,5,369,2,799,0.0,1598.0,960,638.0
100922,2025-07-05,18,3,46,1,24,0.0,24.0,8,16.0
100923,2026-05-18,7,8,114,2,599,144.56,1053.44,520,533.44
100924,2026-01-22,6,3,44,2,249,82.69,415.31,240,175.31
100924,2026-01-22,5,3,44,1,349,0.0,349.0,180,169.0
100925,2025-12-11,10,2,263,1,149,0.0,149.0,60,89.0
100926,2024-07-20,19,2,123,2,99,0.0,198.0,70,128.0
100927,2025-01-03,4,3,237,1,399,0.0,399.0,210,189.0
100927,2025-01-03,8,3,237,2,349,0.0,698.0,300,398.0
100927,2025-01-03,6,3,237,1,249,0.0,249.0,120,129.0
100928,2025-05-14,15,10,271,2,35,0.0,70.0,24,46.0
100929,2024-06-19,9,2,332,2,79,0.0,158.0,50,108.0
100930,2024-10-31,5,7,181,1,349,52.97,296.03,180,116.03
100931,2024-11-27,15,10,166,1,35,0.0,35.0,12,23.0
100932,2024-05-28,18,8,395,1,24,0.0,24.0,8,16.0
100932,2024-05-28,15,8,395,1,35,0.0,35.0,12,23.0
100933,2025-07-27,20,7,341,1,179,0.0,179.0,70,109.0
100933,2025-07-27,19,7,341,1,99,0.0,99.0,35,64.0
100933,2025-07-27,6,7,341,1,249,0.0,249.0,120,129.0
100934,2025-12-09,14,4,223,2,49,9.01,88.99,36,52.99
100935,2024-03-27,13,9,198,1,199,0.0,199.0,95,104.0
100935,2024-03-27,7,9,198,1,599,0.0,599.0,260,339.0
100936,2025-05-17,2,9,107,2,799,120.76,1477.24,960,517.24
100937,2026-02-14,9,2,220,1,79,0.0,79.0,25,54.0
100938,2026-01-10,7,6,56,2,599,132.04,1065.96,520,545.96
100939,2026-03-18,12,2,14,1,279,60.04,218.96,140,78.96
100940,2025-04-14,8,7,143,2,349,0.0,698.0,300,398.0
100941,2026-03-23,9,10,354,1,79,0.0,79.0,25,54.0
100942,2024-09-30,14,3,193,1,49,0.0,49.0,18,31.0
100942,2024-09-30,7,3,193,1,599,0.0,599.0,260,339.0
100943,2025-01-06,19,9,169,1,99,11.42,87.58,35,52.58
100944,2024-07-22,20,7,352,1,179,0.0,179.0,70,109.0
100945,2025-05-04,12,6,51,1,279,0.0,279.0,140,139.0
100946,2025-02-12,9,7,274,1,79,0.0,79.0,25,54.0
100947,2024-09-30,16,5,19,1,39,0.0,39.0,15,24.0
100948,2026-01-13,2,10,46,1,799,0.0,799.0,480,319.0
100948,2026-01-13,18,10,46,1,24,0.0,24.0,8,16.0
100948,2026-01-13,19,10,46,2,99,0.0,198.0,70,128.0
100949,2024-12-01,11,3,156,2,129,41.46,216.54,90,126.54
100950,2024-10-30,15,8,254,1,35,0.0,35.0,12,23.0
100951,2024-06-01,14,7,396,1,49,0.0,49.0,18,31.0
100952,2025-04-05,20,1,271,1,179,0.0,179.0,70,109.0
100953,2024-11-23,12,10,206,2,279,0.0,558.0,280,278.0
100954,2025-01-16,1,4,143,1,999,0.0,999.0,620,379.0
100955,2024-09-25,11,8,203,1,129,0.0,129.0,45,84.0
100956,2026-01-25,10,7,108,1,149,0.0,149.0,60,89.0
100957,2026-06-28,17,1,35,1,89,9.56,79.44,30,49.44
100958,2025-06-02,11,9,2,1,129,0.0,129.0,45,84.0
100959,2025-10-25,1,7,311,1,999,0.0,999.0,620,379.0
100960,2026-05-04,6,8,151,1,249,0.0,249.0,120,129.0
100961,2026-08-30,9,6,344,1,79,0.0,79.0,25,54.0
100962,2025-09-28,3,6,221,1,649,0.0,649.0,350,299.0
100963,2026-05-24,16,7,105,2,39,0.0,78.0,30,48.0
100964,2026-06-09,18,3,133,1,24,0.0,24.0,8,16.0
100965,2026-02-23,14,1,256,1,49,0.0,49.0,18,31.0
100965,2026-02-23,11,1,256,1,129,0.0,129.0,45,84.0
100966,2025-04-27,18,2,172,2,24,0.0,48.0,16,32.0
100967,2024-04-08,3,3,12,1,649,0.0,649.0,350,299.0
100967,2024-04-08,9,3,12,1,79,17.33,61.67,25,36.67
100968,2024-01-20,16,6,103,1,39,0.0,39.0,15,24.0
100969,2025-05-13,18,8,249,1,24,4.12,19.88,8,11.88
100970,2025-05-30,14,9,351,2,49,0.0,98.0,36,62.0
100971,2025-03-02,13,10,98,1,199,0.0,199.0,95,104.0
100972,2025-08-15,5,10,121,1,349,0.0,349.0,180,169.0
100973,2025-07-29,11,7,112,1,129,0.0,129.0,45,84.0
100974,2026-04-07,15,1,172,1,35,0.0,35.0,12,23.0
100974,2026-04-07,17,1,172,1,89,0.0,89.0,30,59.0
100975,2024-05-08,19,3,392,1,99,0.0,99.0,35,64.0
100976,2024-09-13,9,1,355,2,79,0.0,158.0,50,108.0
100976,2024-09-13,13,1,355,3,199,103.82,493.18,285,208.18
100976,2024-09-13,3,1,355,1,649,0.0,649.0,350,299.0
100977,2026-02-25,16,3,93,1,39,0.0,39.0,15,24.0
100977,2026-02-25,20,3,93,3,179,0.0,537.0,210,327.0
100978,2026-04-17,9,10,15,1,79,0.0,79.0,25,54.0
100979,2026-08-27,2,3,61,2,799,0.0,1598.0,960,638.0
100980,2026-05-09,1,10,175,2,999,0.0,1998.0,1240,758.0
100981,2026-05-24,7,3,306,2,599,0.0,1198.0,520,678.0
100981,2026-05-24,11,3,306,1,129,0.0,129.0,45,84.0
100982,2024-12-02,17,8,386,2,89,43.19,134.81,60,74.81
100983,2025-02-23,12,6,254,1,279,0.0,279.0,140,139.0
100984,2024-10-26,4,1,257,1,399,0.0,399.0,210,189.0
100985,2025-09-21,2,4,158,2,799,0.0,1598.0,960,638.0
100986,2026-07-06,6,5,309,1,249,47.69,201.31,120,81.31
100987,2024-12-24,20,3,112,1,179,0.0,179.0,70,109.0
100988,2025-08-03,1,3,171,2,999,0.0,1998.0,1240,758.0
100989,2024-11-18,1,10,203,1,999,0.0,999.0,620,379.0
100989,2024-11-18,19,10,203,2,99,49.09,148.91,70,78.91
100990,2024-07-14,1,4,221,1,999,0.0,999.0,620,379.0
100991,2024-08-12,1,6,288,3,999,0.0,2997.0,1860,1137.0
100992,2024-03-13,15,9,13,2,35,0.0,70.0,24,46.0
100993,2026-07-16,14,4,327,1,49,0.0,49.0,18,31.0
100994,2025-02-25,15,10,251,1,35,0.0,35.0,12,23.0
100995,2026-04-05,13,8,326,1,199,0.0,199.0,95,104.0
100995,2026-04-05,17,8,326,1,89,0.0,89.0,30,59.0
100995,2026-04-05,15,8,326,1,35,0.0,35.0,12,23.0
100996,2025-11-22,10,9,178,1,149,29.14,119.86,60,59.86
100997,2024-08-08,10,4,183,1,149,0.0,149.0,60,89.0
100997,2024-08-08,5,4,183,1,349,0.0,349.0,180,169.0
100998,2024-07-21,2,1,237,2,799,0.0,1598.0,960,638.0
100998,2024-07-21,16,1,237,1,39,0.0,39.0,15,24.0
100999,2026-03-15,19,10,306,1,99,0.0,99.0,35,64.0
101000,2024-10-23,2,5,105,2,799,0.0,1598.0,960,638.0
101001,2026-06-13,20,2,10,2,179,0.0,358.0,140,218.0
101002,2024-06-11,9,9,222,3,79,0.0,237.0,75,162.0
101003,2025-11-20,14,1,49,1,49,0.0,49.0,18,31.0
101003,2025-11-20,8,1,49,1,349,0.0,349.0,150,199.0
101004,2026-03-18,10,1,165,1,149,0.0,149.0,60,89.0
101005,2024-09-24,17,3,197,1,89,0.0,89.0,30,59.0
101005,2024-09-24,19,3,197,1,99,0.0,99.0,35,64.0
101006,2024-11-02,5,7,383,1,349,0.0,349.0,180,169.0
101006,2024-11-02,15,7,383,1,35,0.0,35.0,12,23.0
101006,2024-11-02,1,7,383,2,999,481.05,1516.95,1240,276.95
101007,2026-07-31,13,4,334,1,199,0.0,199.0,95,104.0
101008,2024-10-23,10,9,51,1,149,0.0,149.0,60,89.0
101008,2024-10-23,4,9,51,1,399,0.0,399.0,210,189.0
101009,2025-03-26,10,10,274,1,149,0.0,149.0,60,89.0
101009,2025-03-26,16,10,274,1,39,0.0,39.0,15,24.0
101010,2025-03-29,6,7,346,2,249,106.17,391.83,240,151.83
101010,2025-03-29,12,7,346,1,279,0.0,279.0,140,139.0
101011,2024-10-12,16,1,174,1,39,0.0,39.0,15,24.0
101011,2024-10-12,15,1,174,2,35,0.0,70.0,24,46.0
101012,2026-02-07,4,4,175,1,399,0.0,399.0,210,189.0
101013,2026-02-03,7,10,99,1,599,0.0,599.0,260,339.0
101014,2025-01-26,4,8,109,1,399,0.0,399.0,210,189.0
101015,2026-04-06,5,8,297,1,349,37.13,311.87,180,131.87
101016,2024-09-01,12,8,80,1,279,0.0,279.0,140,139.0
101017,2024-01-06,18,5,52,1,24,0.0,24.0,8,16.0
101018,2025-08-18,16,2,50,1,39,0.0,39.0,15,24.0
101019,2026-08-26,9,4,114,1,79,0.0,79.0,25,54.0
101019,2026-08-26,15,4,114,1,35,0.0,35.0,12,23.0
101019,2026-08-26,12,4,114,1,279,0.0,279.0,140,139.0
101020,2024-02-18,10,7,147,2,149,73.3,224.7,120,104.7
101021,2024-08-26,15,2,97,1,35,0.0,35.0,12,23.0
101022,2025-06-24,12,8,96,1,279,0.0,279.0,140,139.0
101023,2026-03-13,3,10,138,1,649,0.0,649.0,350,299.0
101024,2024-04-17,7,10,376,1,599,0.0,599.0,260,339.0
101025,2025-02-16,5,4,302,1,349,84.42,264.58,180,84.58
101026,2026-01-09,11,3,395,1,129,0.0,129.0,45,84.0
101026,2026-01-09,17,3,395,1,89,0.0,89.0,30,59.0
101027,2025-01-19,1,2,285,1,999,0.0,999.0,620,379.0
101028,2024-08-05,19,2,369,3,99,0.0,297.0,105,192.0
101028,2024-08-05,6,2,369,2,249,0.0,498.0,240,258.0
101028,2024-08-05,14,2,369,1,49,0.0,49.0,18,31.0
101029,2024-08-12,16,9,363,1,39,0.0,39.0,15,24.0
101029,2024-08-12,3,9,363,1,649,0.0,649.0,350,299.0
101030,2025-03-05,20,1,31,1,179,0.0,179.0,70,109.0
101031,2025-05-15,13,9,328,1,199,0.0,199.0,95,104.0
101032,2026-04-30,7,8,113,3,599,0.0,1797.0,780,1017.0
101032,2026-04-30,14,8,113,1,49,0.0,49.0,18,31.0
101033,2025-10-24,18,8,207,1,24,0.0,24.0,8,16.0
101033,2025-10-24,15,8,207,1,35,0.0,35.0,12,23.0
101034,2025-11-29,4,10,180,2,399,44.47,753.53,420,333.53
101035,2026-08-16,10,5,88,1,149,0.0,149.0,60,89.0
101036,2025-03-07,7,1,333,1,599,54.91,544.09,260,284.09
101037,2025-02-25,17,8,16,1,89,0.0,89.0,30,59.0
101037,2025-02-25,7,8,16,1,599,0.0,599.0,260,339.0
101038,2026-06-22,20,3,373,1,179,42.94,136.06,70,66.06
101039,2024-10-05,2,4,217,1,799,0.0,799.0,480,319.0
101040,2025-12-25,7,5,29,1,599,0.0,599.0,260,339.0
101041,2026-01-16,14,2,51,2,49,0.0,98.0,36,62.0
101042,2024-04-27,15,6,378,1,35,0.0,35.0,12,23.0
101042,2024-04-27,9,6,378,1,79,0.0,79.0,25,54.0
101043,2025-05-04,6,9,226,1,249,0.0,249.0,120,129.0
101043,2025-05-04,14,9,226,1,49,0.0,49.0,18,31.0
101044,2024-08-18,15,3,289,1,35,0.0,35.0,12,23.0
101044,2024-08-18,8,3,289,1,349,0.0,349.0,150,199.0
101045,2024-08-01,18,8,30,1,24,0.0,24.0,8,16.0
101046,2025-04-30,20,6,145,3,179,0.0,537.0,210,327.0
101046,2025-04-30,7,6,145,1,599,53.82,545.18,260,285.18
101047,2024-11-12,5,1,279,1,349,0.0,349.0,180,169.0
101048,2026-02-28,17,5,30,1,89,0.0,89.0,30,59.0
101049,2026-06-08,1,10,264,1,999,67.06,931.94,620,311.94
101049,2026-06-08,4,10,264,1,399,0.0,399.0,210,189.0
101050,2026-03-07,18,3,366,1,24,0.0,24.0,8,16.0
101050,2026-03-07,20,3,366,1,179,0.0,179.0,70,109.0
101051,2024-10-24,1,8,51,2,999,0.0,1998.0,1240,758.0
101051,2024-10-24,13,8,51,1,199,0.0,199.0,95,104.0
101052,2024-11-01,3,1,146,1,649,0.0,649.0,350,299.0
101053,2024-10-13,13,2,63,3,199,0.0,597.0,285,312.0
101053,2024-10-13,6,2,63,1,249,0.0,249.0,120,129.0
101054,2024-06-05,4,3,390,1,399,0.0,399.0,210,189.0
101055,2026-07-11,15,3,232,1,35,0.0,35.0,12,23.0
101056,2025-02-24,12,4,300,1,279,0.0,279.0,140,139.0
101056,2025-02-24,9,4,300,1,79,0.0,79.0,25,54.0
101056,2025-02-24,1,4,300,1,999,0.0,999.0,620,379.0
101057,2024-09-13,12,7,230,1,279,0.0,279.0,140,139.0
101058,2026-04-16,9,9,219,1,79,0.0,79.0,25,54.0
101059,2025-02-20,19,3,151,2,99,0.0,198.0,70,128.0
101059,2025-02-20,18,3,151,1,24,0.0,24.0,8,16.0
101060,2024-02-14,10,9,177,1,149,0.0,149.0,60,89.0
101061,2024-07-05,18,10,224,1,24,0.0,24.0,8,16.0
101062,2025-10-21,2,6,385,1,799,0.0,799.0,480,319.0
101063,2026-02-14,10,8,283,1,149,0.0,149.0,60,89.0
101064,2024-08-29,2,7,138,2,799,0.0,1598.0,960,638.0
101065,2026-06-17,20,10,354,1,179,0.0,179.0,70,109.0
101066,2026-04-20,4,8,366,2,399,0.0,798.0,420,378.0
101067,2026-04-18,9,10,20,1,79,18.75,60.25,25,35.25
101067,2026-04-18,14,10,20,1,49,12.1,36.9,18,18.9
101067,2026-04-18,2,10,20,2,799,0.0,1598.0,960,638.0
101068,2024-09-16,14,8,291,1,49,0.0,49.0,18,31.0
101069,2024-03-04,7,6,209,1,599,0.0,599.0,260,339.0
101070,2026-05-05,9,5,303,1,79,0.0,79.0,25,54.0
101071,2024-11-25,4,5,279,1,399,0.0,399.0,210,189.0
101072,2025-10-03,16,10,334,1,39,0.0,39.0,15,24.0
101073,2026-01-22,13,10,339,3,199,148.93,448.07,285,163.07
101073,2026-01-22,16,10,339,1,39,0.0,39.0,15,24.0
101073,2026-01-22,8,10,339,1,349,0.0,349.0,150,199.0
101074,2024-05-29,4,7,91,1,399,0.0,399.0,210,189.0
101074,2024-05-29,20,7,91,1,179,0.0,179.0,70,109.0
101075,2026-02-12,6,1,29,1,249,0.0,249.0,120,129.0
101076,2026-07-06,18,8,383,2,24,0.0,48.0,16,32.0
101076,2026-07-06,7,8,383,1,599,0.0,599.0,260,339.0
101077,2025-12-24,1,4,42,1,999,136.42,862.58,620,242.58
101078,2025-04-07,2,10,71,1,799,0.0,799.0,480,319.0
101078,2025-04-07,8,10,71,2,349,0.0,698.0,300,398.0
101079,2026-05-12,7,8,91,1,599,0.0,599.0,260,339.0
101080,2025-07-03,18,4,143,1,24,0.0,24.0,8,16.0
101081,2026-01-06,11,5,269,1,129,0.0,129.0,45,84.0
101082,2026-03-23,18,7,332,1,24,0.0,24.0,8,16.0
101083,2026-01-11,7,2,171,1,599,0.0,599.0,260,339.0
101083,2026-01-11,6,2,171,1,249,0.0,249.0,120,129.0
101084,2024-11-11,8,5,230,1,349,0.0,349.0,150,199.0
101085,2024-05-18,17,6,377,2,89,0.0,178.0,60,118.0
101086,2024-09-27,9,1,97,1,79,0.0,79.0,25,54.0
101086,2024-09-27,6,1,97,2,249,0.0,498.0,240,258.0
101086,2024-09-27,5,1,97,2,349,0.0,698.0,360,338.0
101087,2025-06-07,7,3,236,1,599,0.0,599.0,260,339.0
101088,2025-06-10,16,2,49,1,39,0.0,39.0,15,24.0
101089,2025-08-29,10,7,197,1,149,0.0,149.0,60,89.0
101090,2025-02-15,15,10,294,1,35,0.0,35.0,12,23.0
101091,2026-02-19,8,2,323,1,349,70.21,278.79,150,128.79
101091,2026-02-19,7,2,323,1,599,0.0,599.0,260,339.0
101092,2026-06-13,1,2,58,2,999,0.0,1998.0,1240,758.0
101092,2026-06-13,14,2,58,1,49,0.0,49.0,18,31.0
101093,2024-10-06,13,2,152,1,199,0.0,199.0,95,104.0
101093,2024-10-06,16,2,152,1,39,4.15,34.85,15,19.85
101094,2025-12-30,19,8,217,1,99,0.0,99.0,35,64.0
101094,2025-12-30,4,8,217,2,399,0.0,798.0,420,378.0
101095,2025-11-20,5,4,141,1,349,39.38,309.62,180,129.62
101095,2025-11-20,10,4,141,2,149,0.0,298.0,120,178.0
101096,2025-06-28,5,4,400,1,349,0.0,349.0,180,169.0
101096,2025-06-28,16,4,400,1,39,0.0,39.0,15,24.0
101096,2025-06-28,8,4,400,2,349,0.0,698.0,300,398.0
101097,2024-08-05,16,4,286,1,39,0.0,39.0,15,24.0
101097,2024-08-05,2,4,286,3,799,0.0,2397.0,1440,957.0
101098,2026-02-27,11,10,221,1,129,0.0,129.0,45,84.0
101099,2026-07-27,14,6,302,1,49,0.0,49.0,18,31.0
101100,2025-12-20,10,9,56,2,149,22.7,275.3,120,155.3
101100,2025-12-20,19,9,56,1,99,0.0,99.0,35,64.0
101101,2026-06-17,5,3,341,1,349,0.0,349.0,180,169.0
101101,2026-06-17,17,3,341,1,89,0.0,89.0,30,59.0
101102,2026-08-17,12,1,112,1,279,0.0,279.0,140,139.0
101102,2026-08-17,11,1,112,1,129,0.0,129.0,45,84.0
101103,2024-12-29,2,9,384,1,799,0.0,799.0,480,319.0
101104,2025-10-20,2,1,289,1,799,0.0,799.0,480,319.0
101105,2025-05-10,18,9,196,1,24,0.0,24.0,8,16.0
101106,2026-08-20,8,10,306,1,349,0.0,349.0,150,199.0
101107,2024-04-22,18,4,163,2,24,0.0,48.0,16,32.0
101108,2025-03-07,5,6,352,1,349,0.0,349.0,180,169.0
101109,2026-05-12,20,8,191,2,179,33.05,324.95,140,184.95
101110,2024-11-08,1,3,250,2,999,0.0,1998.0,1240,758.0
101111,2026-02-19,20,6,136,1,179,0.0,179.0,70,109.0
101112,2025-01-31,2,10,230,1,799,0.0,799.0,480,319.0
101113,2026-08-14,9,2,32,1,79,11.18,67.82,25,42.82
101113,2026-08-14,18,2,32,1,24,0.0,24.0,8,16.0
101114,2026-05-18,16,1,44,1,39,0.0,39.0,15,24.0
101114,2026-05-18,9,1,44,3,79,0.0,237.0,75,162.0
101115,2024-11-22,15,10,294,1,35,5.34,29.66,12,17.66
101116,2026-02-01,4,4,396,2,399,0.0,798.0,420,378.0
101117,2024-12-18,3,3,300,1,649,0.0,649.0,350,299.0
101118,2025-09-22,6,10,236,1,249,0.0,249.0,120,129.0
101119,2025-11-06,3,4,154,1,649,0.0,649.0,350,299.0
101120,2026-04-01,17,7,296,2,89,0.0,178.0,60,118.0
101120,2026-04-01,7,7,296,1,599,0.0,599.0,260,339.0
101121,2024-01-31,14,1,233,1,49,0.0,49.0,18,31.0
101122,2024-09-08,1,1,287,1,999,76.4,922.6,620,302.6
101123,2025-12-13,20,4,57,2,179,47.74,310.26,140,170.26
101124,2025-08-10,10,4,94,1,149,0.0,149.0,60,89.0
101125,2025-05-31,6,8,372,2,249,0.0,498.0,240,258.0
101126,2024-03-10,17,9,117,1,89,18.44,70.56,30,40.56
101127,2024-12-26,13,2,352,1,199,49.1,149.9,95,54.9
101128,2026-05-03,14,6,56,1,49,0.0,49.0,18,31.0
101129,2024-02-08,11,6,286,2,129,0.0,258.0,90,168.0
101130,2025-02-17,11,4,384,2,129,0.0,258.0,90,168.0
101131,2026-07-12,8,10,387,1,349,0.0,349.0,150,199.0
101132,2024-03-05,9,7,5,2,79,0.0,158.0,50,108.0
101133,2026-01-11,15,6,315,1,35,0.0,35.0,12,23.0
101134,2024-10-16,18,2,298,1,24,0.0,24.0,8,16.0
101135,2026-05-04,19,9,21,1,99,6.95,92.05,35,57.05
101136,2026-01-08,9,4,359,1,79,0.0,79.0,25,54.0
101137,2026-05-20,4,6,152,1,399,0.0,399.0,210,189.0
101138,2024-09-04,4,1,208,1,399,0.0,399.0,210,189.0
101139,2025-07-07,5,4,126,1,349,0.0,349.0,180,169.0
101140,2026-02-10,9,9,220,2,79,0.0,158.0,50,108.0
101141,2024-10-05,2,9,399,1,799,0.0,799.0,480,319.0
101141,2024-10-05,13,9,399,1,199,0.0,199.0,95,104.0
101142,2024-09-19,17,10,400,1,89,0.0,89.0,30,59.0
101142,2024-09-19,18,10,400,2,24,0.0,48.0,16,32.0
101143,2024-02-03,3,7,378,2,649,0.0,1298.0,700,598.0
101144,2026-07-25,11,2,227,1,129,0.0,129.0,45,84.0
101145,2025-12-12,6,6,225,1,249,0.0,249.0,120,129.0
101146,2025-10-18,3,10,165,1,649,0.0,649.0,350,299.0
101146,2025-10-18,15,10,165,3,35,19.65,85.35,36,49.35
101147,2026-01-06,20,2,277,2,179,0.0,358.0,140,218.0
101148,2025-07-07,18,6,27,1,24,0.0,24.0,8,16.0
101149,2025-05-12,13,1,144,2,199,32.63,365.37,190,175.37
101150,2025-04-16,7,6,198,1,599,0.0,599.0,260,339.0
101151,2025-10-22,12,7,238,1,279,0.0,279.0,140,139.0
101152,2024-08-19,12,6,228,1,279,0.0,279.0,140,139.0
101153,2026-05-22,9,5,296,1,79,0.0,79.0,25,54.0
101154,2026-03-15,13,10,119,1,199,0.0,199.0,95,104.0
101155,2024-12-27,19,10,25,2,99,0.0,198.0,70,128.0
101156,2025-08-25,10,7,12,2,149,0.0,298.0,120,178.0
101156,2025-08-25,17,7,12,1,89,0.0,89.0,30,59.0
101157,2024-06-12,1,10,371,1,999,0.0,999.0,620,379.0
101158,2026-08-07,14,8,278,1,49,0.0,49.0,18,31.0
101159,2026-06-04,18,9,240,1,24,0.0,24.0,8,16.0
101160,2026-06-21,18,4,165,1,24,0.0,24.0,8,16.0
101161,2024-12-15,17,7,372,1,89,6.3,82.7,30,52.7
101162,2024-07-13,16,5,18,1,39,6.83,32.17,15,17.17
101163,2024-08-30,5,4,1,1,349,0.0,349.0,180,169.0
101163,2024-08-30,16,4,1,2,39,0.0,78.0,30,48.0
101164,2024-04-18,18,1,104,1,24,0.0,24.0,8,16.0
101165,2024-05-20,13,1,245,2,199,0.0,398.0,190,208.0
101166,2024-03-28,14,10,190,1,49,0.0,49.0,18,31.0
101167,2026-08-22,13,3,7,1,199,34.54,164.46,95,69.46
101168,2024-04-01,6,6,357,1,249,0.0,249.0,120,129.0
101169,2024-06-02,4,9,324,1,399,0.0,399.0,210,189.0
101170,2026-03-30,16,1,59,2,39,0.0,78.0,30,48.0
101171,2025-08-27,11,5,55,1,129,0.0,129.0,45,84.0
101171,2025-08-27,3,5,55,1,649,0.0,649.0,350,299.0
101172,2026-02-05,10,10,366,1,149,0.0,149.0,60,89.0
101173,2025-10-14,16,5,25,2,39,0.0,78.0,30,48.0
101174,2026-05-17,1,2,219,1,999,0.0,999.0,620,379.0
101175,2025-10-21,15,9,157,1,35,0.0,35.0,12,23.0
101176,2025-06-27,3,3,375,1,649,0.0,649.0,350,299.0
101176,2025-06-27,9,3,375,1,79,0.0,79.0,25,54.0
101176,2025-06-27,4,3,375,1,399,0.0,399.0,210,189.0
101177,2025-12-14,2,10,258,2,799,0.0,1598.0,960,638.0
101178,2025-04-13,19,10,239,2,99,0.0,198.0,70,128.0
101179,2024-12-25,4,3,56,2,399,0.0,798.0,420,378.0
101180,2025-05-04,16,9,168,1,39,0.0,39.0,15,24.0
101180,2025-05-04,3,9,168,1,649,0.0,649.0,350,299.0
101180,2025-05-04,12,9,168,1,279,0.0,279.0,140,139.0
101181,2024-07-14,8,7,34,1,349,55.0,294.0,150,144.0
101181,2024-07-14,14,7,34,2,49,0.0,98.0,36,62.0
101182,2026-03-01,13,1,1,1,199,0.0,199.0,95,104.0
101182,2026-03-01,19,1,1,2,99,0.0,198.0,70,128.0
101183,2024-10-19,14,2,97,1,49,0.0,49.0,18,31.0
101183,2024-10-19,3,2,97,1,649,0.0,649.0,350,299.0
101184,2024-06-26,9,8,151,1,79,0.0,79.0,25,54.0
101185,2024-10-05,1,3,366,2,999,0.0,1998.0,1240,758.0
101186,2026-04-12,12,6,36,1,279,0.0,279.0,140,139.0
101187,2024-12-13,19,6,148,1,99,6.1,92.9,35,57.9
101187,2024-12-13,4,6,148,1,399,0.0,399.0,210,189.0
101187,2024-12-13,16,6,148,1,39,0.0,39.0,15,24.0
101188,2025-11-26,10,8,370,1,149,0.0,149.0,60,89.0
101189,2026-04-25,1,1,165,2,999,105.49,1892.51,1240,652.51
101190,2024-04-05,12,3,53,1,279,45.25,233.75,140,93.75
101190,2024-04-05,11,3,53,1,129,0.0,129.0,45,84.0
101191,2026-01-27,14,10,25,1,49,0.0,49.0,18,31.0
101191,2026-01-27,3,10,25,2,649,75.25,1222.75,700,522.75
101192,2024-11-27,2,10,376,2,799,0.0,1598.0,960,638.0
101193,2024-09-04,6,6,382,1,249,0.0,249.0,120,129.0
101194,2025-11-28,17,2,223,2,89,0.0,178.0,60,118.0
101195,2026-06-10,3,10,316,2,649,0.0,1298.0,700,598.0
101196,2024-11-17,20,3,147,1,179,44.56,134.44,70,64.44
101196,2024-11-17,6,3,147,1,249,26.32,222.68,120,102.68
101197,2025-08-15,2,6,376,2,799,0.0,1598.0,960,638.0
101198,2024-11-13,8,9,142,1,349,0.0,349.0,150,199.0
101199,2025-08-01,3,4,368,1,649,0.0,649.0,350,299.0
101199,2025-08-01,10,4,368,1,149,0.0,149.0,60,89.0
101200,2025-10-06,17,1,54,1,89,0.0,89.0,30,59.0
101200,2025-10-06,3,1,54,2,649,0.0,1298.0,700,598.0
101201,2025-09-25,18,7,14,3,24,10.85,61.15,24,37.15
101202,2025-10-07,9,1,346,1,79,0.0,79.0,25,54.0
101202,2025-10-07,10,1,346,1,149,0.0,149.0,60,89.0
101203,2024-06-05,9,9,234,1,79,0.0,79.0,25,54.0
101204,2025-12-01,6,4,210,3,249,179.02,567.98,360,207.98
101204,2025-12-01,5,4,210,1,349,0.0,349.0,180,169.0
101205,2025-11-18,19,1,69,1,99,0.0,99.0,35,64.0
101206,2025-11-23,19,3,5,1,99,16.67,82.33,35,47.33
101207,2024-04-01,1,10,370,1,999,188.82,810.18,620,190.18
101208,2025-04-13,6,9,18,1,249,0.0,249.0,120,129.0
101208,2025-04-13,8,9,18,1,349,0.0,349.0,150,199.0
101209,2025-03-04,11,10,2,1,129,0.0,129.0,45,84.0
101210,2024-04-15,1,7,272,1,999,0.0,999.0,620,379.0
101210,2024-04-15,13,7,272,1,199,19.11,179.89,95,84.89
101210,2024-04-15,15,7,272,1,35,6.59,28.41,12,16.41
101211,2024-09-11,17,4,90,1,89,0.0,89.0,30,59.0
101211,2024-09-11,5,4,90,1,349,0.0,349.0,180,169.0
101212,2025-04-07,7,8,165,2,599,191.96,1006.04,520,486.04
101213,2026-01-04,20,4,291,1,179,32.01,146.99,70,76.99
101214,2024-09-26,7,3,352,1,599,0.0,599.0,260,339.0
101215,2026-04-01,8,3,372,2,349,0.0,698.0,300,398.0
101216,2025-07-22,4,7,219,1,399,0.0,399.0,210,189.0
101217,2026-01-22,17,1,129,2,89,0.0,178.0,60,118.0
101217,2026-01-22,20,1,129,1,179,0.0,179.0,70,109.0
101218,2025-05-09,7,6,271,2,599,163.81,1034.19,520,514.19
101219,2025-06-04,9,4,163,1,79,0.0,79.0,25,54.0
101219,2025-06-04,5,4,163,1,349,0.0,349.0,180,169.0
101220,2025-10-04,4,9,157,2,399,0.0,798.0,420,378.0
101220,2025-10-04,7,9,157,1,599,115.19,483.81,260,223.81
101221,2026-06-26,1,3,27,1,999,0.0,999.0,620,379.0
101222,2025-05-27,17,7,374,1,89,6.94,82.06,30,52.06
101223,2025-07-04,13,9,287,2,199,0.0,398.0,190,208.0
101224,2025-09-17,10,8,324,1,149,0.0,149.0,60,89.0
101225,2025-12-31,13,8,248,1,199,32.96,166.04,95,71.04
101226,2024-03-29,5,6,42,2,349,0.0,698.0,360,338.0
101226,2024-03-29,1,6,42,1,999,0.0,999.0,620,379.0
101227,2025-06-20,3,7,293,1,649,0.0,649.0,350,299.0
101228,2025-05-17,1,4,229,1,999,0.0,999.0,620,379.0
101229,2026-06-21,17,1,7,1,89,0.0,89.0,30,59.0
101229,2026-06-21,12,1,7,1,279,0.0,279.0,140,139.0
101229,2026-06-21,4,1,7,1,399,0.0,399.0,210,189.0
101230,2025-05-29,19,1,83,1,99,0.0,99.0,35,64.0
101231,2025-05-05,6,1,52,1,249,0.0,249.0,120,129.0
101232,2026-07-29,19,10,344,1,99,0.0,99.0,35,64.0
101233,2025-04-17,17,10,5,1,89,0.0,89.0,30,59.0
101233,2025-04-17,14,10,5,1,49,0.0,49.0,18,31.0
101234,2024-07-27,8,2,395,1,349,0.0,349.0,150,199.0
101234,2024-07-27,16,2,395,3,39,12.21,104.79,45,59.79
101235,2024-09-05,11,9,396,1,129,16.15,112.85,45,67.85
101236,2024-04-24,17,2,140,1,89,0.0,89.0,30,59.0
101237,2024-01-01,16,7,191,1,39,0.0,39.0,15,24.0
101237,2024-01-01,12,7,191,1,279,0.0,279.0,140,139.0
101238,2025-03-29,14,3,49,1,49,2.46,46.54,18,28.54
101239,2026-01-31,11,6,154,1,129,0.0,129.0,45,84.0
101240,2025-12-28,10,7,317,2,149,27.12,270.88,120,150.88
101240,2025-12-28,5,7,317,1,349,0.0,349.0,180,169.0
101240,2025-12-28,13,7,317,1,199,0.0,199.0,95,104.0
101241,2024-02-10,6,7,281,1,249,0.0,249.0,120,129.0
101242,2025-08-17,9,6,316,2,79,0.0,158.0,50,108.0
101242,2025-08-17,13,6,316,1,199,0.0,199.0,95,104.0
101243,2024-06-26,18,6,346,1,24,4.76,19.24,8,11.24
101243,2024-06-26,7,6,346,1,599,0.0,599.0,260,339.0
101244,2026-07-09,13,6,194,1,199,0.0,199.0,95,104.0
101244,2026-07-09,7,6,194,1,599,0.0,599.0,260,339.0
101244,2026-07-09,12,6,194,2,279,122.41,435.59,280,155.59
101245,2024-07-11,1,6,381,1,999,0.0,999.0,620,379.0
101245,2024-07-11,5,6,381,1,349,0.0,349.0,180,169.0
101246,2025-10-10,12,8,28,1,279,0.0,279.0,140,139.0
101246,2025-10-10,19,8,28,1,99,20.42,78.58,35,43.58
101247,2024-12-10,12,6,57,1,279,15.27,263.73,140,123.73
101248,2025-10-23,4,10,38,1,399,0.0,399.0,210,189.0
101248,2025-10-23,10,10,38,1,149,0.0,149.0,60,89.0
101249,2025-03-07,6,4,399,2,249,0.0,498.0,240,258.0
101250,2026-01-21,18,2,130,1,24,0.0,24.0,8,16.0
101251,2024-09-19,17,8,330,1,89,0.0,89.0,30,59.0
101252,2026-06-07,7,6,109,1,599,143.56,455.44,260,195.44
101253,2025-06-05,19,3,129,1,99,0.0,99.0,35,64.0
101254,2026-01-18,17,1,399,1,89,0.0,89.0,30,59.0
101255,2026-04-19,11,7,361,1,129,0.0,129.0,45,84.0
101256,2026-08-30,10,2,385,1,149,0.0,149.0,60,89.0
101256,2026-08-30,19,2,385,1,99,0.0,99.0,35,64.0
101257,2024-09-12,11,7,391,1,129,10.57,118.43,45,73.43
101257,2024-09-12,20,7,391,1,179,0.0,179.0,70,109.0
101258,2024-11-10,6,6,143,1,249,0.0,249.0,120,129.0
101259,2024-10-09,5,8,119,1,349,0.0,349.0,180,169.0
101259,2024-10-09,15,8,119,2,35,0.0,70.0,24,46.0
101260,2024-10-21,10,3,337,3,149,73.13,373.87,180,193.87
101261,2025-08-29,13,7,104,1,199,0.0,199.0,95,104.0
101262,2026-08-26,5,9,174,1,349,0.0,349.0,180,169.0
101263,2026-08-23,12,3,256,1,279,0.0,279.0,140,139.0
101264,2025-07-02,10,5,131,1,149,0.0,149.0,60,89.0
101264,2025-07-02,16,5,131,1,39,0.0,39.0,15,24.0
101265,2025-10-21,7,5,100,2,599,0.0,1198.0,520,678.0
101265,2025-10-21,15,5,100,1,35,7.07,27.93,12,15.93
101266,2026-04-28,11,2,232,2,129,0.0,258.0,90,168.0
101266,2026-04-28,2,2,232,1,799,0.0,799.0,480,319.0
101267,2026-07-01,4,2,213,2,399,0.0,798.0,420,378.0
101268,2024-08-22,3,4,181,1,649,0.0,649.0,350,299.0
101269,2025-07-04,18,1,300,2,24,8.56,39.44,16,23.44
101270,2026-04-04,18,9,37,1,24,0.0,24.0,8,16.0
101271,2024-11-23,10,3,24,1,149,0.0,149.0,60,89.0
101272,2025-04-06,12,2,201,2,279,0.0,558.0,280,278.0
101273,2026-08-19,1,9,334,1,999,0.0,999.0,620,379.0
101274,2026-08-18,9,10,344,1,79,0.0,79.0,25,54.0
101275,2026-06-07,11,10,333,1,129,0.0,129.0,45,84.0
101275,2026-06-07,12,10,333,1,279,0.0,279.0,140,139.0
101275,2026-06-07,2,10,333,2,799,0.0,1598.0,960,638.0
101276,2026-03-03,3,10,40,1,649,0.0,649.0,350,299.0
101277,2024-10-27,3,2,59,1,649,0.0,649.0,350,299.0
101278,2024-12-06,13,2,52,1,199,0.0,199.0,95,104.0
101278,2024-12-06,14,2,52,1,49,0.0,49.0,18,31.0
101279,2025-07-24,19,8,22,1,99,0.0,99.0,35,64.0
101280,2025-08-07,4,1,296,2,399,0.0,798.0,420,378.0
101281,2025-06-10,18,8,256,2,24,0.0,48.0,16,32.0
101281,2025-06-10,16,8,256,2,39,0.0,78.0,30,48.0
101281,2025-06-10,8,8,256,2,349,0.0,698.0,300,398.0
101282,2025-10-19,3,2,189,2,649,0.0,1298.0,700,598.0
101283,2025-03-03,10,10,102,1,149,0.0,149.0,60,89.0
101283,2025-03-03,1,10,102,1,999,0.0,999.0,620,379.0
101284,2026-01-11,2,9,24,1,799,175.38,623.62,480,143.62
101285,2024-12-16,12,8,332,1,279,17.16,261.84,140,121.84
101286,2024-12-13,3,2,237,1,649,61.42,587.58,350,237.58
101287,2024-05-28,11,5,106,1,129,0.0,129.0,45,84.0
101288,2024-08-05,6,4,386,1,249,0.0,249.0,120,129.0
101289,2026-04-20,13,7,306,2,199,0.0,398.0,190,208.0
101289,2026-04-20,3,7,306,1,649,0.0,649.0,350,299.0
101290,2025-04-12,6,5,184,1,249,0.0,249.0,120,129.0
101291,2024-09-16,1,1,139,3,999,0.0,2997.0,1860,1137.0
101292,2026-01-21,8,10,32,2,349,0.0,698.0,300,398.0
101293,2025-07-31,20,9,358,1,179,38.36,140.64,70,70.64
101294,2024-01-27,5,6,56,2,349,0.0,698.0,360,338.0
101295,2024-12-03,11,5,91,1,129,0.0,129.0,45,84.0
101295,2024-12-03,16,5,91,1,39,4.78,34.22,15,19.22
101295,2024-12-03,18,5,91,1,24,4.56,19.44,8,11.44
101296,2024-07-23,14,3,220,1,49,0.0,49.0,18,31.0
101297,2025-11-04,2,5,183,1,799,0.0,799.0,480,319.0
101297,2025-11-04,19,5,183,3,99,55.42,241.58,105,136.58
101297,2025-11-04,8,5,183,1,349,0.0,349.0,150,199.0
101298,2024-11-01,4,8,258,2,399,0.0,798.0,420,378.0
101299,2024-03-21,15,10,222,1,35,0.0,35.0,12,23.0
101300,2024-03-09,19,4,186,1,99,0.0,99.0,35,64.0
101301,2025-08-29,20,4,192,1,179,0.0,179.0,70,109.0
101301,2025-08-29,17,4,192,1,89,0.0,89.0,30,59.0
101302,2024-01-27,7,2,191,1,599,0.0,599.0,260,339.0
101303,2026-04-18,19,6,350,1,99,0.0,99.0,35,64.0
101304,2024-06-28,6,9,36,1,249,0.0,249.0,120,129.0
101305,2025-09-22,5,4,202,2,349,0.0,698.0,360,338.0
101306,2025-04-11,9,6,280,2,79,35.5,122.5,50,72.5
101306,2025-04-11,4,6,280,1,399,0.0,399.0,210,189.0
101306,2025-04-11,8,6,280,1,349,0.0,349.0,150,199.0
101307,2025-04-09,8,10,107,1,349,0.0,349.0,150,199.0
101308,2024-03-29,9,9,249,1,79,0.0,79.0,25,54.0
101309,2026-03-07,15,2,399,2,35,0.0,70.0,24,46.0
101309,2026-03-07,3,2,399,1,649,0.0,649.0,350,299.0
101309,2026-03-07,5,2,399,2,349,0.0,698.0,360,338.0
101310,2026-05-26,9,3,353,1,79,0.0,79.0,25,54.0
101311,2024-01-14,17,5,186,1,89,0.0,89.0,30,59.0
101312,2024-07-24,11,5,5,1,129,0.0,129.0,45,84.0
101313,2026-06-05,3,6,354,1,649,0.0,649.0,350,299.0
101314,2025-07-26,10,5,179,1,149,19.55,129.45,60,69.45
101315,2024-06-22,14,6,391,2,49,6.69,91.31,36,55.31
101315,2024-06-22,15,6,391,1,35,0.0,35.0,12,23.0
101316,2024-08-20,5,3,287,1,349,0.0,349.0,180,169.0
101317,2025-11-07,2,7,168,2,799,0.0,1598.0,960,638.0
101317,2025-11-07,18,7,168,1,24,0.0,24.0,8,16.0
101318,2025-12-22,1,7,253,1,999,0.0,999.0,620,379.0
101318,2025-12-22,6,7,253,2,249,0.0,498.0,240,258.0
101319,2025-09-15,3,7,73,1,649,152.79,496.21,350,146.21
101320,2026-07-20,9,6,238,1,79,0.0,79.0,25,54.0
101321,2025-05-30,10,4,100,2,149,0.0,298.0,120,178.0
101322,2024-11-21,9,4,287,3,79,20.13,216.87,75,141.87
101322,2024-11-21,3,4,287,2,649,0.0,1298.0,700,598.0
101323,2025-05-13,9,8,72,1,79,0.0,79.0,25,54.0
101324,2025-01-05,1,2,254,1,999,0.0,999.0,620,379.0
101324,2025-01-05,16,2,254,2,39,0.0,78.0,30,48.0
101324,2025-01-05,14,2,254,1,49,0.0,49.0,18,31.0
101325,2024-09-13,16,5,1,1,39,0.0,39.0,15,24.0
101325,2024-09-13,11,5,1,1,129,0.0,129.0,45,84.0
101325,2024-09-13,8,5,1,2,349,0.0,698.0,300,398.0
101326,2024-02-28,19,5,91,2,99,0.0,198.0,70,128.0
101326,2024-02-28,8,5,91,1,349,84.93,264.07,150,114.07
101326,2024-02-28,7,5,91,1,599,0.0,599.0,260,339.0
101327,2024-12-29,8,7,250,2,349,0.0,698.0,300,398.0
101328,2025-12-13,5,1,224,1,349,0.0,349.0,180,169.0
101329,2024-01-23,5,6,50,2,349,0.0,698.0,360,338.0
101330,2025-04-05,9,1,93,1,79,0.0,79.0,25,54.0
101330,2025-04-05,13,1,93,2,199,0.0,398.0,190,208.0
101331,2025-10-26,19,6,118,1,99,0.0,99.0,35,64.0
101332,2025-09-25,19,8,339,1,99,0.0,99.0,35,64.0
101333,2026-02-08,13,9,67,1,199,0.0,199.0,95,104.0
101334,2026-03-14,12,10,160,2,279,137.39,420.61,280,140.61
101334,2026-03-14,14,10,160,1,49,0.0,49.0,18,31.0
101335,2025-12-13,20,7,289,1,179,0.0,179.0,70,109.0
101335,2025-12-13,7,7,289,2,599,109.73,1088.27,520,568.27
101336,2024-05-02,3,3,365,1,649,0.0,649.0,350,299.0
101337,2025-05-11,7,10,147,1,599,0.0,599.0,260,339.0
101338,2025-09-19,16,4,307,1,39,2.87,36.13,15,21.13
101338,2025-09-19,20,4,307,2,179,0.0,358.0,140,218.0
101338,2025-09-19,12,4,307,1,279,17.67,261.33,140,121.33
101339,2024-10-04,8,10,156,1,349,0.0,349.0,150,199.0
101340,2024-02-23,4,9,173,2,399,0.0,798.0,420,378.0
101340,2024-02-23,19,9,173,1,99,0.0,99.0,35,64.0
101341,2024-09-12,6,8,299,3,249,0.0,747.0,360,387.0
101342,2025-04-21,1,5,334,1,999,0.0,999.0,620,379.0
101342,2025-04-21,7,5,334,1,599,140.98,458.02,260,198.02
101343,2025-03-09,18,3,219,1,24,3.77,20.23,8,12.23
101344,2024-07-22,19,6,237,1,99,0.0,99.0,35,64.0
101345,2026-03-27,4,1,12,1,399,0.0,399.0,210,189.0
101346,2026-06-24,20,9,79,2,179,0.0,358.0,140,218.0
101346,2026-06-24,15,9,79,1,35,0.0,35.0,12,23.0
101347,2024-08-19,19,6,341,1,99,0.0,99.0,35,64.0
101348,2026-06-28,10,4,16,1,149,0.0,149.0,60,89.0
101348,2026-06-28,9,4,16,1,79,0.0,79.0,25,54.0
101348,2026-06-28,7,4,16,2,599,0.0,1198.0,520,678.0
101349,2024-01-22,15,8,32,2,35,0.0,70.0,24,46.0
101349,2024-01-22,4,8,32,1,399,0.0,399.0,210,189.0
101349,2024-01-22,18,8,32,1,24,0.0,24.0,8,16.0
101350,2026-06-24,3,5,207,1,649,0.0,649.0,350,299.0
101351,2026-07-19,8,5,21,1,349,0.0,349.0,150,199.0
101351,2026-07-19,19,5,21,1,99,0.0,99.0,35,64.0
101352,2024-01-15,12,5,270,2,279,0.0,558.0,280,278.0
101353,2026-01-25,3,8,400,1,649,0.0,649.0,350,299.0
101353,2026-01-25,7,8,400,1,599,0.0,599.0,260,339.0
101354,2026-08-05,7,8,322,1,599,0.0,599.0,260,339.0
101354,2026-08-05,2,8,322,1,799,0.0,799.0,480,319.0
101355,2026-06-07,11,10,33,1,129,11.14,117.86,45,72.86
101356,2026-08-05,4,10,263,1,399,0.0,399.0,210,189.0
101357,2025-07-27,13,4,167,1,199,0.0,199.0,95,104.0
101358,2024-04-05,6,9,104,2,249,0.0,498.0,240,258.0
101359,2026-04-19,20,10,397,1,179,0.0,179.0,70,109.0
101359,2026-04-19,14,10,397,1,49,0.0,49.0,18,31.0
101360,2025-09-29,8,8,186,2,349,0.0,698.0,300,398.0
101360,2025-09-29,19,8,186,3,99,0.0,297.0,105,192.0
101361,2025-09-30,20,1,233,1,179,0.0,179.0,70,109.0
101362,2025-03-13,15,8,140,2,35,0.0,70.0,24,46.0
101362,2025-03-13,13,8,140,1,199,27.73,171.27,95,76.27
101363,2025-08-18,20,9,91,1,179,0.0,179.0,70,109.0
101363,2025-08-18,8,9,91,1,349,42.73,306.27,150,156.27
101364,2024-06-26,17,6,91,2,89,16.89,161.11,60,101.11
101365,2026-01-01,9,3,46,1,79,17.2,61.8,25,36.8
101366,2024-04-02,7,9,231,1,599,31.54,567.46,260,307.46
101367,2025-12-25,19,9,387,1,99,8.09,90.91,35,55.91
101368,2026-04-18,5,2,241,2,349,0.0,698.0,360,338.0
101368,2026-04-18,10,2,241,1,149,0.0,149.0,60,89.0
101369,2025-05-09,16,8,337,1,39,0.0,39.0,15,24.0
101370,2025-06-15,2,9,373,1,799,154.76,644.24,480,164.24
101371,2024-11-30,16,4,14,1,39,0.0,39.0,15,24.0
101372,2026-08-04,13,7,259,1,199,27.53,171.47,95,76.47
101373,2025-12-28,10,5,327,1,149,0.0,149.0,60,89.0
101374,2025-01-16,2,6,284,1,799,0.0,799.0,480,319.0
101374,2025-01-16,18,6,284,1,24,0.0,24.0,8,16.0
101375,2024-07-20,10,3,223,1,149,0.0,149.0,60,89.0
101375,2024-07-20,6,3,223,1,249,0.0,249.0,120,129.0
101376,2024-09-08,9,5,107,1,79,0.0,79.0,25,54.0
101377,2025-04-30,14,2,107,1,49,0.0,49.0,18,31.0
101378,2026-07-10,5,4,369,1,349,0.0,349.0,180,169.0
101379,2025-12-28,18,2,199,1,24,0.0,24.0,8,16.0
101379,2025-12-28,6,2,199,1,249,0.0,249.0,120,129.0
101380,2024-09-03,17,5,140,1,89,0.0,89.0,30,59.0
101381,2026-04-28,19,4,96,1,99,0.0,99.0,35,64.0
101382,2025-01-26,7,3,229,1,599,0.0,599.0,260,339.0
101382,2025-01-26,1,3,229,1,999,0.0,999.0,620,379.0
101383,2026-04-21,15,8,312,1,35,0.0,35.0,12,23.0
101384,2024-10-01,6,3,389,1,249,0.0,249.0,120,129.0
101385,2025-10-03,14,1,177,1,49,0.0,49.0,18,31.0
101386,2026-06-25,18,1,19,1,24,0.0,24.0,8,16.0
101387,2024-10-16,14,4,231,1,49,0.0,49.0,18,31.0
101388,2025-12-01,2,4,29,2,799,391.51,1206.49,960,246.49
101389,2026-08-20,7,5,75,1,599,0.0,599.0,260,339.0
101390,2024-06-22,15,4,13,1,35,0.0,35.0,12,23.0
101391,2024-04-16,13,3,320,1,199,0.0,199.0,95,104.0
101391,2024-04-16,7,3,320,1,599,0.0,599.0,260,339.0
101392,2025-11-17,7,5,363,1,599,58.76,540.24,260,280.24
101393,2024-12-20,13,1,148,1,199,33.59,165.41,95,70.41
101394,2024-03-28,20,4,261,1,179,21.4,157.6,70,87.6
101395,2025-05-11,20,2,156,1,179,28.3,150.7,70,80.7
101396,2026-01-15,19,5,372,2,99,13.07,184.93,70,114.93
101397,2024-11-09,13,7,165,1,199,0.0,199.0,95,104.0
101398,2024-12-17,17,9,213,1,89,8.28,80.72,30,50.72
101399,2026-04-15,6,4,384,1,249,0.0,249.0,120,129.0
101399,2026-04-15,16,4,384,1,39,0.0,39.0,15,24.0
101400,2025-06-25,2,1,382,1,799,0.0,799.0,480,319.0
101401,2026-04-13,3,5,347,1,649,0.0,649.0,350,299.0
101402,2025-04-12,1,10,47,1,999,0.0,999.0,620,379.0
101403,2026-07-20,16,8,147,1,39,0.0,39.0,15,24.0
101404,2025-11-01,8,8,145,1,349,82.86,266.14,150,116.14
101405,2024-05-16,10,6,143,1,149,0.0,149.0,60,89.0
101405,2024-05-16,18,6,143,1,24,0.0,24.0,8,16.0
101406,2026-05-20,19,2,340,1,99,0.0,99.0,35,64.0
101407,2025-05-25,2,2,396,1,799,0.0,799.0,480,319.0
101407,2025-05-25,12,2,396,1,279,0.0,279.0,140,139.0
101407,2025-05-25,16,2,396,1,39,9.21,29.79,15,14.79
101408,2024-06-12,19,9,330,2,99,0.0,198.0,70,128.0
101409,2024-06-25,11,9,302,1,129,0.0,129.0,45,84.0
101410,2025-11-27,16,5,178,1,39,2.63,36.37,15,21.37
101411,2024-03-01,9,5,300,2,79,0.0,158.0,50,108.0
101411,2024-03-01,8,5,300,1,349,0.0,349.0,150,199.0
101412,2024-11-10,5,6,288,1,349,0.0,349.0,180,169.0
101412,2024-11-10,14,6,288,1,49,0.0,49.0,18,31.0
101413,2024-06-10,13,4,4,1,199,0.0,199.0,95,104.0
101413,2024-06-10,17,4,4,1,89,0.0,89.0,30,59.0
101414,2025-04-07,7,10,240,1,599,106.77,492.23,260,232.23
101415,2025-03-10,7,6,123,1,599,109.7,489.3,260,229.3
101415,2025-03-10,4,6,123,1,399,0.0,399.0,210,189.0
101416,2025-06-27,20,4,295,1,179,0.0,179.0,70,109.0
101417,2024-11-05,8,3,230,3,349,0.0,1047.0,450,597.0
101417,2024-11-05,20,3,230,1,179,0.0,179.0,70,109.0
101417,2024-11-05,16,3,230,1,39,0.0,39.0,15,24.0
101418,2024-02-09,9,6,3,1,79,0.0,79.0,25,54.0
101419,2025-09-29,20,1,9,2,179,80.07,277.93,140,137.93
101420,2025-01-21,7,1,68,2,599,0.0,1198.0,520,678.0
101421,2025-11-01,15,8,97,1,35,0.0,35.0,12,23.0
101422,2024-05-08,3,7,319,1,649,0.0,649.0,350,299.0
101422,2024-05-08,16,7,319,1,39,0.0,39.0,15,24.0
101423,2024-01-17,17,8,7,2,89,0.0,178.0,60,118.0
101424,2024-10-07,16,4,117,1,39,0.0,39.0,15,24.0
101425,2025-04-23,13,1,64,1,199,0.0,199.0,95,104.0
101426,2025-02-14,10,9,265,2,149,0.0,298.0,120,178.0
101427,2026-03-14,12,8,5,1,279,0.0,279.0,140,139.0
101428,2025-01-26,7,10,161,1,599,0.0,599.0,260,339.0
101429,2025-07-06,9,10,91,1,79,4.61,74.39,25,49.39
101430,2025-09-09,7,1,160,1,599,0.0,599.0,260,339.0
101431,2024-01-27,2,1,104,1,799,0.0,799.0,480,319.0
101432,2025-06-20,19,4,162,1,99,0.0,99.0,35,64.0
101433,2024-12-24,1,6,203,2,999,0.0,1998.0,1240,758.0
101434,2025-03-17,14,10,346,2,49,0.0,98.0,36,62.0
101434,2025-03-17,11,10,346,1,129,21.58,107.42,45,62.42
101434,2025-03-17,6,10,346,1,249,0.0,249.0,120,129.0
101435,2024-04-29,1,9,85,1,999,0.0,999.0,620,379.0
101436,2026-02-14,5,5,356,1,349,0.0,349.0,180,169.0
101437,2026-07-10,15,8,19,1,35,0.0,35.0,12,23.0
101438,2024-01-28,16,9,199,3,39,0.0,117.0,45,72.0
101438,2024-01-28,2,9,199,1,799,0.0,799.0,480,319.0
101439,2025-09-17,8,7,146,1,349,0.0,349.0,150,199.0
101440,2026-01-25,14,2,4,2,49,0.0,98.0,36,62.0
101441,2024-11-09,13,10,240,2,199,48.31,349.69,190,159.69
101442,2026-02-19,2,7,285,1,799,0.0,799.0,480,319.0
101443,2025-10-15,6,6,348,2,249,0.0,498.0,240,258.0
101444,2026-06-27,14,10,80,1,49,0.0,49.0,18,31.0
101445,2026-08-14,12,1,32,1,279,0.0,279.0,140,139.0
101445,2026-08-14,4,1,32,1,399,60.68,338.32,210,128.32
101445,2026-08-14,17,1,32,2,89,0.0,178.0,60,118.0
101446,2024-02-23,11,8,386,1,129,0.0,129.0,45,84.0
101447,2025-04-11,10,8,296,1,149,0.0,149.0,60,89.0
101448,2025-07-24,8,8,259,1,349,0.0,349.0,150,199.0
101449,2024-06-18,6,10,179,1,249,0.0,249.0,120,129.0
101450,2024-12-18,18,3,162,2,24,0.0,48.0,16,32.0
101451,2026-08-20,11,1,333,1,129,0.0,129.0,45,84.0
101452,2024-01-20,4,2,70,1,399,0.0,399.0,210,189.0
101453,2025-04-19,6,9,302,1,249,0.0,249.0,120,129.0
101453,2025-04-19,16,9,302,1,39,0.0,39.0,15,24.0
101454,2026-04-13,3,10,36,2,649,0.0,1298.0,700,598.0
101455,2024-12-09,5,1,176,1,349,70.7,278.3,180,98.3
101455,2024-12-09,20,1,176,1,179,0.0,179.0,70,109.0
101456,2025-05-16,4,5,178,1,399,48.53,350.47,210,140.47
101456,2025-05-16,18,5,178,1,24,0.0,24.0,8,16.0
101457,2026-08-12,2,1,369,1,799,0.0,799.0,480,319.0
101457,2026-08-12,1,1,369,1,999,0.0,999.0,620,379.0
101458,2025-05-11,15,1,184,1,35,0.0,35.0,12,23.0
101459,2024-06-01,18,2,30,1,24,0.0,24.0,8,16.0
101460,2024-03-06,5,5,95,1,349,0.0,349.0,180,169.0
101461,2026-07-13,6,2,381,1,249,0.0,249.0,120,129.0
101462,2024-10-24,4,10,223,1,399,0.0,399.0,210,189.0
101463,2025-06-09,1,8,249,3,999,0.0,2997.0,1860,1137.0
101464,2024-04-19,13,10,285,3,199,0.0,597.0,285,312.0
101465,2025-03-20,5,2,327,1,349,27.85,321.15,180,141.15
101465,2025-03-20,7,2,327,1,599,0.0,599.0,260,339.0
101465,2025-03-20,19,2,327,1,99,0.0,99.0,35,64.0
101466,2026-06-28,12,9,369,2,279,0.0,558.0,280,278.0
101467,2025-06-07,11,1,262,1,129,22.29,106.71,45,61.71
101467,2025-06-07,12,1,262,2,279,0.0,558.0,280,278.0
101468,2026-08-06,11,9,33,1,129,0.0,129.0,45,84.0
101469,2024-10-17,14,4,66,1,49,0.0,49.0,18,31.0
101470,2025-06-09,2,9,135,1,799,122.66,676.34,480,196.34
101470,2025-06-09,10,9,135,1,149,0.0,149.0,60,89.0
101471,2026-04-28,9,5,380,1,79,0.0,79.0,25,54.0
101472,2025-04-14,18,10,5,2,24,5.24,42.76,16,26.76
101473,2024-11-05,15,7,204,2,35,0.0,70.0,24,46.0
101474,2026-04-24,5,10,325,2,349,0.0,698.0,360,338.0
101475,2025-02-09,18,10,399,2,24,3.74,44.26,16,28.26
101476,2025-07-06,3,1,192,1,649,126.1,522.9,350,172.9
101477,2026-08-10,11,1,127,1,129,18.98,110.02,45,65.02
101478,2024-08-02,13,4,15,1,199,0.0,199.0,95,104.0
101479,2024-11-22,12,8,207,1,279,0.0,279.0,140,139.0
101480,2024-02-08,12,1,266,1,279,0.0,279.0,140,139.0
101480,2024-02-08,8,1,266,1,349,0.0,349.0,150,199.0
101481,2025-02-11,12,10,132,1,279,0.0,279.0,140,139.0
101481,2025-02-11,7,10,132,2,599,0.0,1198.0,520,678.0
101482,2024-08-18,8,1,337,1,349,41.45,307.55,150,157.55
101482,2024-08-18,5,1,337,3,349,0.0,1047.0,540,507.0
101483,2025-11-22,7,2,92,1,599,0.0,599.0,260,339.0
101483,2025-11-22,15,2,92,2,35,16.19,53.81,24,29.81
101484,2024-07-28,4,2,141,2,399,0.0,798.0,420,378.0
101485,2025-11-18,17,4,83,1,89,0.0,89.0,30,59.0
101485,2025-11-18,2,4,83,2,799,0.0,1598.0,960,638.0
101486,2024-10-21,6,10,57,3,249,0.0,747.0,360,387.0
101487,2024-12-31,12,4,161,1,279,0.0,279.0,140,139.0
101488,2024-12-27,11,2,64,2,129,0.0,258.0,90,168.0
101489,2025-12-17,1,10,289,1,999,0.0,999.0,620,379.0
101490,2025-05-03,14,1,224,1,49,0.0,49.0,18,31.0
101491,2025-01-07,4,8,244,1,399,0.0,399.0,210,189.0
101492,2026-04-22,4,6,322,1,399,26.62,372.38,210,162.38
101492,2026-04-22,11,6,322,1,129,0.0,129.0,45,84.0
101493,2025-08-19,18,2,223,1,24,0.0,24.0,8,16.0
101494,2024-09-02,1,7,180,1,999,0.0,999.0,620,379.0
101495,2026-06-01,7,1,327,1,599,95.4,503.6,260,243.6
101496,2024-12-22,17,7,309,1,89,0.0,89.0,30,59.0
101497,2024-02-19,14,5,41,1,49,12.08,36.92,18,18.92
101498,2025-05-30,11,3,41,2,129,0.0,258.0,90,168.0
101498,2025-05-30,13,3,41,1,199,0.0,199.0,95,104.0
101499,2024-05-24,12,8,196,1,279,0.0,279.0,140,139.0
101500,2024-09-27,7,7,298,1,599,0.0,599.0,260,339.0
101501,2026-01-09,13,5,149,2,199,0.0,398.0,190,208.0
101501,2026-01-09,12,5,149,1,279,0.0,279.0,140,139.0
101502,2024-05-31,14,9,153,2,49,0.0,98.0,36,62.0
101503,2026-03-11,20,10,336,1,179,0.0,179.0,70,109.0
101503,2026-03-11,13,10,336,2,199,0.0,398.0,190,208.0
101504,2026-07-05,9,8,51,1,79,0.0,79.0,25,54.0
101505,2025-09-22,7,3,90,1,599,0.0,599.0,260,339.0
101506,2025-12-12,14,7,16,1,49,0.0,49.0,18,31.0
101507,2025-12-15,7,4,281,1,599,0.0,599.0,260,339.0
101508,2026-08-25,5,5,364,1,349,0.0,349.0,180,169.0
101508,2026-08-25,19,5,364,2,99,0.0,198.0,70,128.0
101509,2024-12-21,19,6,284,2,99,0.0,198.0,70,128.0
101510,2024-07-06,9,1,244,1,79,9.85,69.15,25,44.15
101511,2025-06-24,15,2,76,1,35,0.0,35.0,12,23.0
101512,2025-07-09,11,7,193,1,129,0.0,129.0,45,84.0
101513,2024-07-24,2,6,335,1,799,0.0,799.0,480,319.0
101513,2024-07-24,10,6,335,1,149,0.0,149.0,60,89.0
101514,2025-09-28,2,3,30,1,799,0.0,799.0,480,319.0
101515,2024-01-18,3,1,271,1,649,0.0,649.0,350,299.0
101516,2026-06-26,1,2,187,1,999,0.0,999.0,620,379.0
101516,2026-06-26,3,2,187,1,649,120.41,528.59,350,178.59
101517,2024-10-22,6,8,368,1,249,0.0,249.0,120,129.0
101518,2024-02-19,17,1,309,1,89,0.0,89.0,30,59.0
101518,2024-02-19,3,1,309,1,649,0.0,649.0,350,299.0
101518,2024-02-19,19,1,309,2,99,0.0,198.0,70,128.0
101519,2024-05-08,16,3,278,2,39,0.0,78.0,30,48.0
101520,2024-09-29,15,8,89,2,35,0.0,70.0,24,46.0
101521,2024-10-31,17,8,148,2,89,0.0,178.0,60,118.0
101521,2024-10-31,6,8,148,1,249,0.0,249.0,120,129.0
101522,2024-02-11,13,2,286,2,199,0.0,398.0,190,208.0
101522,2024-02-11,20,2,286,2,179,53.62,304.38,140,164.38
101523,2024-11-05,6,9,360,1,249,0.0,249.0,120,129.0
101524,2024-08-10,10,9,44,2,149,0.0,298.0,120,178.0
101525,2025-01-27,14,8,388,2,49,0.0,98.0,36,62.0
101525,2025-01-27,6,8,388,1,249,50.06,198.94,120,78.94
101526,2025-02-03,12,7,325,1,279,0.0,279.0,140,139.0
101527,2024-12-19,19,8,145,1,99,0.0,99.0,35,64.0
101527,2024-12-19,20,8,145,2,179,0.0,358.0,140,218.0
101528,2024-12-11,19,9,204,1,99,17.0,82.0,35,47.0
101529,2024-04-18,15,4,244,1,35,0.0,35.0,12,23.0
101529,2024-04-18,3,4,244,1,649,0.0,649.0,350,299.0
101530,2024-02-01,7,9,303,2,599,0.0,1198.0,520,678.0
101531,2024-08-20,10,10,137,1,149,0.0,149.0,60,89.0
101532,2026-01-18,7,8,282,1,599,71.44,527.56,260,267.56
101532,2026-01-18,19,8,282,1,99,0.0,99.0,35,64.0
101533,2026-08-23,8,1,185,1,349,67.35,281.65,150,131.65
101534,2026-06-27,17,6,333,1,89,0.0,89.0,30,59.0
101534,2026-06-27,20,6,333,1,179,0.0,179.0,70,109.0
101535,2025-06-09,17,8,254,1,89,0.0,89.0,30,59.0
101536,2025-07-07,1,1,231,1,999,0.0,999.0,620,379.0
101537,2024-12-02,6,5,16,1,249,0.0,249.0,120,129.0
101538,2026-02-05,7,1,202,1,599,0.0,599.0,260,339.0
101539,2026-01-26,12,6,346,1,279,0.0,279.0,140,139.0
101540,2026-04-14,20,10,6,1,179,0.0,179.0,70,109.0
101541,2026-05-28,2,1,258,1,799,0.0,799.0,480,319.0
101542,2025-03-31,1,1,326,1,999,0.0,999.0,620,379.0
101543,2026-01-28,10,5,145,2,149,0.0,298.0,120,178.0
101544,2026-03-10,14,10,183,1,49,0.0,49.0,18,31.0
101545,2024-11-27,18,1,327,1,24,1.96,22.04,8,14.04
101546,2026-06-28,11,3,51,1,129,0.0,129.0,45,84.0
101547,2024-04-23,17,10,176,3,89,0.0,267.0,90,177.0
101547,2024-04-23,18,10,176,1,24,0.0,24.0,8,16.0
101548,2026-08-26,2,8,399,2,799,0.0,1598.0,960,638.0
101549,2026-02-01,4,5,147,1,399,0.0,399.0,210,189.0
101550,2024-04-22,5,3,277,1,349,0.0,349.0,180,169.0
101551,2025-11-04,1,10,169,2,999,186.5,1811.5,1240,571.5
101552,2024-02-12,3,8,335,2,649,0.0,1298.0,700,598.0
101552,2024-02-12,15,8,335,2,35,0.0,70.0,24,46.0
101552,2024-02-12,12,8,335,2,279,0.0,558.0,280,278.0
101553,2026-02-01,8,6,91,2,349,0.0,698.0,300,398.0
101554,2026-03-03,2,9,75,2,799,0.0,1598.0,960,638.0
101555,2025-09-18,15,1,359,1,35,0.0,35.0,12,23.0
101556,2026-04-25,1,3,271,2,999,0.0,1998.0,1240,758.0
101557,2024-04-27,16,10,47,1,39,0.0,39.0,15,24.0
101557,2024-04-27,12,10,47,1,279,0.0,279.0,140,139.0
101558,2024-11-02,12,7,117,2,279,0.0,558.0,280,278.0
101558,2024-11-02,10,7,117,1,149,0.0,149.0,60,89.0
101559,2025-03-09,13,10,246,2,199,87.75,310.25,190,120.25
101560,2024-02-23,1,8,67,2,999,0.0,1998.0,1240,758.0
101561,2025-04-14,7,3,34,1,599,85.51,513.49,260,253.49
101562,2024-10-23,15,5,1,1,35,7.71,27.29,12,15.29
101563,2025-02-12,19,7,26,2,99,0.0,198.0,70,128.0
101564,2025-03-21,17,10,302,1,89,0.0,89.0,30,59.0
101565,2026-05-15,1,9,140,1,999,0.0,999.0,620,379.0
101565,2026-05-15,3,9,140,1,649,0.0,649.0,350,299.0
101566,2024-10-28,18,4,109,2,24,0.0,48.0,16,32.0
101567,2026-05-27,8,10,24,2,349,0.0,698.0,300,398.0
101567,2026-05-27,10,10,24,1,149,0.0,149.0,60,89.0
101568,2025-03-22,12,10,213,1,279,0.0,279.0,140,139.0
101569,2024-12-11,4,7,70,1,399,32.25,366.75,210,156.75
101569,2024-12-11,12,7,70,1,279,0.0,279.0,140,139.0
101570,2025-06-07,6,6,394,1,249,0.0,249.0,120,129.0
101571,2025-03-13,12,9,166,1,279,0.0,279.0,140,139.0
101571,2025-03-13,1,9,166,1,999,0.0,999.0,620,379.0
101571,2025-03-13,15,9,166,1,35,0.0,35.0,12,23.0
101572,2024-10-16,10,9,42,1,149,36.27,112.73,60,52.73
101573,2025-06-07,14,10,64,1,49,0.0,49.0,18,31.0
101574,2024-06-24,14,5,168,2,49,0.0,98.0,36,62.0
101574,2024-06-24,2,5,168,1,799,0.0,799.0,480,319.0
101575,2024-12-29,2,9,375,3,799,0.0,2397.0,1440,957.0
101576,2025-08-12,14,10,58,1,49,11.33,37.67,18,19.67
101577,2025-03-09,6,9,388,1,249,0.0,249.0,120,129.0
101578,2026-03-27,17,1,21,1,89,0.0,89.0,30,59.0
101579,2024-10-15,12,1,267,2,279,0.0,558.0,280,278.0
101579,2024-10-15,14,1,267,1,49,0.0,49.0,18,31.0
101580,2026-08-04,7,7,35,1,599,0.0,599.0,260,339.0
101581,2026-02-16,18,3,313,1,24,0.0,24.0,8,16.0
101581,2026-02-16,5,3,313,1,349,0.0,349.0,180,169.0
101582,2026-08-02,9,1,177,1,79,0.0,79.0,25,54.0
101582,2026-08-02,17,1,177,1,89,0.0,89.0,30,59.0
101582,2026-08-02,16,1,177,1,39,0.0,39.0,15,24.0
101583,2026-04-09,19,8,60,2,99,0.0,198.0,70,128.0
101584,2024-06-13,12,1,147,1,279,0.0,279.0,140,139.0
101585,2025-07-02,4,6,50,1,399,0.0,399.0,210,189.0
101585,2025-07-02,18,6,50,1,24,4.75,19.25,8,11.25
101586,2024-07-14,4,7,234,1,399,0.0,399.0,210,189.0
101587,2026-03-21,17,10,136,1,89,18.39,70.61,30,40.61
101588,2025-08-31,3,5,58,1,649,0.0,649.0,350,299.0
101589,2024-10-21,18,10,238,3,24,0.0,72.0,24,48.0
101590,2026-06-28,3,7,395,1,649,0.0,649.0,350,299.0
101590,2026-06-28,17,7,395,1,89,0.0,89.0,30,59.0
101591,2024-05-15,4,4,359,1,399,0.0,399.0,210,189.0
101592,2025-08-10,5,2,63,1,349,0.0,349.0,180,169.0
101593,2025-12-20,7,10,377,1,599,0.0,599.0,260,339.0
101594,2024-03-14,5,5,228,1,349,0.0,349.0,180,169.0
101594,2024-03-14,17,5,228,3,89,0.0,267.0,90,177.0
101595,2025-09-13,12,1,281,2,279,0.0,558.0,280,278.0
101596,2026-03-19,4,2,360,2,399,0.0,798.0,420,378.0
101597,2024-03-24,6,4,150,2,249,0.0,498.0,240,258.0
101598,2025-06-17,13,8,378,1,199,0.0,199.0,95,104.0
101599,2024-10-17,2,1,19,1,799,0.0,799.0,480,319.0
101600,2025-11-09,15,9,373,3,35,0.0,105.0,36,69.0
101601,2024-05-19,17,8,128,1,89,0.0,89.0,30,59.0
101602,2026-07-05,6,8,120,1,249,0.0,249.0,120,129.0
101603,2026-05-28,14,1,271,2,49,0.0,98.0,36,62.0
101604,2024-08-02,9,1,9,1,79,0.0,79.0,25,54.0
101605,2024-12-08,13,6,266,1,199,14.45,184.55,95,89.55
101605,2024-12-08,18,6,266,1,24,0.0,24.0,8,16.0
101606,2025-09-03,5,5,190,1,349,0.0,349.0,180,169.0
101607,2025-12-18,1,8,243,1,999,230.05,768.95,620,148.95
101608,2025-04-09,4,8,246,1,399,0.0,399.0,210,189.0
101609,2024-06-29,4,3,198,2,399,0.0,798.0,420,378.0
101610,2024-05-04,2,5,382,1,799,0.0,799.0,480,319.0
101611,2026-08-31,13,5,115,2,199,0.0,398.0,190,208.0
101612,2025-04-22,6,8,160,1,249,16.06,232.94,120,112.94
101613,2026-05-09,14,2,318,1,49,6.3,42.7,18,24.7
101614,2025-05-18,17,8,99,1,89,0.0,89.0,30,59.0
101615,2026-06-21,13,1,67,1,199,20.23,178.77,95,83.77
101616,2024-04-16,7,10,79,1,599,0.0,599.0,260,339.0
101616,2024-04-16,19,10,79,1,99,0.0,99.0,35,64.0
101617,2024-05-14,14,6,319,1,49,9.66,39.34,18,21.34
101618,2026-06-28,7,2,240,2,599,0.0,1198.0,520,678.0
101619,2026-07-15,20,7,315,1,179,0.0,179.0,70,109.0
101620,2024-12-02,3,9,267,1,649,115.05,533.95,350,183.95
101621,2024-12-31,6,4,7,2,249,98.48,399.52,240,159.52
101622,2025-04-19,9,10,382,1,79,7.96,71.04,25,46.04
101623,2025-03-12,15,6,221,1,35,0.0,35.0,12,23.0
101623,2025-03-12,16,6,221,1,39,0.0,39.0,15,24.0
101624,2024-08-06,16,4,162,1,39,0.0,39.0,15,24.0
101625,2026-05-31,13,6,109,1,199,0.0,199.0,95,104.0
101626,2024-10-12,2,3,174,1,799,0.0,799.0,480,319.0
101627,2025-12-09,9,3,304,1,79,0.0,79.0,25,54.0
101627,2025-12-09,6,3,304,2,249,0.0,498.0,240,258.0
101628,2024-03-24,14,2,153,2,49,21.53,76.47,36,40.47
101629,2024-02-18,4,8,54,1,399,0.0,399.0,210,189.0
101630,2025-11-03,13,7,99,1,199,37.94,161.06,95,66.06
101631,2024-12-19,3,8,250,1,649,0.0,649.0,350,299.0
101632,2025-11-04,19,7,292,1,99,0.0,99.0,35,64.0
101632,2025-11-04,2,7,292,2,799,0.0,1598.0,960,638.0
101632,2025-11-04,15,7,292,2,35,4.35,65.65,24,41.65
101633,2024-04-23,12,3,70,1,279,0.0,279.0,140,139.0
101633,2024-04-23,4,3,70,2,399,0.0,798.0,420,378.0
101634,2026-07-17,6,7,314,2,249,0.0,498.0,240,258.0
101634,2026-07-17,9,7,314,1,79,0.0,79.0,25,54.0
101635,2026-01-10,20,3,307,3,179,0.0,537.0,210,327.0
101636,2026-05-12,13,4,275,1,199,0.0,199.0,95,104.0
101636,2026-05-12,5,4,275,2,349,0.0,698.0,360,338.0
101636,2026-05-12,16,4,275,2,39,0.0,78.0,30,48.0
101637,2024-06-07,16,8,284,2,39,0.0,78.0,30,48.0
101638,2024-12-06,18,6,264,3,24,0.0,72.0,24,48.0
101639,2025-01-15,5,10,125,2,349,0.0,698.0,360,338.0
101640,2025-07-13,16,7,71,1,39,7.67,31.33,15,16.33
101641,2024-11-18,11,7,108,1,129,19.03,109.97,45,64.97
101641,2024-11-18,3,7,108,1,649,72.56,576.44,350,226.44
101641,2024-11-18,13,7,108,1,199,15.64,183.36,95,88.36
101642,2024-03-16,17,8,386,1,89,0.0,89.0,30,59.0
101643,2025-01-16,13,8,380,1,199,0.0,199.0,95,104.0
101643,2025-01-16,11,8,380,1,129,0.0,129.0,45,84.0
101644,2024-10-13,20,6,182,1,179,0.0,179.0,70,109.0
101645,2025-02-04,19,4,65,2,99,0.0,198.0,70,128.0
101645,2025-02-04,1,4,65,2,999,471.19,1526.81,1240,286.81
101645,2025-02-04,9,4,65,1,79,0.0,79.0,25,54.0
101646,2024-08-14,17,10,330,1,89,15.51,73.49,30,43.49
101647,2024-10-20,13,6,381,3,199,0.0,597.0,285,312.0
101648,2025-10-10,3,1,53,1,649,0.0,649.0,350,299.0
101649,2025-02-07,8,1,16,1,349,0.0,349.0,150,199.0
101650,2024-12-24,7,1,205,1,599,0.0,599.0,260,339.0
101651,2025-07-10,7,1,14,2,599,0.0,1198.0,520,678.0
101652,2026-02-03,20,6,40,1,179,0.0,179.0,70,109.0
101653,2025-01-27,1,2,28,2,999,0.0,1998.0,1240,758.0
101654,2025-09-03,20,10,296,1,179,0.0,179.0,70,109.0
101655,2026-08-01,14,1,376,1,49,0.0,49.0,18,31.0
101656,2025-06-27,10,10,90,1,149,0.0,149.0,60,89.0
101656,2025-06-27,15,10,90,1,35,0.0,35.0,12,23.0
101657,2026-06-10,11,2,382,1,129,0.0,129.0,45,84.0
101658,2026-02-26,16,5,175,1,39,0.0,39.0,15,24.0
101659,2024-03-14,2,6,178,1,799,0.0,799.0,480,319.0
101660,2025-03-25,11,9,52,1,129,25.56,103.44,45,58.44
101660,2025-03-25,17,9,52,3,89,26.43,240.57,90,150.57
101661,2025-12-04,13,5,192,1,199,0.0,199.0,95,104.0
101662,2026-08-20,18,5,208,1,24,0.0,24.0,8,16.0
101663,2025-04-25,10,2,328,1,149,0.0,149.0,60,89.0
101664,2024-04-21,18,10,148,1,24,5.3,18.7,8,10.7
101665,2025-08-08,4,4,48,1,399,0.0,399.0,210,189.0
101666,2024-05-27,16,6,133,1,39,0.0,39.0,15,24.0
101667,2026-01-13,8,4,350,1,349,0.0,349.0,150,199.0
101668,2025-06-12,20,1,248,1,179,0.0,179.0,70,109.0
101668,2025-06-12,19,1,248,2,99,15.49,182.51,70,112.51
101669,2025-12-21,13,3,359,2,199,87.12,310.88,190,120.88
101670,2026-05-06,20,10,223,1,179,0.0,179.0,70,109.0
101671,2025-10-12,18,1,287,1,24,0.0,24.0,8,16.0
101671,2025-10-12,1,1,287,1,999,0.0,999.0,620,379.0
101672,2025-09-27,5,1,312,3,349,0.0,1047.0,540,507.0
101673,2026-01-16,20,2,382,1,179,0.0,179.0,70,109.0
101674,2026-04-12,15,1,137,1,35,0.0,35.0,12,23.0
101675,2026-05-06,12,10,148,3,279,0.0,837.0,420,417.0
101676,2024-02-15,16,4,93,1,39,0.0,39.0,15,24.0
101677,2025-08-02,2,2,140,2,799,0.0,1598.0,960,638.0
101678,2024-09-04,2,4,106,3,799,0.0,2397.0,1440,957.0
101679,2026-04-28,20,8,10,1,179,0.0,179.0,70,109.0
101679,2026-04-28,11,8,10,1,129,0.0,129.0,45,84.0
101680,2025-10-29,9,4,337,1,79,0.0,79.0,25,54.0
101681,2025-03-16,9,1,346,1,79,0.0,79.0,25,54.0
101682,2024-08-04,14,10,89,2,49,0.0,98.0,36,62.0
101683,2024-12-19,1,6,163,1,999,0.0,999.0,620,379.0
101684,2025-12-08,6,9,73,1,249,12.75,236.25,120,116.25
101685,2024-08-22,10,7,305,1,149,24.38,124.62,60,64.62
101686,2024-04-22,14,1,339,1,49,11.5,37.5,18,19.5
101686,2024-04-22,8,1,339,1,349,0.0,349.0,150,199.0
101687,2026-05-22,14,9,318,1,49,0.0,49.0,18,31.0
101687,2026-05-22,4,9,318,1,399,0.0,399.0,210,189.0
101688,2026-01-26,9,1,15,2,79,0.0,158.0,50,108.0
101689,2024-08-17,4,1,196,1,399,0.0,399.0,210,189.0
101689,2024-08-17,12,1,196,3,279,0.0,837.0,420,417.0
101690,2024-11-15,19,6,324,1,99,0.0,99.0,35,64.0
101691,2026-08-06,3,8,141,1,649,0.0,649.0,350,299.0
101692,2025-12-11,19,1,137,1,99,0.0,99.0,35,64.0
101692,2025-12-11,16,1,137,1,39,7.28,31.72,15,16.72
101693,2025-09-26,11,7,195,1,129,0.0,129.0,45,84.0
101694,2024-11-27,15,6,399,1,35,8.13,26.87,12,14.87
101695,2024-11-20,15,7,384,1,35,6.22,28.78,12,16.78
101695,2024-11-20,3,7,384,2,649,0.0,1298.0,700,598.0
101696,2024-02-19,16,10,49,1,39,0.0,39.0,15,24.0
101697,2025-12-25,13,9,264,2,199,0.0,398.0,190,208.0
101697,2025-12-25,18,9,264,2,24,0.0,48.0,16,32.0
101698,2024-02-24,3,9,196,1,649,140.26,508.74,350,158.74
101698,2024-02-24,16,9,196,1,39,0.0,39.0,15,24.0
101699,2024-01-06,10,7,398,3,149,0.0,447.0,180,267.0
101700,2025-12-25,4,9,287,1,399,0.0,399.0,210,189.0
101701,2026-07-16,4,1,36,1,399,0.0,399.0,210,189.0
101701,2026-07-16,2,1,36,1,799,0.0,799.0,480,319.0
101702,2026-01-18,1,2,260,1,999,0.0,999.0,620,379.0
101703,2025-05-08,19,2,151,2,99,20.55,177.45,70,107.45
101704,2025-05-22,17,8,59,2,89,20.89,157.11,60,97.11
101704,2025-05-22,18,8,59,2,24,0.0,48.0,16,32.0
101705,2025-04-02,16,2,130,1,39,0.0,39.0,15,24.0
101706,2024-12-09,17,1,62,1,89,0.0,89.0,30,59.0
101707,2025-06-27,13,1,138,1,199,0.0,199.0,95,104.0
101708,2025-03-28,8,9,235,1,349,0.0,349.0,150,199.0
101708,2025-03-28,20,9,235,1,179,17.95,161.05,70,91.05
101709,2025-09-14,20,10,158,1,179,0.0,179.0,70,109.0
101710,2026-05-31,19,6,373,1,99,0.0,99.0,35,64.0
101710,2026-05-31,9,6,373,1,79,0.0,79.0,25,54.0
101711,2026-08-27,6,1,290,1,249,0.0,249.0,120,129.0
101712,2024-04-06,17,5,377,1,89,0.0,89.0,30,59.0
101712,2024-04-06,13,5,377,1,199,0.0,199.0,95,104.0
101713,2025-02-03,18,5,369,1,24,0.0,24.0,8,16.0
101713,2025-02-03,7,5,369,2,599,0.0,1198.0,520,678.0
101714,2024-07-27,9,2,263,1,79,13.89,65.11,25,40.11
101715,2024-12-29,12,2,390,1,279,0.0,279.0,140,139.0
101716,2024-11-11,5,10,289,2,349,0.0,698.0,360,338.0
101716,2024-11-11,6,10,289,3,249,47.65,699.35,360,339.35
101717,2024-07-20,19,6,126,1,99,8.59,90.41,35,55.41
101717,2024-07-20,7,6,126,3,599,0.0,1797.0,780,1017.0
101718,2026-01-26,7,1,311,1,599,0.0,599.0,260,339.0
101718,2026-01-26,12,1,311,2,279,33.84,524.16,280,244.16
101719,2025-06-01,6,4,270,1,249,0.0,249.0,120,129.0
101719,2025-06-01,3,4,270,1,649,0.0,649.0,350,299.0
101719,2025-06-01,12,4,270,2,279,0.0,558.0,280,278.0
101720,2026-06-19,15,7,232,1,35,0.0,35.0,12,23.0
101721,2024-02-10,20,10,101,1,179,0.0,179.0,70,109.0
101722,2024-03-23,17,6,23,1,89,0.0,89.0,30,59.0
101723,2025-02-25,1,10,269,1,999,0.0,999.0,620,379.0
101723,2025-02-25,5,10,269,1,349,0.0,349.0,180,169.0
101724,2024-04-07,7,3,226,2,599,0.0,1198.0,520,678.0
101725,2024-10-21,19,8,119,1,99,0.0,99.0,35,64.0
101725,2024-10-21,8,8,119,2,349,0.0,698.0,300,398.0
101726,2026-08-19,19,9,24,1,99,0.0,99.0,35,64.0
101727,2024-08-27,16,6,116,1,39,0.0,39.0,15,24.0
101728,2024-08-15,18,9,80,1,24,2.63,21.37,8,13.37
101729,2025-08-20,14,7,21,1,49,0.0,49.0,18,31.0
101729,2025-08-20,17,7,21,2,89,0.0,178.0,60,118.0
101730,2025-06-02,16,10,252,1,39,0.0,39.0,15,24.0
101731,2025-08-27,4,5,349,1,399,0.0,399.0,210,189.0
101732,2025-01-25,10,9,266,1,149,0.0,149.0,60,89.0
101733,2026-03-29,19,8,341,2,99,0.0,198.0,70,128.0
101734,2024-06-09,11,9,187,1,129,24.65,104.35,45,59.35
101734,2024-06-09,20,9,187,1,179,0.0,179.0,70,109.0
101735,2025-03-25,1,1,220,2,999,0.0,1998.0,1240,758.0
101735,2025-03-25,14,1,220,1,49,0.0,49.0,18,31.0
101735,2025-03-25,20,1,220,1,179,0.0,179.0,70,109.0
101736,2025-11-28,7,5,280,1,599,0.0,599.0,260,339.0
101737,2026-05-05,12,10,246,1,279,0.0,279.0,140,139.0
101737,2026-05-05,19,10,246,1,99,0.0,99.0,35,64.0
101738,2025-01-16,6,10,335,2,249,0.0,498.0,240,258.0
101739,2025-08-14,5,2,210,1,349,85.75,263.25,180,83.25
101739,2025-08-14,16,2,210,2,39,0.0,78.0,30,48.0
101740,2024-03-26,17,6,149,1,89,0.0,89.0,30,59.0
101741,2024-07-15,6,7,356,2,249,0.0,498.0,240,258.0
101742,2024-03-26,20,10,227,1,179,0.0,179.0,70,109.0
101743,2025-12-24,5,5,352,1,349,0.0,349.0,180,169.0
101744,2024-11-11,8,1,203,1,349,44.6,304.4,150,154.4
101744,2024-11-11,3,1,203,1,649,0.0,649.0,350,299.0
101745,2025-12-21,10,6,275,1,149,9.07,139.93,60,79.93
101746,2024-03-23,16,10,293,1,39,0.0,39.0,15,24.0
101747,2026-04-30,14,6,243,3,49,22.51,124.49,54,70.49
101748,2026-04-06,4,6,378,1,399,79.09,319.91,210,109.91
101749,2024-04-17,20,4,7,2,179,0.0,358.0,140,218.0
101750,2024-01-30,12,9,312,1,279,0.0,279.0,140,139.0
101750,2024-01-30,19,9,312,1,99,14.44,84.56,35,49.56
101750,2024-01-30,3,9,312,2,649,0.0,1298.0,700,598.0
101751,2024-03-11,14,3,187,1,49,0.0,49.0,18,31.0
101752,2026-04-22,3,5,42,1,649,0.0,649.0,350,299.0
101753,2024-09-23,12,2,352,1,279,38.02,240.98,140,100.98
101754,2025-07-25,20,6,137,1,179,0.0,179.0,70,109.0
101755,2025-03-22,15,6,227,1,35,0.0,35.0,12,23.0
101755,2025-03-22,20,6,227,1,179,0.0,179.0,70,109.0
101756,2026-02-28,10,7,354,1,149,35.61,113.39,60,53.39
101757,2025-05-25,6,10,51,1,249,0.0,249.0,120,129.0
101758,2025-06-05,19,6,86,2,99,0.0,198.0,70,128.0
101759,2026-08-22,13,7,1,1,199,0.0,199.0,95,104.0
101760,2024-06-22,20,1,391,1,179,0.0,179.0,70,109.0
101761,2026-04-02,7,6,145,2,599,0.0,1198.0,520,678.0
101762,2024-03-06,3,2,93,1,649,0.0,649.0,350,299.0
101763,2025-05-14,12,10,6,2,279,118.23,439.77,280,159.77
101763,2025-05-14,7,10,6,2,599,0.0,1198.0,520,678.0
101764,2026-05-21,8,2,145,2,349,0.0,698.0,300,398.0
101765,2025-11-11,16,6,392,1,39,7.23,31.77,15,16.77
101766,2025-11-25,10,4,7,1,149,0.0,149.0,60,89.0
101767,2024-10-21,15,10,368,1,35,0.0,35.0,12,23.0
101767,2024-10-21,19,10,368,1,99,0.0,99.0,35,64.0
101768,2025-03-14,14,6,170,2,49,0.0,98.0,36,62.0
101769,2025-01-13,12,3,348,1,279,0.0,279.0,140,139.0
101770,2025-06-26,7,1,344,1,599,0.0,599.0,260,339.0
101770,2025-06-26,2,1,344,1,799,0.0,799.0,480,319.0
101771,2025-04-29,18,3,256,1,24,0.0,24.0,8,16.0
101772,2024-12-11,19,5,305,1,99,0.0,99.0,35,64.0
101773,2024-11-25,14,6,385,1,49,11.69,37.31,18,19.31
101773,2024-11-25,12,6,385,1,279,0.0,279.0,140,139.0
101773,2024-11-25,11,6,385,1,129,0.0,129.0,45,84.0
101774,2024-10-09,2,9,184,1,799,0.0,799.0,480,319.0
101775,2025-01-11,17,1,230,1,89,0.0,89.0,30,59.0
101775,2025-01-11,10,1,230,1,149,0.0,149.0,60,89.0
101775,2025-01-11,5,1,230,1,349,0.0,349.0,180,169.0
101776,2024-06-22,6,9,335,2,249,0.0,498.0,240,258.0
101777,2026-05-09,14,7,102,1,49,0.0,49.0,18,31.0
101778,2025-09-17,20,6,248,1,179,14.04,164.96,70,94.96
101779,2024-06-04,4,2,244,1,399,0.0,399.0,210,189.0
101779,2024-06-04,1,2,244,1,999,0.0,999.0,620,379.0
101779,2024-06-04,14,2,244,1,49,0.0,49.0,18,31.0
101780,2025-12-01,9,6,171,1,79,0.0,79.0,25,54.0
101780,2025-12-01,5,6,171,1,349,0.0,349.0,180,169.0
101781,2026-04-17,17,10,203,1,89,18.75,70.25,30,40.25
101782,2024-09-26,17,3,291,2,89,0.0,178.0,60,118.0
101783,2024-06-22,12,6,240,2,279,0.0,558.0,280,278.0
101783,2024-06-22,15,6,240,1,35,0.0,35.0,12,23.0
101784,2024-01-11,11,7,50,1,129,0.0,129.0,45,84.0
101785,2024-02-29,12,4,136,2,279,67.57,490.43,280,210.43
101785,2024-02-29,3,4,136,1,649,0.0,649.0,350,299.0
101785,2024-02-29,13,4,136,1,199,0.0,199.0,95,104.0
101786,2026-01-24,19,10,381,1,99,0.0,99.0,35,64.0
101787,2026-08-20,7,7,44,1,599,0.0,599.0,260,339.0
101787,2026-08-20,18,7,44,1,24,0.0,24.0,8,16.0
101787,2026-08-20,1,7,44,1,999,0.0,999.0,620,379.0
101788,2024-02-26,13,10,195,1,199,38.19,160.81,95,65.81
101788,2024-02-26,20,10,195,1,179,0.0,179.0,70,109.0
101789,2026-01-10,17,9,398,1,89,0.0,89.0,30,59.0
101790,2024-03-29,4,1,126,1,399,77.28,321.72,210,111.72
101791,2025-09-08,17,6,193,1,89,8.57,80.43,30,50.43
101791,2025-09-08,14,6,193,1,49,0.0,49.0,18,31.0
101792,2026-01-18,13,8,316,1,199,0.0,199.0,95,104.0
101793,2025-01-05,14,9,194,1,49,0.0,49.0,18,31.0
101794,2024-01-14,5,1,143,1,349,39.75,309.25,180,129.25
101795,2025-09-11,10,1,362,1,149,0.0,149.0,60,89.0
101795,2025-09-11,3,1,362,1,649,0.0,649.0,350,299.0
101796,2026-08-24,7,4,125,1,599,0.0,599.0,260,339.0
101796,2026-08-24,4,4,125,2,399,0.0,798.0,420,378.0
101796,2026-08-24,10,4,125,1,149,0.0,149.0,60,89.0
101797,2024-10-16,16,3,385,1,39,0.0,39.0,15,24.0
101798,2024-08-06,7,5,184,1,599,0.0,599.0,260,339.0
101799,2024-05-24,1,3,308,2,999,0.0,1998.0,1240,758.0
101800,2025-08-01,13,6,383,1,199,31.17,167.83,95,72.83
101801,2025-09-12,15,1,264,1,35,7.37,27.63,12,15.63
101802,2026-02-24,4,3,326,1,399,0.0,399.0,210,189.0
101802,2026-02-24,14,3,326,2,49,0.0,98.0,36,62.0
101803,2026-01-15,1,9,258,1,999,0.0,999.0,620,379.0
101804,2026-05-26,12,1,387,1,279,0.0,279.0,140,139.0
101805,2026-03-09,17,5,13,1,89,0.0,89.0,30,59.0
101805,2026-03-09,11,5,13,2,129,0.0,258.0,90,168.0
101806,2024-10-06,20,5,142,3,179,0.0,537.0,210,327.0
101806,2024-10-06,13,5,142,1,199,0.0,199.0,95,104.0
101807,2025-08-02,16,10,270,2,39,0.0,78.0,30,48.0
101808,2024-11-19,3,8,151,1,649,0.0,649.0,350,299.0
101809,2024-12-13,19,10,66,2,99,27.78,170.22,70,100.22
101809,2024-12-13,2,10,66,1,799,0.0,799.0,480,319.0
101810,2026-06-30,11,3,106,1,129,0.0,129.0,45,84.0
101811,2025-11-23,9,7,364,1,79,18.91,60.09,25,35.09
101812,2026-08-09,8,6,305,3,349,0.0,1047.0,450,597.0
101813,2025-03-12,10,7,140,2,149,0.0,298.0,120,178.0
101814,2025-07-13,20,10,171,1,179,0.0,179.0,70,109.0
101814,2025-07-13,10,10,171,1,149,0.0,149.0,60,89.0
101815,2025-05-23,18,2,341,1,24,0.0,24.0,8,16.0
101816,2024-05-07,19,8,357,2,99,0.0,198.0,70,128.0
101817,2024-09-26,15,4,396,2,35,0.0,70.0,24,46.0
101818,2025-07-03,6,3,73,1,249,0.0,249.0,120,129.0
101818,2025-07-03,20,3,73,1,179,0.0,179.0,70,109.0
101819,2024-03-24,10,3,205,1,149,0.0,149.0,60,89.0
101819,2024-03-24,17,3,205,1,89,0.0,89.0,30,59.0
101820,2026-06-30,3,10,281,1,649,0.0,649.0,350,299.0
101821,2024-05-24,12,8,179,2,279,0.0,558.0,280,278.0
101822,2024-08-15,2,9,135,1,799,0.0,799.0,480,319.0
101822,2024-08-15,1,9,135,2,999,0.0,1998.0,1240,758.0
101822,2024-08-15,16,9,135,1,39,0.0,39.0,15,24.0
101823,2026-01-27,4,10,194,2,399,0.0,798.0,420,378.0
101824,2024-04-26,4,6,278,1,399,0.0,399.0,210,189.0
101825,2026-06-02,13,9,132,1,199,0.0,199.0,95,104.0
101826,2025-12-23,2,3,210,2,799,0.0,1598.0,960,638.0
101826,2025-12-23,14,3,210,1,49,0.0,49.0,18,31.0
101827,2024-03-25,1,8,308,1,999,0.0,999.0,620,379.0
101828,2025-11-30,2,10,156,2,799,0.0,1598.0,960,638.0
101829,2025-10-15,8,2,276,1,349,0.0,349.0,150,199.0
101830,2026-01-19,15,5,322,1,35,0.0,35.0,12,23.0
101831,2026-03-31,11,4,374,1,129,0.0,129.0,45,84.0
101832,2025-12-18,20,10,326,1,179,0.0,179.0,70,109.0
101833,2025-09-02,20,1,45,1,179,0.0,179.0,70,109.0
101834,2024-12-08,9,1,400,1,79,15.25,63.75,25,38.75
101835,2025-12-04,9,10,158,1,79,5.3,73.7,25,48.7
101836,2026-07-24,13,4,96,1,199,0.0,199.0,95,104.0
101837,2025-09-03,5,3,373,2,349,72.44,625.56,360,265.56
101838,2025-11-10,19,5,382,2,99,0.0,198.0,70,128.0
101839,2025-04-03,1,5,30,2,999,0.0,1998.0,1240,758.0
101840,2026-01-18,16,7,341,1,39,9.14,29.86,15,14.86
101841,2026-08-29,9,10,9,2,79,0.0,158.0,50,108.0
101842,2024-07-03,2,9,111,1,799,0.0,799.0,480,319.0
101843,2024-08-20,11,1,252,3,129,0.0,387.0,135,252.0
101844,2025-07-16,4,6,242,1,399,0.0,399.0,210,189.0
101845,2025-05-17,6,3,41,1,249,33.61,215.39,120,95.39
101845,2025-05-17,4,3,41,1,399,0.0,399.0,210,189.0
101845,2025-05-17,8,3,41,2,349,0.0,698.0,300,398.0
101846,2025-08-18,4,9,376,2,399,187.27,610.73,420,190.73
101847,2024-03-03,1,9,223,2,999,0.0,1998.0,1240,758.0
101848,2025-02-26,3,9,268,1,649,0.0,649.0,350,299.0
101849,2025-08-30,9,10,41,2,79,0.0,158.0,50,108.0
101849,2025-08-30,12,10,41,1,279,0.0,279.0,140,139.0
101850,2025-09-01,5,5,380,2,349,0.0,698.0,360,338.0
101851,2025-11-05,1,1,66,2,999,0.0,1998.0,1240,758.0
101852,2025-12-19,5,6,34,1,349,65.87,283.13,180,103.13
101852,2025-12-19,14,6,34,1,49,2.76,46.24,18,28.24
101853,2025-10-23,5,8,93,2,349,0.0,698.0,360,338.0
101854,2026-02-22,6,1,126,1,249,0.0,249.0,120,129.0
101855,2025-10-09,6,1,161,1,249,0.0,249.0,120,129.0
101855,2025-10-09,10,1,161,1,149,0.0,149.0,60,89.0
101856,2025-07-13,10,5,210,1,149,0.0,149.0,60,89.0
101857,2025-09-21,20,5,307,1,179,0.0,179.0,70,109.0
101858,2024-04-30,11,4,339,2,129,0.0,258.0,90,168.0
101859,2024-10-31,16,3,84,1,39,0.0,39.0,15,24.0
101860,2025-07-03,4,4,116,1,399,0.0,399.0,210,189.0
101860,2025-07-03,11,4,116,1,129,0.0,129.0,45,84.0
101861,2026-05-09,2,4,171,1,799,0.0,799.0,480,319.0
101862,2025-11-21,7,9,276,2,599,139.28,1058.72,520,538.72
101863,2024-04-19,18,9,140,2,24,5.23,42.77,16,26.77
101863,2024-04-19,7,9,140,1,599,0.0,599.0,260,339.0
101864,2025-09-08,20,6,109,1,179,0.0,179.0,70,109.0
101865,2024-09-10,11,8,210,1,129,0.0,129.0,45,84.0
101866,2025-12-28,9,5,95,1,79,0.0,79.0,25,54.0
101866,2025-12-28,1,5,95,1,999,193.0,806.0,620,186.0
101867,2026-03-30,9,1,107,1,79,0.0,79.0,25,54.0
101868,2025-09-09,17,2,189,1,89,0.0,89.0,30,59.0
101869,2025-09-07,18,10,2,2,24,10.56,37.44,16,21.44
101870,2024-12-19,10,4,352,2,149,0.0,298.0,120,178.0
101870,2024-12-19,16,4,352,1,39,0.0,39.0,15,24.0
101871,2025-04-12,16,5,327,1,39,0.0,39.0,15,24.0
101872,2026-05-02,15,4,339,1,35,0.0,35.0,12,23.0
101873,2025-12-21,17,10,52,1,89,0.0,89.0,30,59.0
101873,2025-12-21,20,10,52,1,179,0.0,179.0,70,109.0
101874,2025-06-25,11,10,132,2,129,0.0,258.0,90,168.0
101875,2025-01-15,9,10,180,1,79,13.27,65.73,25,40.73
101876,2024-03-04,1,7,71,1,999,0.0,999.0,620,379.0
101877,2024-06-14,2,1,79,1,799,0.0,799.0,480,319.0
101878,2024-08-10,13,7,81,1,199,0.0,199.0,95,104.0
101878,2024-08-10,8,7,81,1,349,0.0,349.0,150,199.0
101879,2025-01-21,17,6,255,1,89,0.0,89.0,30,59.0
101880,2026-07-11,4,10,18,1,399,0.0,399.0,210,189.0
101881,2025-06-10,17,7,274,1,89,0.0,89.0,30,59.0
101881,2025-06-10,5,7,274,2,349,0.0,698.0,360,338.0
101882,2024-09-24,6,2,385,1,249,31.53,217.47,120,97.47
101882,2024-09-24,16,2,385,1,39,4.39,34.61,15,19.61
101883,2024-05-05,11,1,242,1,129,0.0,129.0,45,84.0
101883,2024-05-05,19,1,242,1,99,15.07,83.93,35,48.93
101884,2024-12-19,20,5,374,2,179,0.0,358.0,140,218.0
101884,2024-12-19,19,5,374,2,99,0.0,198.0,70,128.0
101884,2024-12-19,9,5,374,1,79,0.0,79.0,25,54.0
101885,2026-03-19,20,10,120,1,179,0.0,179.0,70,109.0
101886,2025-02-01,17,4,293,2,89,0.0,178.0,60,118.0
101886,2025-02-01,11,4,293,1,129,0.0,129.0,45,84.0
101887,2026-02-03,13,1,218,2,199,0.0,398.0,190,208.0
101887,2026-02-03,5,1,218,1,349,0.0,349.0,180,169.0
101888,2026-03-07,13,1,38,1,199,0.0,199.0,95,104.0
101889,2024-05-11,3,10,250,2,649,0.0,1298.0,700,598.0
101889,2024-05-11,20,10,250,1,179,30.64,148.36,70,78.36
101890,2025-09-24,17,10,247,1,89,0.0,89.0,30,59.0
101891,2026-07-26,2,1,310,2,799,0.0,1598.0,960,638.0
101892,2025-02-24,4,1,53,2,399,0.0,798.0,420,378.0
101892,2025-02-24,18,1,53,1,24,0.0,24.0,8,16.0
101893,2024-03-05,5,10,231,1,349,69.61,279.39,180,99.39
101894,2026-06-22,2,10,265,1,799,0.0,799.0,480,319.0
101895,2026-05-18,12,3,92,1,279,0.0,279.0,140,139.0
101896,2025-06-27,19,2,181,1,99,0.0,99.0,35,64.0
101897,2025-07-29,19,10,40,1,99,0.0,99.0,35,64.0
101897,2025-07-29,4,10,40,1,399,0.0,399.0,210,189.0
101898,2024-08-30,14,5,74,2,49,0.0,98.0,36,62.0
101899,2026-03-22,13,4,288,2,199,0.0,398.0,190,208.0
101900,2025-06-03,16,6,12,1,39,0.0,39.0,15,24.0
101900,2025-06-03,6,6,12,2,249,0.0,498.0,240,258.0
101900,2025-06-03,14,6,12,2,49,0.0,98.0,36,62.0
101901,2024-02-12,19,5,325,1,99,0.0,99.0,35,64.0
101901,2024-02-12,18,5,325,2,24,0.0,48.0,16,32.0
101902,2025-11-24,5,10,337,1,349,49.41,299.59,180,119.59
101903,2026-07-17,8,4,70,1,349,68.05,280.95,150,130.95
101904,2026-04-01,2,1,295,1,799,191.14,607.86,480,127.86
101905,2024-11-03,11,4,231,1,129,0.0,129.0,45,84.0
101906,2024-03-07,2,2,358,1,799,0.0,799.0,480,319.0
101906,2024-03-07,13,2,358,1,199,0.0,199.0,95,104.0
101906,2024-03-07,3,2,358,2,649,151.24,1146.76,700,446.76
101907,2026-07-08,12,7,30,1,279,0.0,279.0,140,139.0
101907,2026-07-08,19,7,30,1,99,0.0,99.0,35,64.0
101908,2026-07-05,19,3,343,1,99,0.0,99.0,35,64.0
101908,2026-07-05,15,3,343,1,35,4.88,30.12,12,18.12
101909,2025-07-08,6,10,155,1,249,0.0,249.0,120,129.0
101909,2025-07-08,9,10,155,1,79,0.0,79.0,25,54.0
101910,2025-10-24,8,5,313,1,349,0.0,349.0,150,199.0
101911,2025-04-29,14,4,142,1,49,0.0,49.0,18,31.0
101912,2025-03-15,8,4,305,1,349,0.0,349.0,150,199.0
101912,2025-03-15,2,4,305,2,799,0.0,1598.0,960,638.0
101913,2024-05-20,6,5,366,1,249,0.0,249.0,120,129.0
101913,2024-05-20,10,5,366,1,149,0.0,149.0,60,89.0
101914,2024-04-26,10,1,121,1,149,0.0,149.0,60,89.0
101915,2024-09-21,2,2,14,2,799,0.0,1598.0,960,638.0
101915,2024-09-21,18,2,14,1,24,0.0,24.0,8,16.0
101916,2026-04-07,3,1,262,1,649,0.0,649.0,350,299.0
101917,2024-06-17,4,3,74,1,399,0.0,399.0,210,189.0
101918,2024-09-15,1,6,280,1,999,0.0,999.0,620,379.0
101918,2024-09-15,15,6,280,1,35,0.0,35.0,12,23.0
101919,2025-07-25,10,1,327,2,149,0.0,298.0,120,178.0
101919,2025-07-25,20,1,327,1,179,0.0,179.0,70,109.0
101920,2024-09-03,3,3,397,1,649,0.0,649.0,350,299.0
101921,2024-07-07,19,5,10,1,99,0.0,99.0,35,64.0
101921,2024-07-07,5,5,10,1,349,0.0,349.0,180,169.0
101922,2025-08-10,4,2,151,1,399,0.0,399.0,210,189.0
101922,2025-08-10,10,2,151,1,149,0.0,149.0,60,89.0
101923,2025-01-15,12,9,320,1,279,0.0,279.0,140,139.0
101923,2025-01-15,2,9,320,2,799,0.0,1598.0,960,638.0
101924,2025-10-10,19,1,60,1,99,0.0,99.0,35,64.0
101924,2025-10-10,20,1,60,1,179,26.74,152.26,70,82.26
101925,2026-06-12,10,10,110,1,149,0.0,149.0,60,89.0
101925,2026-06-12,9,10,110,1,79,0.0,79.0,25,54.0
101926,2024-06-23,11,8,254,1,129,0.0,129.0,45,84.0
101927,2026-06-13,18,8,282,1,24,0.0,24.0,8,16.0
101928,2026-06-04,13,9,127,2,199,0.0,398.0,190,208.0
101928,2026-06-04,12,9,127,1,279,0.0,279.0,140,139.0
101929,2026-04-01,18,6,185,1,24,0.0,24.0,8,16.0
101930,2025-10-14,17,3,77,1,89,0.0,89.0,30,59.0
101930,2025-10-14,6,3,77,1,249,0.0,249.0,120,129.0
101930,2025-10-14,1,3,77,2,999,446.75,1551.25,1240,311.25
101931,2025-10-05,3,1,250,1,649,0.0,649.0,350,299.0
101932,2025-10-21,1,8,371,2,999,0.0,1998.0,1240,758.0
101933,2025-11-29,15,6,399,1,35,0.0,35.0,12,23.0
101933,2025-11-29,7,6,399,1,599,0.0,599.0,260,339.0
101934,2024-01-21,19,7,333,2,99,0.0,198.0,70,128.0
101935,2026-07-25,7,9,69,2,599,0.0,1198.0,520,678.0
101936,2025-09-01,9,8,130,1,79,0.0,79.0,25,54.0
101937,2026-02-13,7,6,157,1,599,0.0,599.0,260,339.0
101937,2026-02-13,18,6,157,1,24,3.37,20.63,8,12.63
101937,2026-02-13,9,6,157,1,79,0.0,79.0,25,54.0
101938,2025-01-25,11,5,262,2,129,0.0,258.0,90,168.0
101939,2024-01-16,9,2,261,2,79,0.0,158.0,50,108.0
101939,2024-01-16,20,2,261,1,179,0.0,179.0,70,109.0
101940,2025-06-14,3,5,240,1,649,0.0,649.0,350,299.0
101940,2025-06-14,10,5,240,1,149,0.0,149.0,60,89.0
101940,2025-06-14,17,5,240,2,89,0.0,178.0,60,118.0
101941,2025-06-12,3,8,291,1,649,0.0,649.0,350,299.0
101942,2025-04-03,2,9,334,2,799,0.0,1598.0,960,638.0
101943,2024-12-20,5,10,35,2,349,173.17,524.83,360,164.83
101944,2024-10-08,4,6,104,1,399,35.42,363.58,210,153.58
101945,2025-07-03,15,1,260,1,35,8.32,26.68,12,14.68
101946,2025-01-23,9,3,318,1,79,0.0,79.0,25,54.0
101947,2026-08-05,19,7,356,3,99,0.0,297.0,105,192.0
101947,2026-08-05,20,7,356,1,179,0.0,179.0,70,109.0
101948,2024-07-18,12,1,255,1,279,0.0,279.0,140,139.0
101948,2024-07-18,3,1,255,1,649,87.79,561.21,350,211.21
101949,2024-12-06,19,9,129,1,99,0.0,99.0,35,64.0
101950,2024-11-16,13,7,118,1,199,43.38,155.62,95,60.62
101950,2024-11-16,16,7,118,2,39,11.68,66.32,30,36.32
101950,2024-11-16,8,7,118,2,349,0.0,698.0,300,398.0
101951,2025-07-20,4,9,180,2,399,0.0,798.0,420,378.0
101952,2025-06-04,15,8,207,1,35,0.0,35.0,12,23.0
101953,2025-10-25,19,9,391,2,99,0.0,198.0,70,128.0
101953,2025-10-25,7,9,391,1,599,0.0,599.0,260,339.0
101954,2026-07-17,10,9,40,1,149,0.0,149.0,60,89.0
101955,2024-11-09,18,2,227,2,24,4.19,43.81,16,27.81
101955,2024-11-09,20,2,227,2,179,0.0,358.0,140,218.0
101956,2025-12-01,4,5,182,1,399,0.0,399.0,210,189.0
101957,2024-01-31,13,7,12,1,199,0.0,199.0,95,104.0
101958,2024-10-20,10,1,172,1,149,0.0,149.0,60,89.0
101959,2025-04-30,5,3,15,1,349,42.26,306.74,180,126.74
101959,2025-04-30,17,3,15,1,89,0.0,89.0,30,59.0
101959,2025-04-30,19,3,15,1,99,0.0,99.0,35,64.0
101960,2024-02-08,5,8,161,1,349,0.0,349.0,180,169.0
101961,2025-10-02,1,2,259,1,999,0.0,999.0,620,379.0
101962,2025-11-20,11,5,286,1,129,0.0,129.0,45,84.0
101963,2026-01-08,4,6,62,1,399,0.0,399.0,210,189.0
101963,2026-01-08,7,6,62,1,599,95.4,503.6,260,243.6
101963,2026-01-08,16,6,62,1,39,0.0,39.0,15,24.0
101964,2025-06-21,5,8,364,2,349,0.0,698.0,360,338.0
101965,2025-09-19,5,6,23,1,349,0.0,349.0,180,169.0
101966,2025-02-17,9,2,321,1,79,0.0,79.0,25,54.0
101967,2024-02-22,15,9,97,1,35,1.93,33.07,12,21.07
101968,2024-04-29,8,5,301,3,349,0.0,1047.0,450,597.0
101969,2025-11-04,1,2,363,1,999,0.0,999.0,620,379.0
101970,2026-08-28,3,1,239,1,649,158.31,490.69,350,140.69
101971,2024-01-20,10,4,246,1,149,0.0,149.0,60,89.0
101972,2025-08-04,7,4,31,1,599,0.0,599.0,260,339.0
101973,2026-01-13,19,8,378,1,99,0.0,99.0,35,64.0
101974,2026-03-29,13,5,203,1,199,0.0,199.0,95,104.0
101975,2025-07-22,5,1,245,2,349,0.0,698.0,360,338.0
101976,2025-10-04,19,1,56,2,99,0.0,198.0,70,128.0
101977,2025-12-03,7,4,306,2,599,0.0,1198.0,520,678.0
101978,2026-04-27,3,4,52,1,649,0.0,649.0,350,299.0
101978,2026-04-27,17,4,52,1,89,0.0,89.0,30,59.0
101979,2024-05-23,8,10,349,1,349,0.0,349.0,150,199.0
101980,2026-06-25,2,10,173,1,799,0.0,799.0,480,319.0
101981,2024-02-02,2,10,120,1,799,0.0,799.0,480,319.0
101981,2024-02-02,16,10,120,2,39,18.75,59.25,30,29.25
101982,2026-04-07,13,8,250,1,199,0.0,199.0,95,104.0
101982,2026-04-07,15,8,250,1,35,0.0,35.0,12,23.0
101983,2024-04-04,18,10,303,1,24,0.0,24.0,8,16.0
101984,2024-08-11,14,1,321,1,49,0.0,49.0,18,31.0
101985,2024-01-05,13,9,266,3,199,0.0,597.0,285,312.0
101986,2025-04-11,17,2,111,1,89,0.0,89.0,30,59.0
101986,2025-04-11,16,2,111,1,39,3.51,35.49,15,20.49
101987,2024-12-16,18,7,5,1,24,0.0,24.0,8,16.0
101987,2024-12-16,15,7,5,1,35,8.58,26.42,12,14.42
101988,2024-07-10,15,1,123,2,35,0.0,70.0,24,46.0
101988,2024-07-10,16,1,123,1,39,0.0,39.0,15,24.0
101989,2025-04-17,16,1,365,2,39,0.0,78.0,30,48.0
101990,2025-02-24,7,1,385,1,599,0.0,599.0,260,339.0
101990,2025-02-24,1,1,385,2,999,0.0,1998.0,1240,758.0
101991,2026-01-29,18,7,269,2,24,6.87,41.13,16,25.13
101992,2026-05-26,6,1,107,1,249,0.0,249.0,120,129.0
101993,2025-11-02,1,5,87,1,999,244.93,754.07,620,134.07
101993,2025-11-02,9,5,87,1,79,0.0,79.0,25,54.0
101994,2024-05-25,18,6,350,2,24,0.0,48.0,16,32.0
101995,2024-11-17,18,3,84,1,24,0.0,24.0,8,16.0
101995,2024-11-17,16,3,84,2,39,0.0,78.0,30,48.0
101996,2026-06-13,7,10,260,1,599,58.19,540.81,260,280.81
101997,2024-04-17,3,8,40,1,649,123.88,525.12,350,175.12
101998,2025-03-01,13,3,104,2,199,0.0,398.0,190,208.0
101999,2026-07-10,13,10,399,2,199,22.54,375.46,190,185.46
102000,2026-07-18,3,9,52,1,649,0.0,649.0,350,299.0
102001,2025-03-06,4,6,369,1,399,0.0,399.0,210,189.0
102001,2025-03-06,1,6,369,1,999,0.0,999.0,620,379.0
102001,2025-03-06,14,6,369,1,49,0.0,49.0,18,31.0
102002,2025-11-12,2,1,260,1,799,0.0,799.0,480,319.0
102003,2025-04-23,2,2,120,2,799,0.0,1598.0,960,638.0
102004,2026-01-15,16,2,165,2,39,0.0,78.0,30,48.0
102004,2026-01-15,10,2,165,1,149,30.63,118.37,60,58.37
102005,2024-02-09,4,9,46,2,399,145.78,652.22,420,232.22
102006,2024-06-15,12,4,27,1,279,0.0,279.0,140,139.0
102006,2024-06-15,5,4,27,1,349,37.54,311.46,180,131.46
102007,2025-09-29,15,2,354,1,35,0.0,35.0,12,23.0
102008,2024-09-21,17,4,12,1,89,0.0,89.0,30,59.0
102008,2024-09-21,3,4,12,1,649,100.58,548.42,350,198.42
102009,2025-11-11,13,5,55,1,199,42.32,156.68,95,61.68
102010,2024-12-28,7,1,388,2,599,0.0,1198.0,520,678.0
102011,2026-05-21,14,9,50,2,49,0.0,98.0,36,62.0
102012,2026-03-22,17,7,172,1,89,0.0,89.0,30,59.0
102012,2026-03-22,6,7,172,3,249,0.0,747.0,360,387.0
102013,2025-05-28,18,8,4,1,24,0.0,24.0,8,16.0
102013,2025-05-28,20,8,4,1,179,0.0,179.0,70,109.0
102014,2026-02-04,4,3,120,1,399,0.0,399.0,210,189.0
102015,2024-10-29,2,9,32,3,799,0.0,2397.0,1440,957.0
102016,2025-05-30,16,6,297,1,39,0.0,39.0,15,24.0
102016,2025-05-30,13,6,297,1,199,44.77,154.23,95,59.23
102017,2024-08-15,4,8,219,1,399,0.0,399.0,210,189.0
102018,2026-04-29,18,9,290,1,24,0.0,24.0,8,16.0
102019,2026-03-26,7,1,206,2,599,0.0,1198.0,520,678.0
102019,2026-03-26,3,1,206,1,649,0.0,649.0,350,299.0
102020,2026-06-03,13,7,92,1,199,0.0,199.0,95,104.0
102020,2026-06-03,10,7,92,1,149,0.0,149.0,60,89.0
102021,2026-05-13,6,8,345,2,249,0.0,498.0,240,258.0
102021,2026-05-13,13,8,345,2,199,69.65,328.35,190,138.35
102022,2026-07-26,14,10,26,1,49,0.0,49.0,18,31.0
102022,2026-07-26,16,10,26,1,39,0.0,39.0,15,24.0
102022,2026-07-26,1,10,26,1,999,0.0,999.0,620,379.0
102023,2024-09-17,5,4,285,1,349,80.38,268.62,180,88.62
102024,2026-06-30,5,9,55,2,349,0.0,698.0,360,338.0
102025,2025-08-18,20,10,144,1,179,0.0,179.0,70,109.0
102025,2025-08-18,14,10,144,2,49,0.0,98.0,36,62.0
102026,2025-03-18,7,8,378,1,599,0.0,599.0,260,339.0
102027,2025-08-07,5,10,111,2,349,0.0,698.0,360,338.0
102028,2024-12-22,2,5,143,1,799,0.0,799.0,480,319.0
102029,2024-11-12,10,2,29,1,149,26.48,122.52,60,62.52
102030,2024-09-30,9,9,260,1,79,0.0,79.0,25,54.0
102031,2024-04-10,15,5,188,2,35,10.95,59.05,24,35.05
102032,2025-06-01,17,1,215,1,89,0.0,89.0,30,59.0
102033,2026-05-22,15,2,5,1,35,0.0,35.0,12,23.0
102034,2025-10-13,4,7,294,1,399,0.0,399.0,210,189.0
102034,2025-10-13,6,7,294,1,249,0.0,249.0,120,129.0
102035,2025-06-26,1,8,99,1,999,0.0,999.0,620,379.0
102035,2025-06-26,14,8,99,2,49,0.0,98.0,36,62.0
102036,2025-03-25,15,3,302,1,35,2.49,32.51,12,20.51
102036,2025-03-25,20,3,302,1,179,0.0,179.0,70,109.0
102037,2025-05-01,16,6,33,2,39,0.0,78.0,30,48.0
102038,2024-08-28,1,7,123,2,999,0.0,1998.0,1240,758.0
102038,2024-08-28,16,7,123,1,39,0.0,39.0,15,24.0
102039,2026-03-26,3,4,346,1,649,0.0,649.0,350,299.0
102040,2024-08-16,13,10,111,2,199,0.0,398.0,190,208.0
102041,2025-12-17,18,3,356,1,24,0.0,24.0,8,16.0
102042,2026-01-22,1,4,148,1,999,221.71,777.29,620,157.29
102043,2025-08-22,1,3,124,3,999,0.0,2997.0,1860,1137.0
102044,2026-05-01,18,6,83,1,24,0.0,24.0,8,16.0
102045,2024-11-14,3,1,320,1,649,84.85,564.15,350,214.15
102045,2024-11-14,6,1,320,1,249,0.0,249.0,120,129.0
102046,2026-05-17,10,7,211,1,149,0.0,149.0,60,89.0
102047,2025-12-25,13,4,304,1,199,14.8,184.2,95,89.2
102047,2025-12-25,5,4,304,1,349,0.0,349.0,180,169.0
102048,2026-03-03,1,8,318,1,999,0.0,999.0,620,379.0
102048,2026-03-03,14,8,318,2,49,0.0,98.0,36,62.0
102049,2025-11-10,7,7,286,1,599,40.47,558.53,260,298.53
102050,2026-04-16,7,4,228,2,599,0.0,1198.0,520,678.0
102050,2026-04-16,15,4,228,2,35,0.0,70.0,24,46.0
102051,2026-08-25,14,4,291,1,49,0.0,49.0,18,31.0
102051,2026-08-25,15,4,291,1,35,0.0,35.0,12,23.0
102051,2026-08-25,10,4,291,1,149,0.0,149.0,60,89.0
102052,2025-03-16,16,2,308,1,39,0.0,39.0,15,24.0
102053,2026-03-17,5,1,248,2,349,0.0,698.0,360,338.0
102054,2026-01-06,7,1,94,1,599,0.0,599.0,260,339.0
102054,2026-01-06,16,1,94,2,39,0.0,78.0,30,48.0
102055,2025-04-19,13,9,184,1,199,0.0,199.0,95,104.0
102056,2026-06-25,1,3,12,1,999,0.0,999.0,620,379.0
102056,2026-06-25,18,3,12,1,24,0.0,24.0,8,16.0
102057,2025-02-15,6,1,343,2,249,0.0,498.0,240,258.0
102057,2025-02-15,10,1,343,3,149,0.0,447.0,180,267.0
102058,2025-08-12,3,5,218,1,649,88.14,560.86,350,210.86
102059,2024-05-05,8,10,38,1,349,0.0,349.0,150,199.0
102060,2024-09-14,16,4,368,1,39,0.0,39.0,15,24.0
102061,2026-04-11,6,1,78,2,249,0.0,498.0,240,258.0
102061,2026-04-11,16,1,78,2,39,12.11,65.89,30,35.89
102062,2025-02-17,4,6,39,1,399,0.0,399.0,210,189.0
102062,2025-02-17,7,6,39,1,599,0.0,599.0,260,339.0
102063,2025-02-14,1,2,290,2,999,0.0,1998.0,1240,758.0
102064,2024-10-05,13,9,100,1,199,0.0,199.0,95,104.0
102065,2025-05-27,5,6,226,2,349,0.0,698.0,360,338.0
102066,2026-03-10,2,7,73,1,799,0.0,799.0,480,319.0
102067,2026-05-28,13,8,18,1,199,0.0,199.0,95,104.0
102067,2026-05-28,9,8,18,1,79,6.12,72.88,25,47.88
102068,2024-03-27,1,3,358,1,999,0.0,999.0,620,379.0
102069,2025-08-21,11,2,316,2,129,0.0,258.0,90,168.0
102070,2025-05-04,5,6,387,1,349,0.0,349.0,180,169.0
102071,2025-09-29,17,9,92,1,89,0.0,89.0,30,59.0
102072,2025-04-13,19,6,205,1,99,0.0,99.0,35,64.0
102072,2025-04-13,16,6,205,2,39,0.0,78.0,30,48.0
102072,2025-04-13,18,6,205,1,24,0.0,24.0,8,16.0
102073,2025-02-20,10,8,113,1,149,0.0,149.0,60,89.0
102073,2025-02-20,2,8,113,1,799,0.0,799.0,480,319.0
102074,2025-05-08,2,5,289,1,799,0.0,799.0,480,319.0
102074,2025-05-08,9,5,289,1,79,0.0,79.0,25,54.0
102075,2025-08-29,3,5,247,1,649,0.0,649.0,350,299.0
102076,2025-06-05,9,4,270,1,79,0.0,79.0,25,54.0
102077,2025-05-08,10,5,204,1,149,0.0,149.0,60,89.0
102078,2026-03-21,6,5,227,1,249,0.0,249.0,120,129.0
102078,2026-03-21,18,5,227,1,24,0.0,24.0,8,16.0
102079,2026-01-07,10,8,225,1,149,13.06,135.94,60,75.94
102080,2024-12-21,5,4,34,1,349,0.0,349.0,180,169.0
102080,2024-12-21,8,4,34,2,349,0.0,698.0,300,398.0
102081,2026-03-05,6,1,197,1,249,0.0,249.0,120,129.0
102082,2026-04-23,14,4,264,1,49,0.0,49.0,18,31.0
102083,2024-06-25,10,3,346,1,149,0.0,149.0,60,89.0
102084,2025-08-29,20,6,371,1,179,0.0,179.0,70,109.0
102085,2024-11-09,19,3,36,2,99,25.51,172.49,70,102.49
102085,2024-11-09,15,3,36,3,35,0.0,105.0,36,69.0
102086,2026-01-01,1,1,154,1,999,0.0,999.0,620,379.0
102087,2024-09-28,16,10,124,2,39,0.0,78.0,30,48.0
102088,2025-11-15,8,6,20,1,349,0.0,349.0,150,199.0
102089,2024-10-14,9,4,359,1,79,0.0,79.0,25,54.0
102090,2025-06-16,11,10,272,1,129,0.0,129.0,45,84.0
102091,2026-07-16,9,9,40,1,79,0.0,79.0,25,54.0
102091,2026-07-16,10,9,40,3,149,0.0,447.0,180,267.0
102092,2025-01-30,2,3,347,1,799,121.36,677.64,480,197.64
102093,2026-05-12,13,8,66,1,199,0.0,199.0,95,104.0
102094,2026-08-20,20,1,93,1,179,0.0,179.0,70,109.0
102095,2026-05-11,8,4,221,1,349,0.0,349.0,150,199.0
102096,2024-07-10,3,10,393,1,649,0.0,649.0,350,299.0
102097,2026-03-23,15,10,186,1,35,0.0,35.0,12,23.0
102098,2024-02-10,8,8,324,2,349,0.0,698.0,300,398.0
102099,2025-02-13,18,10,108,1,24,0.0,24.0,8,16.0
102100,2026-05-07,13,8,293,2,199,0.0,398.0,190,208.0
102100,2026-05-07,20,8,293,1,179,0.0,179.0,70,109.0
102101,2025-11-28,6,6,73,1,249,0.0,249.0,120,129.0
102101,2025-11-28,4,6,73,1,399,0.0,399.0,210,189.0
102102,2025-07-08,10,1,255,1,149,0.0,149.0,60,89.0
102103,2025-02-07,10,1,352,1,149,0.0,149.0,60,89.0
102103,2025-02-07,20,1,352,1,179,27.94,151.06,70,81.06
102104,2026-03-16,14,10,94,1,49,0.0,49.0,18,31.0
102105,2025-12-12,14,8,394,2,49,0.0,98.0,36,62.0
102106,2025-05-05,9,5,53,1,79,0.0,79.0,25,54.0
102107,2026-05-26,17,1,268,2,89,0.0,178.0,60,118.0
102108,2024-09-18,6,10,260,1,249,0.0,249.0,120,129.0
102108,2024-09-18,17,10,260,1,89,0.0,89.0,30,59.0
102109,2024-07-15,19,8,88,1,99,0.0,99.0,35,64.0
102110,2025-10-24,10,4,120,1,149,0.0,149.0,60,89.0
102110,2025-10-24,16,4,120,1,39,0.0,39.0,15,24.0
102111,2026-08-06,5,4,27,1,349,74.2,274.8,180,94.8
102111,2026-08-06,19,4,27,1,99,0.0,99.0,35,64.0
102111,2026-08-06,2,4,27,1,799,0.0,799.0,480,319.0
102112,2024-10-06,7,5,201,1,599,43.81,555.19,260,295.19
102113,2024-10-08,5,2,211,1,349,0.0,349.0,180,169.0
102114,2024-06-10,12,6,355,1,279,0.0,279.0,140,139.0
102115,2026-04-29,8,6,101,1,349,0.0,349.0,150,199.0
102116,2024-09-15,5,1,336,1,349,0.0,349.0,180,169.0
102116,2024-09-15,18,1,336,2,24,0.0,48.0,16,32.0
102117,2025-06-08,5,7,246,1,349,0.0,349.0,180,169.0
102117,2025-06-08,10,7,246,1,149,0.0,149.0,60,89.0
102118,2026-08-23,14,9,331,1,49,0.0,49.0,18,31.0
102119,2024-01-15,2,4,191,1,799,40.18,758.82,480,278.82
102120,2025-08-03,12,2,171,1,279,0.0,279.0,140,139.0
102121,2025-06-17,12,7,306,2,279,0.0,558.0,280,278.0
102122,2026-03-11,17,9,313,1,89,0.0,89.0,30,59.0
102122,2026-03-11,3,9,313,1,649,0.0,649.0,350,299.0
102123,2024-12-31,8,6,125,1,349,0.0,349.0,150,199.0
102123,2024-12-31,1,6,125,1,999,0.0,999.0,620,379.0
102124,2025-03-05,9,1,290,1,79,0.0,79.0,25,54.0
102125,2024-07-12,19,2,110,1,99,0.0,99.0,35,64.0
102126,2026-01-02,1,1,387,2,999,0.0,1998.0,1240,758.0
102127,2026-02-16,18,7,88,1,24,0.0,24.0,8,16.0
102127,2026-02-16,1,7,88,1,999,0.0,999.0,620,379.0
102128,2024-06-07,16,3,209,1,39,0.0,39.0,15,24.0
102129,2025-02-13,17,1,285,1,89,0.0,89.0,30,59.0
102130,2026-05-26,1,1,115,1,999,0.0,999.0,620,379.0
102130,2026-05-26,5,1,115,2,349,0.0,698.0,360,338.0
102131,2024-01-04,5,10,282,1,349,0.0,349.0,180,169.0
102132,2024-11-20,9,2,393,1,79,0.0,79.0,25,54.0
102132,2024-11-20,10,2,393,1,149,0.0,149.0,60,89.0
102133,2025-08-01,13,8,332,1,199,0.0,199.0,95,104.0
102134,2024-12-16,13,8,395,1,199,0.0,199.0,95,104.0
102135,2024-10-30,4,2,367,1,399,0.0,399.0,210,189.0
102135,2024-10-30,20,2,367,1,179,24.83,154.17,70,84.17
102136,2025-04-26,5,6,285,2,349,0.0,698.0,360,338.0
102137,2024-07-28,8,2,220,1,349,0.0,349.0,150,199.0
102137,2024-07-28,10,2,220,3,149,0.0,447.0,180,267.0
102138,2025-07-05,13,5,111,1,199,43.47,155.53,95,60.53
102138,2025-07-05,12,5,111,1,279,0.0,279.0,140,139.0
102139,2025-12-10,4,8,85,1,399,23.21,375.79,210,165.79
102139,2025-12-10,10,8,85,1,149,0.0,149.0,60,89.0
102140,2025-08-22,15,4,339,3,35,0.0,105.0,36,69.0
102140,2025-08-22,8,4,339,2,349,0.0,698.0,300,398.0
102141,2024-04-22,8,6,203,1,349,22.56,326.44,150,176.44
102142,2026-04-14,15,10,297,2,35,0.0,70.0,24,46.0
102143,2024-07-20,11,5,269,1,129,0.0,129.0,45,84.0
102143,2024-07-20,2,5,269,2,799,0.0,1598.0,960,638.0
102144,2026-01-26,4,4,398,1,399,0.0,399.0,210,189.0
102145,2025-01-06,12,2,228,1,279,17.14,261.86,140,121.86
102145,2025-01-06,10,2,228,1,149,0.0,149.0,60,89.0
102146,2026-02-14,3,4,176,2,649,0.0,1298.0,700,598.0
102147,2024-08-24,4,4,377,2,399,0.0,798.0,420,378.0
102148,2024-08-03,15,8,3,1,35,0.0,35.0,12,23.0
102149,2025-06-01,6,3,334,2,249,0.0,498.0,240,258.0
102150,2024-02-11,11,8,230,1,129,0.0,129.0,45,84.0
102151,2024-09-14,3,2,300,1,649,0.0,649.0,350,299.0
102152,2025-12-22,17,5,280,1,89,0.0,89.0,30,59.0
102153,2026-04-08,11,7,284,2,129,0.0,258.0,90,168.0
102153,2026-04-08,9,7,284,2,79,0.0,158.0,50,108.0
102154,2024-04-08,14,1,226,1,49,0.0,49.0,18,31.0
102154,2024-04-08,10,1,226,1,149,0.0,149.0,60,89.0
102155,2026-05-17,6,3,283,1,249,0.0,249.0,120,129.0
102156,2026-03-02,7,8,70,1,599,0.0,599.0,260,339.0
102157,2026-05-07,19,7,72,1,99,0.0,99.0,35,64.0
102158,2025-12-04,3,9,66,1,649,0.0,649.0,350,299.0
102158,2025-12-04,12,9,66,1,279,21.33,257.67,140,117.67
102159,2025-11-17,18,7,149,1,24,3.51,20.49,8,12.49
102159,2025-11-17,19,7,149,1,99,11.13,87.87,35,52.87
102160,2025-06-30,5,9,382,1,349,0.0,349.0,180,169.0
102161,2025-11-02,17,6,355,1,89,0.0,89.0,30,59.0
102162,2026-06-18,3,10,373,1,649,0.0,649.0,350,299.0
102162,2026-06-18,16,10,373,1,39,0.0,39.0,15,24.0
102163,2024-04-30,17,3,96,1,89,21.49,67.51,30,37.51
102163,2024-04-30,6,3,96,1,249,0.0,249.0,120,129.0
102164,2024-12-03,6,3,302,1,249,0.0,249.0,120,129.0
102165,2024-03-30,14,2,254,2,49,0.0,98.0,36,62.0
102166,2026-07-12,16,1,39,2,39,0.0,78.0,30,48.0
102166,2026-07-12,7,1,39,2,599,0.0,1198.0,520,678.0
102167,2025-04-11,6,8,37,2,249,0.0,498.0,240,258.0
102167,2025-04-11,16,8,37,1,39,0.0,39.0,15,24.0
102168,2025-11-18,1,10,210,1,999,193.55,805.45,620,185.45
102169,2026-04-11,18,10,191,1,24,0.0,24.0,8,16.0
102170,2026-08-23,7,5,231,1,599,91.93,507.07,260,247.07
102171,2024-07-05,20,5,216,1,179,0.0,179.0,70,109.0
102172,2026-03-04,1,8,338,2,999,0.0,1998.0,1240,758.0
102172,2026-03-04,10,8,338,2,149,0.0,298.0,120,178.0
102173,2026-05-22,13,5,214,2,199,0.0,398.0,190,208.0
102174,2024-03-02,4,1,22,1,399,48.33,350.67,210,140.67
102175,2026-01-16,7,9,161,1,599,0.0,599.0,260,339.0
102176,2024-12-31,10,3,28,3,149,0.0,447.0,180,267.0
102177,2025-10-30,2,3,219,1,799,0.0,799.0,480,319.0
102177,2025-10-30,10,3,219,3,149,0.0,447.0,180,267.0
102177,2025-10-30,4,3,219,1,399,0.0,399.0,210,189.0
102178,2025-06-19,18,7,23,1,24,0.0,24.0,8,16.0
102179,2024-10-18,7,2,56,1,599,0.0,599.0,260,339.0
102180,2024-06-05,9,7,189,1,79,0.0,79.0,25,54.0
102181,2024-05-17,18,2,332,1,24,0.0,24.0,8,16.0
102182,2024-05-03,6,6,142,1,249,0.0,249.0,120,129.0
102183,2025-10-20,17,8,225,1,89,17.67,71.33,30,41.33
102184,2024-12-28,9,1,271,3,79,23.13,213.87,75,138.87
102184,2024-12-28,17,1,271,1,89,7.74,81.26,30,51.26
102185,2024-09-05,1,9,159,1,999,0.0,999.0,620,379.0
102186,2025-11-30,6,4,177,2,249,0.0,498.0,240,258.0
102187,2025-11-26,16,8,238,1,39,0.0,39.0,15,24.0
102187,2025-11-26,11,8,238,1,129,19.1,109.9,45,64.9
102188,2025-07-15,11,5,24,1,129,0.0,129.0,45,84.0
102189,2026-07-03,15,4,397,1,35,0.0,35.0,12,23.0
102190,2025-02-04,19,1,197,1,99,0.0,99.0,35,64.0
102191,2026-04-07,17,5,380,1,89,17.88,71.12,30,41.12
102192,2024-04-02,11,3,367,1,129,0.0,129.0,45,84.0
102193,2026-01-01,7,4,265,2,599,285.04,912.96,520,392.96
102194,2026-08-21,15,4,310,1,35,0.0,35.0,12,23.0
102195,2026-04-16,10,9,312,1,149,0.0,149.0,60,89.0
102195,2026-04-16,20,9,312,1,179,28.31,150.69,70,80.69
102196,2025-08-26,3,8,65,1,649,0.0,649.0,350,299.0
102197,2025-10-10,5,10,2,1,349,48.46,300.54,180,120.54
102198,2024-12-30,2,9,266,2,799,0.0,1598.0,960,638.0
102199,2025-11-21,2,2,26,1,799,0.0,799.0,480,319.0
102200,2026-02-01,6,4,268,3,249,0.0,747.0,360,387.0
102201,2026-08-30,7,4,184,1,599,0.0,599.0,260,339.0
102202,2025-05-28,4,8,24,1,399,0.0,399.0,210,189.0
102203,2024-03-17,10,4,336,1,149,0.0,149.0,60,89.0
102204,2025-09-11,20,4,298,1,179,0.0,179.0,70,109.0
102204,2025-09-11,19,4,298,2,99,0.0,198.0,70,128.0
102205,2024-05-19,5,8,204,1,349,0.0,349.0,180,169.0
102205,2024-05-19,12,8,204,2,279,50.67,507.33,280,227.33
102206,2024-10-04,6,2,209,2,249,112.76,385.24,240,145.24
102207,2024-12-12,11,3,317,1,129,0.0,129.0,45,84.0
102207,2024-12-12,9,3,317,1,79,0.0,79.0,25,54.0
102207,2024-12-12,20,3,317,1,179,44.1,134.9,70,64.9
102208,2025-12-26,5,1,161,1,349,0.0,349.0,180,169.0
102209,2024-07-30,12,4,210,1,279,0.0,279.0,140,139.0
102210,2024-07-09,4,9,86,1,399,0.0,399.0,210,189.0
102210,2024-07-09,15,9,86,2,35,0.0,70.0,24,46.0
102211,2024-02-26,3,1,361,1,649,0.0,649.0,350,299.0
102212,2026-05-10,12,5,288,1,279,0.0,279.0,140,139.0
102213,2025-12-01,20,6,235,1,179,0.0,179.0,70,109.0
102214,2024-02-20,10,7,280,1,149,0.0,149.0,60,89.0
102215,2024-02-05,18,8,244,2,24,2.4,45.6,16,29.6
102216,2025-08-05,1,8,169,2,999,0.0,1998.0,1240,758.0
102216,2025-08-05,19,8,169,2,99,0.0,198.0,70,128.0
102217,2024-11-07,13,8,118,1,199,45.18,153.82,95,58.82
102218,2025-09-12,13,5,8,3,199,0.0,597.0,285,312.0
102219,2025-03-31,7,1,186,1,599,0.0,599.0,260,339.0
102220,2026-06-22,18,1,209,1,24,3.48,20.52,8,12.52
102221,2024-11-11,20,2,187,2,179,0.0,358.0,140,218.0
102222,2025-11-21,17,1,296,1,89,9.8,79.2,30,49.2
102223,2024-03-08,6,1,252,1,249,0.0,249.0,120,129.0
102224,2026-07-23,4,6,308,1,399,0.0,399.0,210,189.0
102225,2026-08-14,14,7,46,1,49,0.0,49.0,18,31.0
102226,2026-01-01,6,2,385,2,249,0.0,498.0,240,258.0
102226,2026-01-01,11,2,385,2,129,0.0,258.0,90,168.0
102227,2025-05-02,12,3,173,1,279,0.0,279.0,140,139.0
102228,2024-09-08,16,8,378,2,39,0.0,78.0,30,48.0
102229,2026-03-16,17,9,185,1,89,0.0,89.0,30,59.0
102229,2026-03-16,16,9,185,1,39,0.0,39.0,15,24.0
102230,2025-12-30,6,2,197,1,249,0.0,249.0,120,129.0
102231,2024-09-10,16,1,321,1,39,0.0,39.0,15,24.0
102231,2024-09-10,2,1,321,1,799,0.0,799.0,480,319.0
102232,2025-04-17,16,3,394,1,39,0.0,39.0,15,24.0
102233,2025-04-29,1,10,374,3,999,0.0,2997.0,1860,1137.0
102234,2026-03-29,9,6,242,1,79,0.0,79.0,25,54.0
102235,2025-11-24,1,3,294,1,999,0.0,999.0,620,379.0
102236,2025-10-25,2,7,153,1,799,0.0,799.0,480,319.0
102237,2025-10-31,20,7,152,1,179,0.0,179.0,70,109.0
102238,2024-10-28,11,1,267,1,129,0.0,129.0,45,84.0
102239,2025-01-19,5,3,249,1,349,0.0,349.0,180,169.0
102240,2024-02-27,19,6,394,1,99,0.0,99.0,35,64.0
102240,2024-02-27,13,6,394,2,199,62.98,335.02,190,145.02
102240,2024-02-27,14,6,394,1,49,0.0,49.0,18,31.0
102241,2026-02-19,7,10,26,2,599,0.0,1198.0,520,678.0
102242,2025-03-30,12,8,218,1,279,0.0,279.0,140,139.0
102243,2025-04-04,15,6,141,1,35,0.0,35.0,12,23.0
102244,2024-10-04,12,3,81,1,279,57.62,221.38,140,81.38
102245,2024-08-28,17,2,224,1,89,0.0,89.0,30,59.0
102246,2025-09-04,19,7,84,1,99,8.33,90.67,35,55.67
102247,2024-09-21,10,3,277,3,149,0.0,447.0,180,267.0
102247,2024-09-21,6,3,277,1,249,0.0,249.0,120,129.0
102248,2024-03-20,2,7,392,1,799,92.71,706.29,480,226.29
102249,2026-01-29,10,9,28,1,149,0.0,149.0,60,89.0
102250,2025-01-24,3,3,129,2,649,0.0,1298.0,700,598.0
102250,2025-01-24,2,3,129,1,799,124.08,674.92,480,194.92
102251,2025-01-29,2,4,47,1,799,0.0,799.0,480,319.0
102252,2025-03-28,17,2,173,2,89,0.0,178.0,60,118.0
102252,2025-03-28,11,2,173,1,129,0.0,129.0,45,84.0
102252,2025-03-28,10,2,173,2,149,0.0,298.0,120,178.0
102253,2026-03-18,6,7,228,1,249,0.0,249.0,120,129.0
102254,2024-12-06,9,3,12,2,79,13.75,144.25,50,94.25
102255,2026-01-20,2,1,224,1,799,142.28,656.72,480,176.72
102256,2026-07-07,15,4,392,1,35,0.0,35.0,12,23.0
102257,2025-11-08,20,7,194,1,179,38.17,140.83,70,70.83
102257,2025-11-08,11,7,194,1,129,0.0,129.0,45,84.0
102257,2025-11-08,12,7,194,1,279,50.27,228.73,140,88.73
102258,2025-03-28,4,6,154,1,399,0.0,399.0,210,189.0
102259,2026-01-09,11,7,336,1,129,0.0,129.0,45,84.0
102260,2025-04-24,2,4,116,1,799,0.0,799.0,480,319.0
102260,2025-04-24,16,4,116,1,39,0.0,39.0,15,24.0
102261,2025-03-10,15,1,43,1,35,0.0,35.0,12,23.0
102262,2025-06-30,13,7,238,1,199,0.0,199.0,95,104.0
102262,2025-06-30,9,7,238,1,79,0.0,79.0,25,54.0
102263,2024-12-04,1,4,374,1,999,0.0,999.0,620,379.0
102264,2024-05-04,11,1,286,1,129,0.0,129.0,45,84.0
102265,2025-03-10,1,7,318,1,999,0.0,999.0,620,379.0
102265,2025-03-10,19,7,318,2,99,33.64,164.36,70,94.36
102266,2024-05-24,9,1,233,1,79,11.74,67.26,25,42.26
102267,2025-03-05,1,5,125,1,999,0.0,999.0,620,379.0
102268,2025-08-03,20,8,271,1,179,0.0,179.0,70,109.0
102269,2026-06-29,19,7,255,1,99,10.4,88.6,35,53.6
102269,2026-06-29,14,7,255,1,49,0.0,49.0,18,31.0
102270,2024-02-15,13,10,305,2,199,0.0,398.0,190,208.0
102270,2024-02-15,4,10,305,2,399,0.0,798.0,420,378.0
102271,2025-10-06,6,4,103,2,249,0.0,498.0,240,258.0
102271,2025-10-06,3,4,103,1,649,0.0,649.0,350,299.0
102271,2025-10-06,20,4,103,1,179,0.0,179.0,70,109.0
102272,2025-04-24,10,2,124,1,149,0.0,149.0,60,89.0
102273,2024-01-25,19,10,121,1,99,6.23,92.77,35,57.77
102274,2024-10-08,18,2,36,2,24,0.0,48.0,16,32.0
102275,2024-05-19,8,9,399,3,349,0.0,1047.0,450,597.0
102275,2024-05-19,12,9,399,1,279,0.0,279.0,140,139.0
102276,2024-09-05,6,10,235,1,249,0.0,249.0,120,129.0
102277,2024-11-01,17,1,248,1,89,0.0,89.0,30,59.0
102278,2025-02-23,16,7,188,2,39,0.0,78.0,30,48.0
102279,2025-07-04,11,9,29,1,129,0.0,129.0,45,84.0
102280,2024-01-02,14,6,70,1,49,0.0,49.0,18,31.0
102281,2024-07-05,17,7,317,1,89,0.0,89.0,30,59.0
102282,2024-04-22,5,1,86,1,349,60.03,288.97,180,108.97
102283,2025-07-27,8,1,195,3,349,0.0,1047.0,450,597.0
102284,2024-12-12,12,5,155,1,279,24.96,254.04,140,114.04
102285,2025-07-25,17,7,56,1,89,0.0,89.0,30,59.0
102286,2024-09-10,13,6,82,1,199,0.0,199.0,95,104.0
102287,2024-01-30,12,7,62,2,279,126.58,431.42,280,151.42
102288,2026-07-09,18,2,148,1,24,0.0,24.0,8,16.0
102289,2024-05-08,16,10,202,1,39,0.0,39.0,15,24.0
102290,2024-05-27,16,7,305,1,39,0.0,39.0,15,24.0
102291,2024-06-18,7,6,249,1,599,0.0,599.0,260,339.0
102291,2024-06-18,18,6,249,1,24,0.0,24.0,8,16.0
102292,2026-08-15,9,6,364,1,79,0.0,79.0,25,54.0
102292,2026-08-15,4,6,364,1,399,0.0,399.0,210,189.0
102293,2025-10-02,20,9,161,1,179,0.0,179.0,70,109.0
102294,2025-09-25,20,7,23,2,179,0.0,358.0,140,218.0
102295,2026-08-20,19,3,310,1,99,0.0,99.0,35,64.0
102296,2024-04-16,9,4,357,1,79,0.0,79.0,25,54.0
102297,2026-08-09,11,5,2,1,129,0.0,129.0,45,84.0
102298,2024-08-22,5,6,162,1,349,0.0,349.0,180,169.0
102299,2025-10-07,8,3,178,1,349,0.0,349.0,150,199.0
102299,2025-10-07,7,3,178,3,599,439.82,1357.18,780,577.18
102300,2025-03-16,6,4,374,1,249,0.0,249.0,120,129.0
102301,2025-02-02,20,1,18,1,179,9.82,169.18,70,99.18
102302,2026-06-29,1,10,123,1,999,0.0,999.0,620,379.0
102303,2024-06-21,15,8,256,1,35,0.0,35.0,12,23.0
102304,2026-08-29,12,8,250,1,279,0.0,279.0,140,139.0
102305,2025-01-27,13,1,179,1,199,0.0,199.0,95,104.0
102305,2025-01-27,20,1,179,1,179,0.0,179.0,70,109.0
102306,2025-10-30,15,6,22,1,35,0.0,35.0,12,23.0
102306,2025-10-30,2,6,22,2,799,0.0,1598.0,960,638.0
102307,2026-08-03,18,3,109,1,24,0.0,24.0,8,16.0
102308,2024-03-12,18,10,291,1,24,0.0,24.0,8,16.0
102309,2026-06-22,7,4,190,1,599,0.0,599.0,260,339.0
102309,2026-06-22,20,4,190,1,179,0.0,179.0,70,109.0
102310,2025-08-14,2,8,279,1,799,171.12,627.88,480,147.88
102311,2025-12-08,16,1,338,1,39,0.0,39.0,15,24.0
102312,2024-06-21,4,9,21,1,399,0.0,399.0,210,189.0
102313,2025-07-09,14,9,16,1,49,0.0,49.0,18,31.0
102313,2025-07-09,6,9,16,1,249,0.0,249.0,120,129.0
102314,2025-11-17,1,10,222,2,999,0.0,1998.0,1240,758.0
102315,2025-04-22,6,9,331,2,249,0.0,498.0,240,258.0
102316,2024-06-27,5,9,162,1,349,0.0,349.0,180,169.0
102316,2024-06-27,9,9,162,1,79,0.0,79.0,25,54.0
102316,2024-06-27,11,9,162,1,129,31.42,97.58,45,52.58
102317,2024-10-03,3,3,227,1,649,0.0,649.0,350,299.0
102317,2024-10-03,7,3,227,2,599,0.0,1198.0,520,678.0
102318,2026-04-23,7,1,116,1,599,0.0,599.0,260,339.0
102319,2024-02-13,11,8,180,1,129,0.0,129.0,45,84.0
102319,2024-02-13,4,8,180,1,399,0.0,399.0,210,189.0
102319,2024-02-13,18,8,180,1,24,0.0,24.0,8,16.0
102320,2025-12-11,14,10,162,3,49,0.0,147.0,54,93.0
102321,2026-08-31,2,10,154,1,799,0.0,799.0,480,319.0
102322,2024-01-10,3,10,383,2,649,0.0,1298.0,700,598.0
102323,2024-07-04,9,10,180,1,79,0.0,79.0,25,54.0
102324,2025-11-17,4,1,302,1,399,0.0,399.0,210,189.0
102324,2025-11-17,10,1,302,1,149,35.86,113.14,60,53.14
102325,2024-03-15,5,9,205,1,349,0.0,349.0,180,169.0
102326,2025-09-05,7,3,63,1,599,0.0,599.0,260,339.0
102326,2025-09-05,10,3,63,1,149,26.46,122.54,60,62.54
102327,2025-11-24,17,8,225,2,89,0.0,178.0,60,118.0
102328,2025-09-04,9,3,271,1,79,0.0,79.0,25,54.0
102329,2025-01-11,11,5,229,1,129,0.0,129.0,45,84.0
102330,2025-12-04,19,7,51,1,99,21.73,77.27,35,42.27
102331,2025-09-10,3,3,146,1,649,0.0,649.0,350,299.0
102332,2024-08-26,12,9,278,1,279,0.0,279.0,140,139.0
102333,2025-08-10,9,6,54,1,79,0.0,79.0,25,54.0
102333,2025-08-10,6,6,54,2,249,0.0,498.0,240,258.0
102334,2026-05-17,17,8,165,1,89,0.0,89.0,30,59.0
102335,2025-11-12,12,4,167,1,279,0.0,279.0,140,139.0
102335,2025-11-12,8,4,167,1,349,47.01,301.99,150,151.99
102335,2025-11-12,14,4,167,1,49,0.0,49.0,18,31.0
102336,2025-05-08,5,8,315,1,349,0.0,349.0,180,169.0
102336,2025-05-08,18,8,315,1,24,0.0,24.0,8,16.0
102336,2025-05-08,13,8,315,1,199,0.0,199.0,95,104.0
102337,2024-12-07,3,10,123,1,649,61.2,587.8,350,237.8
102338,2024-04-14,12,7,386,1,279,0.0,279.0,140,139.0
102339,2024-10-04,14,8,94,1,49,0.0,49.0,18,31.0
102340,2024-01-14,6,1,112,1,249,0.0,249.0,120,129.0
102341,2026-08-20,14,7,269,1,49,0.0,49.0,18,31.0
102341,2026-08-20,19,7,269,1,99,0.0,99.0,35,64.0
102342,2024-09-11,3,1,389,1,649,0.0,649.0,350,299.0
102342,2024-09-11,14,1,389,1,49,0.0,49.0,18,31.0
102343,2026-03-18,4,8,306,2,399,0.0,798.0,420,378.0
102344,2024-07-13,20,1,107,2,179,0.0,358.0,140,218.0
102345,2024-11-08,3,9,26,1,649,0.0,649.0,350,299.0
102346,2025-03-14,1,10,385,2,999,0.0,1998.0,1240,758.0
102347,2024-12-09,13,5,134,2,199,46.49,351.51,190,161.51
102348,2026-03-02,12,5,34,3,279,200.62,636.38,420,216.38
102348,2026-03-02,16,5,34,1,39,0.0,39.0,15,24.0
102349,2026-07-24,17,7,57,2,89,25.0,153.0,60,93.0
102350,2026-05-11,15,2,374,2,35,0.0,70.0,24,46.0
102351,2024-06-26,8,3,91,1,349,0.0,349.0,150,199.0
102352,2026-02-08,15,2,43,1,35,0.0,35.0,12,23.0
102353,2024-06-19,12,1,391,1,279,0.0,279.0,140,139.0
102354,2026-06-13,14,4,358,1,49,5.23,43.77,18,25.77
102355,2025-06-23,20,1,367,1,179,0.0,179.0,70,109.0
102356,2024-12-18,16,1,258,1,39,0.0,39.0,15,24.0
102357,2024-06-29,15,2,233,1,35,3.86,31.14,12,19.14
102358,2024-01-15,18,9,97,1,24,0.0,24.0,8,16.0
102359,2024-10-07,16,7,265,2,39,0.0,78.0,30,48.0
102359,2024-10-07,12,7,265,1,279,0.0,279.0,140,139.0
102360,2026-06-14,8,10,30,1,349,0.0,349.0,150,199.0
102360,2026-06-14,10,10,30,1,149,0.0,149.0,60,89.0
102361,2026-03-01,20,9,254,1,179,11.4,167.6,70,97.6
102361,2026-03-01,10,9,254,2,149,0.0,298.0,120,178.0
102362,2026-08-04,2,8,110,1,799,0.0,799.0,480,319.0
102363,2024-04-30,15,6,90,1,35,0.0,35.0,12,23.0
102364,2025-09-08,19,9,296,2,99,0.0,198.0,70,128.0
102364,2025-09-08,7,9,296,1,599,0.0,599.0,260,339.0
102365,2024-10-15,13,9,326,1,199,0.0,199.0,95,104.0
102365,2024-10-15,20,9,326,1,179,0.0,179.0,70,109.0
102366,2025-07-19,11,1,77,1,129,0.0,129.0,45,84.0
102367,2024-12-06,3,8,75,2,649,0.0,1298.0,700,598.0
102368,2024-11-08,11,7,110,1,129,0.0,129.0,45,84.0
102369,2025-08-20,20,3,215,1,179,0.0,179.0,70,109.0
102369,2025-08-20,18,3,215,1,24,0.0,24.0,8,16.0
102370,2024-07-30,12,6,219,1,279,39.55,239.45,140,99.45
102370,2024-07-30,19,6,219,1,99,0.0,99.0,35,64.0
102371,2025-05-05,1,3,199,1,999,0.0,999.0,620,379.0
102371,2025-05-05,4,3,199,1,399,0.0,399.0,210,189.0
102372,2025-11-01,16,4,248,2,39,0.0,78.0,30,48.0
102372,2025-11-01,17,4,248,1,89,0.0,89.0,30,59.0
102372,2025-11-01,18,4,248,2,24,0.0,48.0,16,32.0
102373,2024-05-29,19,4,207,2,99,0.0,198.0,70,128.0
102373,2024-05-29,4,4,207,1,399,0.0,399.0,210,189.0
102374,2026-06-29,12,10,176,1,279,0.0,279.0,140,139.0
102374,2026-06-29,15,10,176,1,35,0.0,35.0,12,23.0
102375,2025-06-10,10,4,114,2,149,0.0,298.0,120,178.0
102376,2026-03-22,10,6,2,1,149,0.0,149.0,60,89.0
102377,2025-11-03,9,6,46,1,79,0.0,79.0,25,54.0
102378,2025-12-12,6,2,174,2,249,0.0,498.0,240,258.0
102379,2025-12-16,19,1,137,1,99,0.0,99.0,35,64.0
102380,2026-05-11,2,1,246,1,799,0.0,799.0,480,319.0
102380,2026-05-11,6,1,246,1,249,0.0,249.0,120,129.0
102381,2025-09-29,1,7,247,1,999,0.0,999.0,620,379.0
102381,2025-09-29,17,7,247,2,89,0.0,178.0,60,118.0
102382,2024-11-04,9,10,144,1,79,9.87,69.13,25,44.13
102383,2024-04-29,16,3,57,1,39,7.47,31.53,15,16.53
102384,2025-09-21,4,6,153,1,399,45.53,353.47,210,143.47
102384,2025-09-21,19,6,153,1,99,16.15,82.85,35,47.85
102385,2024-03-23,13,9,260,1,199,0.0,199.0,95,104.0
102385,2024-03-23,16,9,260,1,39,0.0,39.0,15,24.0
102386,2024-09-30,10,6,128,1,149,0.0,149.0,60,89.0
102387,2024-03-16,11,3,266,1,129,0.0,129.0,45,84.0
102387,2024-03-16,9,3,266,1,79,0.0,79.0,25,54.0
102388,2025-07-26,18,5,178,1,24,0.0,24.0,8,16.0
102388,2025-07-26,13,5,178,1,199,0.0,199.0,95,104.0
102388,2025-07-26,11,5,178,1,129,9.78,119.22,45,74.22
102389,2024-07-03,13,5,21,1,199,0.0,199.0,95,104.0
102390,2025-09-25,19,6,324,1,99,0.0,99.0,35,64.0
102390,2025-09-25,16,6,324,1,39,0.0,39.0,15,24.0
102391,2026-02-23,18,4,156,1,24,0.0,24.0,8,16.0
102392,2026-03-25,4,10,66,1,399,0.0,399.0,210,189.0
102393,2024-11-28,3,10,88,2,649,0.0,1298.0,700,598.0
102393,2024-11-28,15,10,88,2,35,0.0,70.0,24,46.0
102393,2024-11-28,8,10,88,1,349,39.96,309.04,150,159.04
102394,2025-07-26,1,5,256,1,999,131.73,867.27,620,247.27
102395,2025-08-09,3,6,66,1,649,0.0,649.0,350,299.0
102396,2025-05-09,6,10,334,1,249,48.38,200.62,120,80.62
102397,2025-11-04,12,10,92,2,279,0.0,558.0,280,278.0
102398,2024-08-29,11,5,332,1,129,0.0,129.0,45,84.0
102398,2024-08-29,2,5,332,1,799,0.0,799.0,480,319.0
102399,2026-08-13,2,1,179,1,799,0.0,799.0,480,319.0
102400,2024-04-27,15,10,363,1,35,0.0,35.0,12,23.0
102400,2024-04-27,1,10,363,2,999,0.0,1998.0,1240,758.0
102400,2024-04-27,2,10,363,1,799,0.0,799.0,480,319.0
102401,2026-04-01,2,6,90,2,799,0.0,1598.0,960,638.0
102402,2025-09-10,14,10,126,1,49,0.0,49.0,18,31.0
102403,2024-10-04,6,6,141,1,249,0.0,249.0,120,129.0
102404,2026-01-07,8,5,166,1,349,0.0,349.0,150,199.0
102405,2024-04-12,8,7,83,2,349,114.09,583.91,300,283.91
102405,2024-04-12,9,7,83,1,79,0.0,79.0,25,54.0
102406,2026-02-05,15,1,85,1,35,7.47,27.53,12,15.53
102406,2026-02-05,10,1,85,1,149,0.0,149.0,60,89.0
102407,2025-09-06,12,1,281,1,279,0.0,279.0,140,139.0
102407,2025-09-06,15,1,281,1,35,0.0,35.0,12,23.0
102408,2024-05-11,3,1,239,1,649,0.0,649.0,350,299.0
102408,2024-05-11,10,1,239,1,149,35.69,113.31,60,53.31
102409,2024-04-07,8,10,338,1,349,0.0,349.0,150,199.0
102410,2026-01-12,9,6,223,1,79,17.01,61.99,25,36.99
102410,2026-01-12,19,6,223,1,99,0.0,99.0,35,64.0
102410,2026-01-12,2,6,223,2,799,0.0,1598.0,960,638.0
102411,2024-11-15,5,7,361,1,349,60.91,288.09,180,108.09
102412,2026-05-23,2,4,70,2,799,0.0,1598.0,960,638.0
102412,2026-05-23,3,4,70,2,649,0.0,1298.0,700,598.0
102413,2026-01-24,8,10,122,1,349,0.0,349.0,150,199.0
102413,2026-01-24,12,10,122,1,279,0.0,279.0,140,139.0
102414,2025-12-04,8,8,322,1,349,0.0,349.0,150,199.0
102415,2024-11-04,6,2,332,1,249,0.0,249.0,120,129.0
102416,2025-12-11,6,10,246,2,249,73.03,424.97,240,184.97
102417,2026-07-15,20,4,369,1,179,0.0,179.0,70,109.0
102418,2024-04-20,9,2,388,1,79,0.0,79.0,25,54.0
102418,2024-04-20,18,2,388,1,24,0.0,24.0,8,16.0
102419,2024-12-10,17,2,371,1,89,16.35,72.65,30,42.65
102420,2024-09-23,12,9,349,1,279,0.0,279.0,140,139.0
102421,2025-02-13,12,6,209,2,279,0.0,558.0,280,278.0
102422,2026-01-04,8,1,209,2,349,0.0,698.0,300,398.0
102422,2026-01-04,18,1,209,1,24,0.0,24.0,8,16.0
102423,2025-05-10,8,9,60,1,349,0.0,349.0,150,199.0
102423,2025-05-10,14,9,60,1,49,0.0,49.0,18,31.0
102424,2025-08-17,8,8,213,1,349,0.0,349.0,150,199.0
102424,2025-08-17,6,8,213,1,249,0.0,249.0,120,129.0
102425,2024-12-02,15,8,319,1,35,0.0,35.0,12,23.0
102426,2024-06-12,9,1,107,1,79,0.0,79.0,25,54.0
102426,2024-06-12,7,1,107,2,599,0.0,1198.0,520,678.0
102427,2024-10-25,4,10,354,2,399,0.0,798.0,420,378.0
102427,2024-10-25,7,10,354,1,599,0.0,599.0,260,339.0
102428,2026-04-28,20,8,31,1,179,42.43,136.57,70,66.57
102428,2026-04-28,17,8,31,1,89,0.0,89.0,30,59.0
102429,2025-09-18,2,1,316,2,799,0.0,1598.0,960,638.0
102430,2025-01-26,20,3,243,1,179,0.0,179.0,70,109.0
102430,2025-01-26,11,3,243,1,129,0.0,129.0,45,84.0
102431,2026-02-22,12,4,349,1,279,33.49,245.51,140,105.51
102432,2024-03-20,2,1,175,1,799,178.74,620.26,480,140.26
102433,2024-10-12,3,1,200,1,649,0.0,649.0,350,299.0
102433,2024-10-12,11,1,200,1,129,28.39,100.61,45,55.61
102434,2024-09-19,14,6,380,1,49,0.0,49.0,18,31.0
102434,2024-09-19,16,6,380,2,39,0.0,78.0,30,48.0
102435,2026-08-18,8,1,125,1,349,50.2,298.8,150,148.8
102436,2025-12-10,6,1,107,1,249,0.0,249.0,120,129.0
102436,2025-12-10,13,1,107,1,199,0.0,199.0,95,104.0
102437,2025-10-02,13,4,369,1,199,0.0,199.0,95,104.0
102438,2024-01-07,11,8,185,1,129,0.0,129.0,45,84.0
102439,2024-07-31,17,10,129,1,89,0.0,89.0,30,59.0
102440,2025-10-18,8,10,381,1,349,0.0,349.0,150,199.0
102441,2025-01-28,13,2,99,2,199,0.0,398.0,190,208.0
102442,2026-06-23,11,7,206,3,129,0.0,387.0,135,252.0
102443,2026-01-26,3,9,188,1,649,0.0,649.0,350,299.0
102444,2025-04-13,14,4,353,1,49,0.0,49.0,18,31.0
102444,2025-04-13,1,4,353,1,999,0.0,999.0,620,379.0
102445,2026-01-11,20,10,210,2,179,0.0,358.0,140,218.0
102446,2026-08-09,4,6,336,2,399,0.0,798.0,420,378.0
102447,2025-04-27,4,2,115,2,399,0.0,798.0,420,378.0
102448,2025-10-24,15,7,122,1,35,0.0,35.0,12,23.0
102449,2026-06-18,10,10,240,1,149,0.0,149.0,60,89.0
102449,2026-06-18,14,10,240,1,49,0.0,49.0,18,31.0
102450,2024-10-07,3,3,78,1,649,0.0,649.0,350,299.0
102450,2024-10-07,12,3,78,1,279,52.37,226.63,140,86.63
102451,2026-05-21,5,10,173,1,349,36.27,312.73,180,132.73
102452,2024-04-26,3,4,200,3,649,235.63,1711.37,1050,661.37
102453,2025-10-29,7,7,277,1,599,30.69,568.31,260,308.31
102453,2025-10-29,20,7,277,2,179,0.0,358.0,140,218.0
102454,2026-02-14,3,1,235,3,649,162.63,1784.37,1050,734.37
102454,2026-02-14,13,1,235,1,199,0.0,199.0,95,104.0
102455,2025-09-30,19,2,304,1,99,0.0,99.0,35,64.0
102456,2025-05-31,11,2,224,1,129,0.0,129.0,45,84.0
102457,2025-10-02,18,1,141,1,24,0.0,24.0,8,16.0
102458,2024-06-23,16,7,96,1,39,0.0,39.0,15,24.0
102459,2024-09-03,5,10,314,1,349,0.0,349.0,180,169.0
102460,2024-10-28,4,5,16,1,399,0.0,399.0,210,189.0
102461,2025-09-13,7,5,327,2,599,0.0,1198.0,520,678.0
102462,2025-04-08,5,1,217,1,349,0.0,349.0,180,169.0
102463,2024-10-03,16,10,400,2,39,0.0,78.0,30,48.0
102463,2024-10-03,9,10,400,1,79,0.0,79.0,25,54.0
102464,2026-05-18,8,3,348,1,349,0.0,349.0,150,199.0
102465,2025-01-21,17,2,244,2,89,0.0,178.0,60,118.0
102466,2025-04-12,7,2,10,1,599,0.0,599.0,260,339.0
102466,2025-04-12,2,2,10,1,799,0.0,799.0,480,319.0
102467,2025-03-05,18,7,254,1,24,0.0,24.0,8,16.0
102468,2024-07-28,13,9,342,1,199,0.0,199.0,95,104.0
102468,2024-07-28,16,9,342,1,39,0.0,39.0,15,24.0
102469,2025-12-27,10,2,200,3,149,46.67,400.33,180,220.33
102470,2025-04-15,6,6,107,1,249,24.77,224.23,120,104.23
102471,2024-01-21,17,1,260,2,89,0.0,178.0,60,118.0
102472,2026-07-30,6,1,34,2,249,0.0,498.0,240,258.0
102472,2026-07-30,18,1,34,1,24,0.0,24.0,8,16.0
102473,2026-03-19,10,5,257,3,149,75.11,371.89,180,191.89
102474,2025-12-21,7,1,306,1,599,0.0,599.0,260,339.0
102475,2026-05-06,6,1,356,2,249,0.0,498.0,240,258.0
102476,2026-06-07,19,7,276,1,99,5.39,93.61,35,58.61
102477,2024-12-18,17,9,111,1,89,18.81,70.19,30,40.19
102478,2025-09-26,2,2,197,2,799,0.0,1598.0,960,638.0
102479,2025-09-24,3,8,273,1,649,0.0,649.0,350,299.0
102480,2024-10-25,3,6,12,1,649,0.0,649.0,350,299.0
102480,2024-10-25,6,6,12,1,249,42.51,206.49,120,86.49
102481,2024-09-10,4,3,15,1,399,0.0,399.0,210,189.0
102482,2024-05-14,18,2,192,3,24,0.0,72.0,24,48.0
102483,2025-11-07,1,10,265,2,999,0.0,1998.0,1240,758.0
102484,2026-02-12,5,6,1,2,349,0.0,698.0,360,338.0
102485,2026-01-23,20,6,296,2,179,0.0,358.0,140,218.0
102486,2024-12-03,4,4,10,2,399,0.0,798.0,420,378.0
102487,2024-08-23,19,1,278,1,99,0.0,99.0,35,64.0
102487,2024-08-23,12,1,278,1,279,0.0,279.0,140,139.0
102488,2025-04-20,1,1,189,1,999,0.0,999.0,620,379.0
102489,2025-07-23,14,1,33,2,49,0.0,98.0,36,62.0
102490,2026-06-18,14,10,213,1,49,0.0,49.0,18,31.0
102490,2026-06-18,20,10,213,1,179,0.0,179.0,70,109.0
102491,2026-05-11,15,2,16,2,35,0.0,70.0,24,46.0
102492,2026-06-16,11,8,37,1,129,17.59,111.41,45,66.41
102492,2026-06-16,6,8,37,1,249,0.0,249.0,120,129.0
102493,2026-04-19,16,1,208,2,39,0.0,78.0,30,48.0
102493,2026-04-19,20,1,208,1,179,0.0,179.0,70,109.0
102494,2026-07-31,1,2,70,1,999,0.0,999.0,620,379.0
102495,2025-05-02,15,6,2,1,35,7.08,27.92,12,15.92
102496,2024-03-01,15,8,112,2,35,0.0,70.0,24,46.0
102496,2024-03-01,4,8,112,1,399,70.35,328.65,210,118.65
102497,2024-04-11,5,2,357,2,349,144.83,553.17,360,193.17
102498,2025-02-10,2,8,134,1,799,0.0,799.0,480,319.0
102498,2025-02-10,15,8,134,1,35,6.7,28.3,12,16.3
102499,2024-10-16,7,6,25,2,599,0.0,1198.0,520,678.0
102499,2024-10-16,19,6,25,1,99,0.0,99.0,35,64.0
102500,2024-07-14,14,4,69,1,49,0.0,49.0,18,31.0
102500,2024-07-14,16,4,69,1,39,3.2,35.8,15,20.8
102501,2026-07-20,12,6,293,2,279,0.0,558.0,280,278.0
102501,2026-07-20,15,6,293,1,35,0.0,35.0,12,23.0
102501,2026-07-20,5,6,293,1,349,0.0,349.0,180,169.0
102502,2024-08-12,15,1,101,1,35,0.0,35.0,12,23.0
102503,2026-07-26,13,5,228,2,199,0.0,398.0,190,208.0
102504,2026-01-22,16,10,315,1,39,3.65,35.35,15,20.35
102505,2025-10-23,7,6,150,3,599,0.0,1797.0,780,1017.0
102506,2025-11-19,11,10,71,1,129,23.87,105.13,45,60.13
102507,2024-12-14,17,7,362,1,89,0.0,89.0,30,59.0
102508,2025-10-28,19,8,374,1,99,0.0,99.0,35,64.0
102508,2025-10-28,3,8,374,1,649,0.0,649.0,350,299.0
102509,2024-08-03,8,6,378,2,349,0.0,698.0,300,398.0
102510,2026-07-05,8,7,140,2,349,0.0,698.0,300,398.0
102510,2026-07-05,5,7,140,2,349,0.0,698.0,360,338.0
102511,2024-11-22,15,10,92,1,35,0.0,35.0,12,23.0
102511,2024-11-22,6,10,92,1,249,0.0,249.0,120,129.0
102512,2024-10-14,15,4,349,1,35,0.0,35.0,12,23.0
102513,2025-12-13,13,3,272,1,199,23.07,175.93,95,80.93
102514,2025-11-05,6,3,313,1,249,0.0,249.0,120,129.0
102515,2025-04-17,6,1,44,1,249,0.0,249.0,120,129.0
102515,2025-04-17,2,1,44,1,799,0.0,799.0,480,319.0
102515,2025-04-17,9,1,44,1,79,0.0,79.0,25,54.0
102516,2025-10-15,6,4,132,1,249,34.97,214.03,120,94.03
102516,2025-10-15,8,4,132,1,349,64.87,284.13,150,134.13
102517,2024-07-02,11,2,335,1,129,0.0,129.0,45,84.0
102517,2024-07-02,3,2,335,1,649,0.0,649.0,350,299.0
102518,2025-11-17,20,3,152,1,179,37.28,141.72,70,71.72
102519,2024-10-28,10,6,372,2,149,0.0,298.0,120,178.0
102519,2024-10-28,3,6,372,1,649,46.16,602.84,350,252.84
102520,2024-10-30,1,4,108,1,999,54.86,944.14,620,324.14
102521,2024-07-05,1,8,169,1,999,0.0,999.0,620,379.0
102522,2024-12-15,20,8,41,1,179,12.44,166.56,70,96.56
102522,2024-12-15,19,8,41,3,99,0.0,297.0,105,192.0
102523,2024-12-14,7,10,265,2,599,0.0,1198.0,520,678.0
102523,2024-12-14,17,10,265,1,89,0.0,89.0,30,59.0
102524,2025-04-20,8,9,171,1,349,0.0,349.0,150,199.0
102524,2025-04-20,20,9,171,1,179,0.0,179.0,70,109.0
102525,2024-08-07,20,10,75,1,179,0.0,179.0,70,109.0
102526,2024-08-10,11,8,196,1,129,8.54,120.46,45,75.46
102527,2025-07-18,16,7,386,1,39,2.34,36.66,15,21.66
102527,2025-07-18,5,7,386,1,349,0.0,349.0,180,169.0
102528,2024-05-29,7,6,81,1,599,0.0,599.0,260,339.0
102529,2025-11-28,6,9,360,1,249,46.52,202.48,120,82.48
102530,2026-07-11,3,8,365,1,649,62.8,586.2,350,236.2
102531,2025-03-23,8,1,303,1,349,0.0,349.0,150,199.0
102532,2026-06-02,15,2,250,1,35,0.0,35.0,12,23.0
102532,2026-06-02,2,2,250,1,799,0.0,799.0,480,319.0
102533,2024-04-27,6,1,176,1,249,0.0,249.0,120,129.0
102534,2024-02-24,3,3,75,1,649,0.0,649.0,350,299.0
102534,2024-02-24,5,3,75,2,349,0.0,698.0,360,338.0
102535,2025-12-20,2,10,268,1,799,127.74,671.26,480,191.26
102535,2025-12-20,14,10,268,2,49,22.07,75.93,36,39.93
102536,2026-01-23,18,2,111,1,24,0.0,24.0,8,16.0
102537,2026-04-13,3,2,356,1,649,0.0,649.0,350,299.0
102538,2024-03-12,17,9,93,1,89,0.0,89.0,30,59.0
102539,2026-02-08,8,4,111,3,349,0.0,1047.0,450,597.0
102539,2026-02-08,1,4,111,1,999,0.0,999.0,620,379.0
102540,2025-01-24,13,10,153,2,199,0.0,398.0,190,208.0
102541,2024-11-23,14,10,238,1,49,9.15,39.85,18,21.85
102542,2024-07-18,12,3,174,1,279,0.0,279.0,140,139.0
102543,2026-08-28,14,1,248,2,49,0.0,98.0,36,62.0
102543,2026-08-28,12,1,248,2,279,0.0,558.0,280,278.0
102544,2024-03-20,8,6,161,1,349,0.0,349.0,150,199.0
102544,2024-03-20,10,6,161,1,149,23.54,125.46,60,65.46
102545,2026-03-30,14,7,68,1,49,0.0,49.0,18,31.0
102546,2025-10-22,16,8,232,1,39,0.0,39.0,15,24.0
102547,2025-12-29,1,9,394,1,999,203.1,795.9,620,175.9
102548,2025-12-13,14,9,66,2,49,0.0,98.0,36,62.0
102549,2026-04-27,15,8,51,2,35,0.0,70.0,24,46.0
102550,2024-07-30,2,10,55,3,799,0.0,2397.0,1440,957.0
102551,2024-01-02,14,10,144,1,49,0.0,49.0,18,31.0
102552,2025-09-14,12,1,139,1,279,0.0,279.0,140,139.0
102553,2024-12-30,17,10,255,1,89,0.0,89.0,30,59.0
102554,2024-05-24,8,4,183,2,349,0.0,698.0,300,398.0
102555,2024-08-02,15,10,132,2,35,0.0,70.0,24,46.0
102556,2024-12-14,16,1,204,1,39,9.62,29.38,15,14.38
102557,2024-03-27,7,1,184,2,599,0.0,1198.0,520,678.0
102558,2024-03-12,15,4,355,1,35,0.0,35.0,12,23.0
102559,2026-06-16,1,7,349,2,999,0.0,1998.0,1240,758.0
102560,2024-11-30,13,8,195,1,199,30.72,168.28,95,73.28
102560,2024-11-30,14,8,195,2,49,0.0,98.0,36,62.0
102561,2026-08-16,5,9,78,1,349,0.0,349.0,180,169.0
102562,2026-07-31,10,6,327,1,149,10.42,138.58,60,78.58
102562,2026-07-31,6,6,327,1,249,0.0,249.0,120,129.0
102563,2024-06-13,17,9,334,2,89,0.0,178.0,60,118.0
102564,2025-12-15,5,1,199,1,349,0.0,349.0,180,169.0
102565,2025-09-16,2,9,249,2,799,393.64,1204.36,960,244.36
102566,2025-11-29,8,1,332,1,349,0.0,349.0,150,199.0
102567,2024-04-25,7,9,25,3,599,0.0,1797.0,780,1017.0
102568,2024-08-05,5,9,383,1,349,0.0,349.0,180,169.0
102569,2024-04-03,6,9,208,2,249,0.0,498.0,240,258.0
102570,2025-09-19,2,1,298,1,799,0.0,799.0,480,319.0
102570,2025-09-19,13,1,298,2,199,80.19,317.81,190,127.81
102571,2026-08-19,16,9,349,1,39,9.04,29.96,15,14.96
102572,2025-11-16,6,4,194,1,249,0.0,249.0,120,129.0
102572,2025-11-16,19,4,194,1,99,0.0,99.0,35,64.0
102573,2025-12-13,6,6,84,1,249,0.0,249.0,120,129.0
102573,2025-12-13,9,6,84,1,79,4.67,74.33,25,49.33
102574,2026-08-18,10,9,381,1,149,0.0,149.0,60,89.0
102575,2025-11-20,11,1,62,1,129,0.0,129.0,45,84.0
102575,2025-11-20,8,1,62,2,349,53.76,644.24,300,344.24
102576,2024-02-20,19,8,149,1,99,0.0,99.0,35,64.0
102577,2026-05-04,5,3,175,1,349,0.0,349.0,180,169.0
102577,2026-05-04,1,3,175,1,999,0.0,999.0,620,379.0
102578,2025-01-11,15,7,278,2,35,0.0,70.0,24,46.0
102579,2024-01-06,6,3,77,3,249,0.0,747.0,360,387.0
102579,2024-01-06,5,3,77,1,349,0.0,349.0,180,169.0
102580,2025-06-12,2,9,291,1,799,84.92,714.08,480,234.08
102580,2025-06-12,10,9,291,1,149,28.68,120.32,60,60.32
102581,2026-07-05,8,5,170,2,349,0.0,698.0,300,398.0
102582,2024-10-16,12,5,227,1,279,0.0,279.0,140,139.0
102582,2024-10-16,17,5,227,2,89,0.0,178.0,60,118.0
102583,2025-05-27,3,10,251,1,649,0.0,649.0,350,299.0
102584,2024-07-19,1,5,83,2,999,0.0,1998.0,1240,758.0
102584,2024-07-19,19,5,83,1,99,0.0,99.0,35,64.0
102585,2024-03-13,19,9,220,1,99,0.0,99.0,35,64.0
102586,2024-04-08,2,8,183,2,799,232.67,1365.33,960,405.33
102586,2024-04-08,19,8,183,1,99,19.55,79.45,35,44.45
102587,2025-12-24,12,5,158,1,279,24.03,254.97,140,114.97
102588,2026-05-02,10,8,73,1,149,23.99,125.01,60,65.01
102588,2026-05-02,9,8,73,1,79,0.0,79.0,25,54.0
102588,2026-05-02,14,8,73,1,49,0.0,49.0,18,31.0
102589,2024-06-14,20,8,360,1,179,32.63,146.37,70,76.37
102590,2024-11-12,14,1,371,1,49,6.75,42.25,18,24.25
102591,2024-08-12,6,10,49,1,249,0.0,249.0,120,129.0
102592,2024-02-03,12,4,89,1,279,52.03,226.97,140,86.97
102592,2024-02-03,14,4,89,1,49,0.0,49.0,18,31.0
102593,2025-07-31,5,2,28,1,349,0.0,349.0,180,169.0
102594,2025-12-05,6,4,245,1,249,0.0,249.0,120,129.0
102594,2025-12-05,7,4,245,1,599,65.23,533.77,260,273.77
102595,2025-10-29,4,10,169,2,399,0.0,798.0,420,378.0
102595,2025-10-29,3,10,169,1,649,0.0,649.0,350,299.0
102596,2025-02-07,20,3,110,1,179,0.0,179.0,70,109.0
102596,2025-02-07,11,3,110,2,129,0.0,258.0,90,168.0
102596,2025-02-07,5,3,110,3,349,0.0,1047.0,540,507.0
102597,2025-08-01,17,7,277,1,89,0.0,89.0,30,59.0
102597,2025-08-01,5,7,277,1,349,0.0,349.0,180,169.0
102598,2024-04-23,16,4,399,1,39,0.0,39.0,15,24.0
102599,2024-06-26,1,6,5,1,999,0.0,999.0,620,379.0
102599,2024-06-26,3,6,5,1,649,0.0,649.0,350,299.0
102600,2026-06-30,13,1,272,2,199,0.0,398.0,190,208.0
102600,2026-06-30,14,1,272,1,49,0.0,49.0,18,31.0
102600,2026-06-30,1,1,272,2,999,0.0,1998.0,1240,758.0
102601,2026-01-23,10,10,273,1,149,0.0,149.0,60,89.0
102601,2026-01-23,13,10,273,1,199,0.0,199.0,95,104.0
102602,2026-06-22,1,2,248,1,999,162.33,836.67,620,216.67
102603,2026-06-16,5,2,382,1,349,0.0,349.0,180,169.0
102604,2025-10-30,13,8,123,1,199,22.69,176.31,95,81.31
102605,2026-06-27,20,4,243,1,179,0.0,179.0,70,109.0
102606,2025-03-12,9,10,336,1,79,0.0,79.0,25,54.0
102606,2025-03-12,11,10,336,1,129,0.0,129.0,45,84.0
102607,2024-01-05,15,5,113,1,35,0.0,35.0,12,23.0
102608,2024-03-18,5,8,321,2,349,0.0,698.0,360,338.0
102609,2024-05-09,11,4,197,1,129,0.0,129.0,45,84.0
102610,2024-04-24,17,4,109,1,89,0.0,89.0,30,59.0
102611,2024-12-29,1,8,214,2,999,0.0,1998.0,1240,758.0
102611,2024-12-29,17,8,214,1,89,11.98,77.02,30,47.02
102612,2025-12-06,13,3,26,1,199,47.0,152.0,95,57.0
102613,2026-02-23,4,2,152,1,399,0.0,399.0,210,189.0
102614,2025-09-06,18,10,220,1,24,0.0,24.0,8,16.0
102615,2024-06-18,6,9,155,1,249,12.92,236.08,120,116.08
102616,2026-01-09,13,3,299,2,199,0.0,398.0,190,208.0
102616,2026-01-09,9,3,299,1,79,0.0,79.0,25,54.0
102617,2024-12-31,14,3,135,2,49,0.0,98.0,36,62.0
102618,2024-01-17,16,4,170,1,39,0.0,39.0,15,24.0
102619,2024-11-06,8,10,331,2,349,0.0,698.0,300,398.0
102620,2024-12-13,3,2,33,1,649,0.0,649.0,350,299.0
102620,2024-12-13,11,2,33,1,129,0.0,129.0,45,84.0
102621,2024-11-01,1,8,146,1,999,160.22,838.78,620,218.78
102621,2024-11-01,9,8,146,2,79,8.04,149.96,50,99.96
102622,2026-03-15,1,5,211,1,999,71.48,927.52,620,307.52
102623,2026-01-22,14,10,17,1,49,0.0,49.0,18,31.0
102623,2026-01-22,4,10,17,1,399,0.0,399.0,210,189.0
102624,2025-12-02,1,10,74,1,999,0.0,999.0,620,379.0
102625,2024-06-10,18,1,265,1,24,0.0,24.0,8,16.0
102626,2026-03-11,17,6,51,1,89,0.0,89.0,30,59.0
102626,2026-03-11,6,6,51,2,249,0.0,498.0,240,258.0
102627,2025-11-19,8,2,79,1,349,0.0,349.0,150,199.0
102627,2025-11-19,16,2,79,1,39,7.39,31.61,15,16.61
102628,2024-08-12,3,3,123,1,649,77.26,571.74,350,221.74
102629,2025-10-29,15,5,275,1,35,0.0,35.0,12,23.0
102629,2025-10-29,17,5,275,1,89,0.0,89.0,30,59.0
102630,2025-05-19,10,9,203,2,149,0.0,298.0,120,178.0
102631,2025-04-05,17,1,378,1,89,0.0,89.0,30,59.0
102632,2024-05-12,16,5,277,1,39,7.98,31.02,15,16.02
102633,2025-06-23,5,7,256,1,349,0.0,349.0,180,169.0
102634,2024-04-29,6,10,265,1,249,0.0,249.0,120,129.0
102634,2024-04-29,14,10,265,1,49,0.0,49.0,18,31.0
102635,2024-07-08,19,2,171,1,99,0.0,99.0,35,64.0
102635,2024-07-08,1,2,171,3,999,0.0,2997.0,1860,1137.0
102635,2024-07-08,17,2,171,1,89,0.0,89.0,30,59.0
102636,2024-06-02,12,4,119,1,279,0.0,279.0,140,139.0
102637,2026-07-21,10,8,94,1,149,0.0,149.0,60,89.0
102638,2024-11-09,3,2,378,1,649,62.4,586.6,350,236.6
102639,2024-12-31,5,9,115,2,349,174.08,523.92,360,163.92
102640,2024-12-07,14,5,261,1,49,0.0,49.0,18,31.0
102641,2026-05-31,18,10,326,1,24,0.0,24.0,8,16.0
102642,2025-08-09,10,6,315,1,149,0.0,149.0,60,89.0
102643,2026-06-19,15,10,130,2,35,15.44,54.56,24,30.56
102643,2026-06-19,13,10,130,1,199,0.0,199.0,95,104.0
102644,2024-11-21,17,1,183,1,89,0.0,89.0,30,59.0
102644,2024-11-21,3,1,183,1,649,0.0,649.0,350,299.0
102645,2024-05-15,6,2,136,2,249,0.0,498.0,240,258.0
102646,2025-08-02,20,4,332,1,179,9.1,169.9,70,99.9
102646,2025-08-02,5,4,332,1,349,0.0,349.0,180,169.0
102647,2024-12-24,15,6,371,1,35,0.0,35.0,12,23.0
102648,2026-03-06,7,1,240,1,599,0.0,599.0,260,339.0
102649,2026-05-15,11,9,119,1,129,0.0,129.0,45,84.0
102649,2026-05-15,5,9,119,1,349,0.0,349.0,180,169.0
102650,2025-05-09,9,9,22,1,79,0.0,79.0,25,54.0
102651,2026-08-06,19,5,34,1,99,0.0,99.0,35,64.0
102651,2026-08-06,1,5,34,2,999,0.0,1998.0,1240,758.0
102652,2025-07-30,11,6,289,2,129,0.0,258.0,90,168.0
102652,2025-07-30,9,6,289,1,79,0.0,79.0,25,54.0
102653,2024-10-29,9,10,224,1,79,0.0,79.0,25,54.0
102654,2025-05-25,7,1,21,1,599,0.0,599.0,260,339.0
102655,2024-02-16,16,4,241,1,39,0.0,39.0,15,24.0
102656,2026-03-08,14,4,215,1,49,0.0,49.0,18,31.0
102656,2026-03-08,10,4,215,1,149,0.0,149.0,60,89.0
102657,2024-05-01,4,1,192,1,399,76.14,322.86,210,112.86
102658,2024-11-27,20,8,199,1,179,0.0,179.0,70,109.0
102658,2024-11-27,6,8,199,3,249,0.0,747.0,360,387.0
102659,2025-08-12,19,4,306,1,99,0.0,99.0,35,64.0
102660,2024-02-24,10,10,71,2,149,0.0,298.0,120,178.0
102660,2024-02-24,8,10,71,2,349,0.0,698.0,300,398.0
102661,2024-04-06,15,6,213,2,35,0.0,70.0,24,46.0
102661,2024-04-06,7,6,213,2,599,0.0,1198.0,520,678.0
102662,2025-12-03,18,5,99,2,24,0.0,48.0,16,32.0
102663,2024-03-29,14,8,102,1,49,0.0,49.0,18,31.0
102664,2025-05-13,8,10,305,1,349,0.0,349.0,150,199.0
102664,2025-05-13,17,10,305,1,89,6.48,82.52,30,52.52
102665,2024-12-19,3,6,337,1,649,0.0,649.0,350,299.0
102665,2024-12-19,6,6,337,1,249,0.0,249.0,120,129.0
102666,2024-09-16,19,7,168,1,99,0.0,99.0,35,64.0
102667,2024-08-05,13,4,52,1,199,0.0,199.0,95,104.0
102667,2024-08-05,11,4,52,1,129,0.0,129.0,45,84.0
102667,2024-08-05,1,4,52,1,999,0.0,999.0,620,379.0
102668,2026-01-25,14,10,360,1,49,0.0,49.0,18,31.0
102669,2026-07-18,5,10,92,1,349,0.0,349.0,180,169.0
102670,2024-06-11,11,9,266,1,129,0.0,129.0,45,84.0
102671,2026-07-26,4,6,359,3,399,0.0,1197.0,630,567.0
102672,2025-09-10,20,8,161,1,179,43.37,135.63,70,65.63
102672,2025-09-10,10,8,161,1,149,0.0,149.0,60,89.0
102673,2025-10-23,14,6,396,2,49,0.0,98.0,36,62.0
102674,2025-12-12,11,5,160,1,129,6.69,122.31,45,77.31
102674,2025-12-12,19,5,160,1,99,0.0,99.0,35,64.0
102675,2025-12-08,1,2,292,1,999,208.47,790.53,620,170.53
102676,2026-03-23,16,9,46,1,39,0.0,39.0,15,24.0
102676,2026-03-23,10,9,46,1,149,0.0,149.0,60,89.0
102676,2026-03-23,20,9,46,1,179,0.0,179.0,70,109.0
102677,2025-05-19,8,8,374,2,349,0.0,698.0,300,398.0
102677,2025-05-19,20,8,374,1,179,0.0,179.0,70,109.0
102678,2025-07-09,4,10,183,2,399,0.0,798.0,420,378.0
102679,2024-12-09,14,5,176,2,49,10.26,87.74,36,51.74
102679,2024-12-09,7,5,176,1,599,0.0,599.0,260,339.0
102679,2024-12-09,15,5,176,1,35,7.3,27.7,12,15.7
102680,2024-05-05,8,4,242,1,349,80.72,268.28,150,118.28
102681,2025-11-10,5,7,173,2,349,0.0,698.0,360,338.0
102682,2024-02-12,8,3,175,1,349,0.0,349.0,150,199.0
102683,2024-11-02,19,4,13,1,99,0.0,99.0,35,64.0
102683,2024-11-02,16,4,13,1,39,6.24,32.76,15,17.76
102684,2024-04-23,18,9,357,1,24,0.0,24.0,8,16.0
102685,2024-08-07,6,3,248,1,249,0.0,249.0,120,129.0
102686,2025-10-21,7,10,23,1,599,0.0,599.0,260,339.0
102687,2025-10-12,7,1,190,1,599,0.0,599.0,260,339.0
102688,2025-03-17,15,8,215,2,35,0.0,70.0,24,46.0
102689,2024-04-18,1,1,328,1,999,0.0,999.0,620,379.0
102690,2025-03-30,3,2,95,2,649,0.0,1298.0,700,598.0
102691,2024-12-29,15,10,396,1,35,0.0,35.0,12,23.0
102692,2025-12-19,20,4,2,2,179,0.0,358.0,140,218.0
102693,2025-08-26,1,10,172,1,999,0.0,999.0,620,379.0
102694,2025-05-27,11,8,230,1,129,0.0,129.0,45,84.0
102695,2025-05-23,18,2,221,1,24,0.0,24.0,8,16.0
102695,2025-05-23,4,2,221,3,399,0.0,1197.0,630,567.0
102696,2026-08-01,20,4,400,2,179,0.0,358.0,140,218.0
102697,2026-01-18,4,2,326,1,399,90.85,308.15,210,98.15
102698,2025-06-01,18,3,241,2,24,0.0,48.0,16,32.0
102699,2025-05-15,20,9,232,1,179,0.0,179.0,70,109.0
102700,2024-02-02,3,9,9,1,649,0.0,649.0,350,299.0
102701,2026-07-10,15,2,98,1,35,0.0,35.0,12,23.0
102701,2026-07-10,2,2,98,1,799,0.0,799.0,480,319.0
102702,2024-12-05,11,9,240,2,129,0.0,258.0,90,168.0
102703,2024-10-14,17,10,33,1,89,0.0,89.0,30,59.0
102703,2024-10-14,8,10,33,1,349,71.27,277.73,150,127.73
102703,2024-10-14,6,10,33,1,249,0.0,249.0,120,129.0
102704,2026-08-31,18,6,267,1,24,0.0,24.0,8,16.0
102705,2025-12-18,15,2,111,1,35,0.0,35.0,12,23.0
102706,2024-03-01,9,3,13,1,79,0.0,79.0,25,54.0
102706,2024-03-01,15,3,13,1,35,0.0,35.0,12,23.0
102707,2024-03-17,7,8,194,1,599,0.0,599.0,260,339.0
102708,2024-02-01,2,8,95,1,799,0.0,799.0,480,319.0
102708,2024-02-01,18,8,95,2,24,4.09,43.91,16,27.91
102709,2025-09-15,13,4,371,1,199,0.0,199.0,95,104.0
102709,2025-09-15,20,4,371,3,179,0.0,537.0,210,327.0
102710,2024-03-29,11,9,209,2,129,0.0,258.0,90,168.0
102711,2026-07-01,1,9,38,2,999,0.0,1998.0,1240,758.0
102712,2026-07-05,6,1,191,1,249,0.0,249.0,120,129.0
102712,2026-07-05,4,1,191,1,399,0.0,399.0,210,189.0
102712,2026-07-05,8,1,191,1,349,0.0,349.0,150,199.0
102713,2025-07-23,14,3,266,1,49,0.0,49.0,18,31.0
102713,2025-07-23,20,3,266,2,179,0.0,358.0,140,218.0
102714,2025-10-01,17,6,175,1,89,0.0,89.0,30,59.0
102715,2024-11-14,9,2,127,2,79,12.16,145.84,50,95.84
102716,2024-03-20,7,9,275,1,599,0.0,599.0,260,339.0
102716,2024-03-20,12,9,275,1,279,0.0,279.0,140,139.0
102717,2025-12-31,13,1,267,2,199,0.0,398.0,190,208.0
102717,2025-12-31,18,1,267,1,24,0.0,24.0,8,16.0
102718,2024-05-01,6,7,160,2,249,0.0,498.0,240,258.0
102719,2024-04-13,6,3,104,1,249,0.0,249.0,120,129.0
102720,2024-11-29,6,2,324,1,249,0.0,249.0,120,129.0
102721,2024-01-16,15,4,359,1,35,0.0,35.0,12,23.0
102722,2025-03-31,2,5,215,1,799,0.0,799.0,480,319.0
102723,2025-12-11,7,6,379,2,599,70.06,1127.94,520,607.94
102723,2025-12-11,8,6,379,1,349,0.0,349.0,150,199.0
102724,2026-03-05,1,4,346,1,999,141.18,857.82,620,237.82
102724,2026-03-05,14,4,346,1,49,0.0,49.0,18,31.0
102725,2025-09-20,12,8,52,1,279,63.15,215.85,140,75.85
102726,2026-04-16,3,4,398,1,649,0.0,649.0,350,299.0
102727,2025-03-01,8,7,269,2,349,0.0,698.0,300,398.0
102728,2026-04-18,19,9,361,1,99,0.0,99.0,35,64.0
102729,2025-06-11,1,8,194,1,999,0.0,999.0,620,379.0
102730,2024-09-11,18,4,166,1,24,0.0,24.0,8,16.0
102731,2026-07-11,16,5,34,2,39,0.0,78.0,30,48.0
102732,2024-11-01,20,2,57,1,179,24.34,154.66,70,84.66
102733,2024-02-02,19,4,170,1,99,0.0,99.0,35,64.0
102734,2024-10-02,20,3,187,1,179,0.0,179.0,70,109.0
102735,2025-01-13,11,7,328,1,129,0.0,129.0,45,84.0
102735,2025-01-13,3,7,328,1,649,0.0,649.0,350,299.0
102736,2024-12-28,12,2,321,1,279,0.0,279.0,140,139.0
102737,2025-06-30,16,8,246,1,39,0.0,39.0,15,24.0
102738,2026-05-18,6,1,170,2,249,0.0,498.0,240,258.0
102739,2024-11-15,8,10,122,2,349,0.0,698.0,300,398.0
102740,2025-06-26,14,4,139,1,49,0.0,49.0,18,31.0
102740,2025-06-26,2,4,139,1,799,0.0,799.0,480,319.0
102741,2024-12-20,17,8,133,1,89,0.0,89.0,30,59.0
102742,2026-03-25,2,2,50,1,799,0.0,799.0,480,319.0
102743,2024-06-30,17,10,281,1,89,0.0,89.0,30,59.0
102744,2024-05-03,13,2,252,1,199,0.0,199.0,95,104.0
102744,2024-05-03,19,2,252,1,99,0.0,99.0,35,64.0
102745,2025-06-08,7,6,77,2,599,199.41,998.59,520,478.59
102746,2025-11-16,19,1,145,3,99,0.0,297.0,105,192.0
102747,2026-02-28,10,9,52,1,149,0.0,149.0,60,89.0
102747,2026-02-28,3,9,52,1,649,0.0,649.0,350,299.0
102748,2025-09-05,10,2,333,1,149,0.0,149.0,60,89.0
102748,2025-09-05,5,2,333,2,349,0.0,698.0,360,338.0
102749,2026-02-05,10,3,13,2,149,0.0,298.0,120,178.0
102750,2025-02-12,7,1,302,2,599,0.0,1198.0,520,678.0
102750,2025-02-12,4,1,302,2,399,0.0,798.0,420,378.0
102751,2024-02-11,8,4,93,1,349,0.0,349.0,150,199.0
102752,2024-05-16,4,4,153,1,399,0.0,399.0,210,189.0
102753,2024-02-18,19,8,110,1,99,0.0,99.0,35,64.0
102753,2024-02-18,2,8,110,2,799,0.0,1598.0,960,638.0
102754,2024-12-12,1,7,26,1,999,132.55,866.45,620,246.45
102755,2025-05-31,2,2,153,2,799,0.0,1598.0,960,638.0
102755,2025-05-31,14,2,153,1,49,0.0,49.0,18,31.0
102756,2025-01-01,4,9,13,2,399,0.0,798.0,420,378.0
102757,2025-08-07,18,1,78,1,24,0.0,24.0,8,16.0
102757,2025-08-07,11,1,78,1,129,0.0,129.0,45,84.0
102758,2025-05-16,10,3,281,1,149,0.0,149.0,60,89.0
102759,2025-11-20,9,1,220,1,79,0.0,79.0,25,54.0
102760,2025-11-12,16,10,168,2,39,0.0,78.0,30,48.0
102761,2024-12-04,19,10,11,2,99,0.0,198.0,70,128.0
102762,2024-12-25,4,8,239,1,399,0.0,399.0,210,189.0
102762,2024-12-25,5,8,239,1,349,0.0,349.0,180,169.0
102763,2025-09-01,2,5,205,1,799,0.0,799.0,480,319.0
102763,2025-09-01,15,5,205,2,35,0.0,70.0,24,46.0
102763,2025-09-01,3,5,205,1,649,0.0,649.0,350,299.0
102764,2025-09-12,9,4,369,1,79,0.0,79.0,25,54.0
102765,2024-12-02,16,7,235,1,39,0.0,39.0,15,24.0
102766,2024-12-13,1,1,218,1,999,0.0,999.0,620,379.0
102767,2025-12-01,16,9,171,1,39,0.0,39.0,15,24.0
102768,2025-10-29,15,4,50,1,35,4.09,30.91,12,18.91
102768,2025-10-29,17,4,50,3,89,0.0,267.0,90,177.0
102769,2024-06-05,4,10,368,1,399,0.0,399.0,210,189.0
102769,2024-06-05,6,10,368,1,249,0.0,249.0,120,129.0
102770,2025-04-07,2,4,297,1,799,0.0,799.0,480,319.0
102771,2026-05-26,1,1,272,1,999,0.0,999.0,620,379.0
102771,2026-05-26,9,1,272,3,79,0.0,237.0,75,162.0
102772,2024-02-15,13,10,319,1,199,0.0,199.0,95,104.0
102773,2026-04-24,3,2,128,2,649,0.0,1298.0,700,598.0
102774,2024-07-06,12,5,38,1,279,0.0,279.0,140,139.0
102775,2025-06-12,16,10,221,1,39,0.0,39.0,15,24.0
102776,2025-03-20,5,3,76,1,349,0.0,349.0,180,169.0
102776,2025-03-20,4,3,76,1,399,0.0,399.0,210,189.0
102777,2024-01-13,4,4,176,1,399,0.0,399.0,210,189.0
102777,2024-01-13,6,4,176,2,249,0.0,498.0,240,258.0
102778,2026-06-15,15,2,283,1,35,0.0,35.0,12,23.0
102778,2026-06-15,9,2,283,1,79,5.2,73.8,25,48.8
102779,2025-04-21,2,9,87,2,799,0.0,1598.0,960,638.0
102780,2026-07-21,19,4,166,3,99,0.0,297.0,105,192.0
102780,2026-07-21,8,4,166,1,349,0.0,349.0,150,199.0
102781,2024-11-10,10,3,255,2,149,0.0,298.0,120,178.0
102782,2026-05-04,9,9,217,1,79,5.0,74.0,25,49.0
102783,2026-06-21,2,3,277,1,799,0.0,799.0,480,319.0
102784,2025-08-03,15,6,81,1,35,0.0,35.0,12,23.0
102785,2024-08-20,8,1,214,1,349,0.0,349.0,150,199.0
102786,2025-11-25,1,4,282,1,999,0.0,999.0,620,379.0
102786,2025-11-25,3,4,282,1,649,0.0,649.0,350,299.0
102787,2025-07-26,17,6,333,1,89,0.0,89.0,30,59.0
102787,2025-07-26,5,6,333,1,349,0.0,349.0,180,169.0
102788,2026-07-12,10,10,300,1,149,0.0,149.0,60,89.0
102789,2025-04-05,16,7,204,1,39,0.0,39.0,15,24.0
102790,2024-10-26,20,1,398,2,179,0.0,358.0,140,218.0
102790,2024-10-26,3,1,398,1,649,0.0,649.0,350,299.0
102791,2024-06-09,18,8,204,1,24,0.0,24.0,8,16.0
102792,2025-12-05,20,8,53,1,179,0.0,179.0,70,109.0
102792,2025-12-05,11,8,53,1,129,8.98,120.02,45,75.02
102793,2026-08-08,4,2,143,1,399,41.44,357.56,210,147.56
102794,2024-02-05,15,6,333,1,35,0.0,35.0,12,23.0
102794,2024-02-05,7,6,333,1,599,0.0,599.0,260,339.0
102794,2024-02-05,3,6,333,1,649,0.0,649.0,350,299.0
102795,2026-01-02,14,3,185,1,49,0.0,49.0,18,31.0
102796,2026-06-25,11,8,341,2,129,0.0,258.0,90,168.0
102797,2024-04-01,9,3,182,1,79,0.0,79.0,25,54.0
102797,2024-04-01,14,3,182,2,49,0.0,98.0,36,62.0
102797,2024-04-01,10,3,182,1,149,0.0,149.0,60,89.0
102798,2024-05-10,5,4,89,1,349,0.0,349.0,180,169.0
102799,2025-11-30,4,4,235,1,399,78.7,320.3,210,110.3
102800,2025-10-29,5,2,164,1,349,0.0,349.0,180,169.0
102801,2024-03-26,9,8,97,1,79,0.0,79.0,25,54.0
102802,2026-04-05,11,4,132,2,129,33.21,224.79,90,134.79
102803,2025-06-28,9,3,78,1,79,0.0,79.0,25,54.0
102804,2026-06-08,10,1,22,2,149,0.0,298.0,120,178.0
102805,2026-05-14,10,7,66,1,149,0.0,149.0,60,89.0
102806,2026-03-16,5,1,384,1,349,0.0,349.0,180,169.0
102807,2025-06-21,19,9,74,3,99,0.0,297.0,105,192.0
102808,2024-10-10,14,10,189,1,49,0.0,49.0,18,31.0
102809,2025-06-11,20,8,364,3,179,0.0,537.0,210,327.0
102810,2024-04-30,13,7,198,1,199,0.0,199.0,95,104.0
102811,2025-11-06,19,6,116,2,99,0.0,198.0,70,128.0
102812,2024-06-04,11,6,335,1,129,0.0,129.0,45,84.0
102813,2025-06-16,18,6,224,2,24,0.0,48.0,16,32.0
102813,2025-06-16,14,6,224,1,49,0.0,49.0,18,31.0
102814,2024-03-09,18,7,104,1,24,0.0,24.0,8,16.0
102814,2024-03-09,3,7,104,1,649,0.0,649.0,350,299.0
102815,2024-11-20,3,2,68,1,649,0.0,649.0,350,299.0
102815,2024-11-20,18,2,68,2,24,0.0,48.0,16,32.0
102816,2024-09-21,18,9,191,1,24,0.0,24.0,8,16.0
102817,2025-10-04,12,1,350,2,279,0.0,558.0,280,278.0
102818,2026-02-18,12,5,83,2,279,0.0,558.0,280,278.0
102819,2024-03-12,14,10,146,2,49,0.0,98.0,36,62.0
102820,2026-04-19,10,10,15,3,149,0.0,447.0,180,267.0
102821,2026-04-29,1,3,222,1,999,221.88,777.12,620,157.12
102821,2026-04-29,4,3,222,1,399,0.0,399.0,210,189.0
102822,2024-12-22,2,5,266,1,799,0.0,799.0,480,319.0
102822,2024-12-22,14,5,266,1,49,5.5,43.5,18,25.5
102822,2024-12-22,9,5,266,2,79,14.95,143.05,50,93.05
102823,2025-11-06,18,4,323,1,24,0.0,24.0,8,16.0
102823,2025-11-06,19,4,323,1,99,9.55,89.45,35,54.45
102824,2025-02-24,17,4,293,1,89,0.0,89.0,30,59.0
102825,2024-06-26,16,3,48,1,39,0.0,39.0,15,24.0
102826,2025-07-04,18,5,196,1,24,0.0,24.0,8,16.0
102827,2024-04-14,11,5,16,1,129,0.0,129.0,45,84.0
102828,2026-05-14,20,2,337,1,179,0.0,179.0,70,109.0
102829,2026-06-23,3,2,161,1,649,0.0,649.0,350,299.0
102830,2026-03-24,4,5,201,2,399,0.0,798.0,420,378.0
102831,2025-08-09,13,9,151,1,199,0.0,199.0,95,104.0
102832,2025-08-04,15,2,88,3,35,0.0,105.0,36,69.0
102833,2026-08-18,10,1,316,1,149,0.0,149.0,60,89.0
102834,2024-10-07,3,8,142,1,649,0.0,649.0,350,299.0
102835,2024-04-03,3,5,16,1,649,0.0,649.0,350,299.0
102836,2025-08-08,3,1,125,1,649,0.0,649.0,350,299.0
102837,2024-12-12,3,7,278,2,649,169.86,1128.14,700,428.14
102837,2024-12-12,9,7,278,1,79,0.0,79.0,25,54.0
102838,2024-12-07,14,2,167,1,49,0.0,49.0,18,31.0
102839,2024-01-09,10,1,247,2,149,0.0,298.0,120,178.0
102840,2025-09-12,20,8,234,1,179,0.0,179.0,70,109.0
102840,2025-09-12,15,8,234,1,35,0.0,35.0,12,23.0
102841,2024-10-22,3,5,39,1,649,0.0,649.0,350,299.0
102842,2024-08-04,4,9,370,1,399,0.0,399.0,210,189.0
102842,2024-08-04,10,9,370,3,149,0.0,447.0,180,267.0
102843,2024-02-20,1,10,16,2,999,0.0,1998.0,1240,758.0
102844,2025-01-10,2,8,171,1,799,0.0,799.0,480,319.0
102845,2026-05-14,9,7,10,1,79,0.0,79.0,25,54.0
102846,2024-12-18,13,7,240,1,199,0.0,199.0,95,104.0
102847,2025-11-21,9,2,153,1,79,8.69,70.31,25,45.31
102848,2026-01-18,7,8,17,1,599,0.0,599.0,260,339.0
102849,2024-12-12,7,8,364,1,599,103.34,495.66,260,235.66
102850,2026-03-24,13,5,280,1,199,23.44,175.56,95,80.56
102851,2025-11-30,6,9,61,1,249,0.0,249.0,120,129.0
102852,2025-08-06,8,9,168,1,349,0.0,349.0,150,199.0
102853,2024-01-02,18,10,244,1,24,0.0,24.0,8,16.0
102853,2024-01-02,12,10,244,1,279,0.0,279.0,140,139.0
102854,2024-02-13,5,6,363,1,349,0.0,349.0,180,169.0
102855,2026-08-23,19,10,128,1,99,0.0,99.0,35,64.0
102856,2026-02-14,13,5,268,1,199,0.0,199.0,95,104.0
102856,2026-02-14,19,5,268,1,99,0.0,99.0,35,64.0
102857,2026-07-05,6,3,296,1,249,30.03,218.97,120,98.97
102858,2026-06-03,4,2,157,2,399,155.59,642.41,420,222.41
102859,2024-01-26,9,1,246,1,79,0.0,79.0,25,54.0
102860,2026-02-24,4,3,194,1,399,0.0,399.0,210,189.0
102860,2026-02-24,8,3,194,1,349,0.0,349.0,150,199.0
102861,2025-04-17,12,4,88,3,279,0.0,837.0,420,417.0
102862,2026-02-21,3,2,312,3,649,0.0,1947.0,1050,897.0
102862,2026-02-21,8,2,312,2,349,0.0,698.0,300,398.0
102863,2024-01-09,14,9,206,1,49,0.0,49.0,18,31.0
102863,2024-01-09,4,9,206,1,399,0.0,399.0,210,189.0
102864,2024-11-11,11,7,132,1,129,0.0,129.0,45,84.0
102864,2024-11-11,12,7,132,1,279,0.0,279.0,140,139.0
102865,2026-01-13,7,9,342,3,599,0.0,1797.0,780,1017.0
102866,2026-02-25,14,10,308,2,49,0.0,98.0,36,62.0
102867,2025-10-04,18,4,140,1,24,0.0,24.0,8,16.0
102868,2024-11-22,17,4,294,2,89,15.04,162.96,60,102.96
102869,2024-11-29,17,2,46,1,89,18.26,70.74,30,40.74
102870,2026-08-02,5,4,358,1,349,0.0,349.0,180,169.0
102870,2026-08-02,18,4,358,1,24,0.0,24.0,8,16.0
102871,2025-04-05,4,10,80,1,399,0.0,399.0,210,189.0
102872,2025-04-13,6,10,367,1,249,0.0,249.0,120,129.0
102872,2025-04-13,9,10,367,1,79,0.0,79.0,25,54.0
102873,2025-07-29,17,3,74,3,89,0.0,267.0,90,177.0
102874,2025-03-04,5,10,68,2,349,0.0,698.0,360,338.0
102874,2025-03-04,10,10,68,1,149,0.0,149.0,60,89.0
102875,2025-07-30,8,7,228,2,349,0.0,698.0,300,398.0
102875,2025-07-30,1,7,228,2,999,0.0,1998.0,1240,758.0
102876,2025-03-29,16,1,334,1,39,0.0,39.0,15,24.0
102876,2025-03-29,18,1,334,2,24,0.0,48.0,16,32.0
102877,2026-03-29,19,5,382,1,99,0.0,99.0,35,64.0
102878,2026-06-09,17,1,119,2,89,0.0,178.0,60,118.0
102879,2026-06-30,4,3,157,2,399,0.0,798.0,420,378.0
102880,2025-08-11,3,1,143,1,649,0.0,649.0,350,299.0
102881,2025-04-08,12,10,370,2,279,64.77,493.23,280,213.23
102882,2025-12-09,14,9,267,1,49,0.0,49.0,18,31.0
102882,2025-12-09,20,9,267,1,179,27.5,151.5,70,81.5
102883,2026-04-09,4,3,17,1,399,0.0,399.0,210,189.0
102884,2025-08-09,5,2,295,1,349,0.0,349.0,180,169.0
102884,2025-08-09,20,2,295,1,179,0.0,179.0,70,109.0
102885,2025-12-05,11,8,282,1,129,0.0,129.0,45,84.0
102886,2026-01-11,10,10,122,1,149,0.0,149.0,60,89.0
102887,2025-11-19,17,10,167,1,89,0.0,89.0,30,59.0
102888,2026-01-08,13,3,318,1,199,0.0,199.0,95,104.0
102889,2024-08-27,15,6,277,1,35,0.0,35.0,12,23.0
102890,2025-06-03,6,8,199,1,249,0.0,249.0,120,129.0
102891,2025-09-04,11,1,6,1,129,0.0,129.0,45,84.0
102892,2024-01-04,20,7,340,2,179,0.0,358.0,140,218.0
102893,2026-04-25,8,1,395,2,349,0.0,698.0,300,398.0
102893,2026-04-25,20,1,395,1,179,0.0,179.0,70,109.0
102893,2026-04-25,6,1,395,1,249,0.0,249.0,120,129.0
102894,2025-09-25,14,10,199,1,49,10.28,38.72,18,20.72
102895,2024-05-30,18,6,181,2,24,0.0,48.0,16,32.0
102895,2024-05-30,19,6,181,1,99,0.0,99.0,35,64.0
102896,2026-03-19,17,3,324,1,89,0.0,89.0,30,59.0
102896,2026-03-19,10,3,324,1,149,0.0,149.0,60,89.0
102897,2025-12-17,4,1,349,2,399,140.09,657.91,420,237.91
102898,2026-01-20,6,2,178,1,249,0.0,249.0,120,129.0
102899,2025-02-12,1,4,64,1,999,0.0,999.0,620,379.0
102899,2025-02-12,12,4,64,1,279,0.0,279.0,140,139.0
102900,2026-04-23,9,10,83,1,79,0.0,79.0,25,54.0
102901,2025-03-09,4,1,203,1,399,0.0,399.0,210,189.0
102902,2025-08-17,4,1,9,1,399,0.0,399.0,210,189.0
102903,2024-01-01,15,6,310,1,35,0.0,35.0,12,23.0
102904,2025-10-26,13,2,147,1,199,0.0,199.0,95,104.0
102905,2025-12-18,18,7,172,1,24,5.48,18.52,8,10.52
102906,2025-08-14,6,5,282,1,249,0.0,249.0,120,129.0
102907,2025-06-01,10,8,384,2,149,50.2,247.8,120,127.8
102907,2025-06-01,12,8,384,1,279,0.0,279.0,140,139.0
102908,2026-03-13,19,9,349,1,99,9.79,89.21,35,54.21
102908,2026-03-13,17,9,349,1,89,0.0,89.0,30,59.0
102909,2025-11-22,4,2,46,1,399,0.0,399.0,210,189.0
102910,2024-11-04,9,2,344,1,79,0.0,79.0,25,54.0
102911,2026-07-26,2,4,181,1,799,0.0,799.0,480,319.0
102911,2026-07-26,4,4,181,1,399,0.0,399.0,210,189.0
102912,2025-12-10,9,3,298,1,79,0.0,79.0,25,54.0
102913,2026-08-21,6,3,131,1,249,24.31,224.69,120,104.69
102913,2026-08-21,15,3,131,1,35,0.0,35.0,12,23.0
102914,2026-08-06,2,4,69,1,799,0.0,799.0,480,319.0
102915,2026-06-18,4,4,209,1,399,0.0,399.0,210,189.0
102916,2026-01-17,14,1,282,1,49,0.0,49.0,18,31.0
102916,2026-01-17,15,1,282,1,35,0.0,35.0,12,23.0
102917,2025-09-25,14,5,269,2,49,0.0,98.0,36,62.0
102918,2024-07-17,13,7,351,1,199,0.0,199.0,95,104.0
102918,2024-07-17,3,7,351,1,649,0.0,649.0,350,299.0
102918,2024-07-17,17,7,351,2,89,0.0,178.0,60,118.0
102919,2025-07-20,6,3,217,1,249,0.0,249.0,120,129.0
102920,2026-01-27,8,8,144,2,349,0.0,698.0,300,398.0
102920,2026-01-27,9,8,144,1,79,0.0,79.0,25,54.0
102921,2025-06-26,13,2,340,1,199,0.0,199.0,95,104.0
102922,2026-05-05,2,10,360,1,799,0.0,799.0,480,319.0
102922,2026-05-05,12,10,360,2,279,0.0,558.0,280,278.0
102923,2024-05-09,5,2,19,1,349,0.0,349.0,180,169.0
102924,2025-01-29,18,6,172,1,24,3.97,20.03,8,12.03
102925,2025-06-11,3,1,160,1,649,0.0,649.0,350,299.0
102925,2025-06-11,15,1,160,1,35,7.85,27.15,12,15.15
102926,2025-03-29,6,6,65,1,249,0.0,249.0,120,129.0
102927,2024-05-08,19,4,15,1,99,6.96,92.04,35,57.04
102928,2024-06-26,3,8,126,1,649,0.0,649.0,350,299.0
102929,2026-04-08,10,2,272,1,149,14.12,134.88,60,74.88
102930,2025-05-20,7,10,190,1,599,0.0,599.0,260,339.0
102930,2025-05-20,9,10,190,3,79,0.0,237.0,75,162.0
102931,2024-03-02,11,2,177,1,129,0.0,129.0,45,84.0
102932,2024-01-21,20,9,397,1,179,0.0,179.0,70,109.0
102933,2025-05-10,18,6,229,1,24,0.0,24.0,8,16.0
102933,2025-05-10,10,6,229,1,149,0.0,149.0,60,89.0
102934,2024-07-08,10,7,126,1,149,0.0,149.0,60,89.0
102934,2024-07-08,8,7,126,1,349,0.0,349.0,150,199.0
102935,2025-12-09,10,10,212,2,149,26.21,271.79,120,151.79
102935,2025-12-09,9,10,212,1,79,0.0,79.0,25,54.0
102936,2026-02-28,10,6,346,1,149,0.0,149.0,60,89.0
102937,2024-09-17,6,6,112,1,249,48.03,200.97,120,80.97
102938,2025-09-08,17,7,15,1,89,15.39,73.61,30,43.61
102939,2024-06-27,16,9,161,1,39,0.0,39.0,15,24.0
102940,2024-11-23,3,6,216,1,649,0.0,649.0,350,299.0
102940,2024-11-23,11,6,216,2,129,26.07,231.93,90,141.93
102941,2026-05-23,3,9,143,1,649,0.0,649.0,350,299.0
102942,2025-07-21,16,1,133,1,39,0.0,39.0,15,24.0
102943,2026-05-20,11,6,317,1,129,0.0,129.0,45,84.0
102944,2024-09-14,18,5,33,1,24,0.0,24.0,8,16.0
102945,2024-12-13,2,2,36,1,799,0.0,799.0,480,319.0
102946,2025-05-07,12,6,178,1,279,0.0,279.0,140,139.0
102946,2025-05-07,3,6,178,1,649,0.0,649.0,350,299.0
102947,2025-05-16,8,8,341,1,349,65.44,283.56,150,133.56
102948,2026-08-29,18,2,299,1,24,0.0,24.0,8,16.0
102949,2024-05-14,9,10,23,1,79,0.0,79.0,25,54.0
102950,2026-04-21,16,9,209,2,39,0.0,78.0,30,48.0
102951,2026-05-01,18,4,196,1,24,0.0,24.0,8,16.0
102952,2025-07-30,13,10,297,1,199,22.46,176.54,95,81.54
102952,2025-07-30,20,10,297,1,179,0.0,179.0,70,109.0
102952,2025-07-30,10,10,297,3,149,0.0,447.0,180,267.0
102953,2024-12-23,17,3,261,1,89,0.0,89.0,30,59.0
102953,2024-12-23,1,3,261,1,999,0.0,999.0,620,379.0
102954,2025-06-24,16,4,114,1,39,0.0,39.0,15,24.0
102955,2024-11-15,3,6,352,1,649,0.0,649.0,350,299.0
102956,2026-03-03,6,5,348,1,249,0.0,249.0,120,129.0
102957,2025-06-03,17,9,341,1,89,0.0,89.0,30,59.0
102958,2026-06-24,19,10,107,1,99,0.0,99.0,35,64.0
102958,2026-06-24,11,10,107,1,129,0.0,129.0,45,84.0
102958,2026-06-24,4,10,107,2,399,0.0,798.0,420,378.0
102959,2025-10-07,6,1,99,1,249,0.0,249.0,120,129.0
102959,2025-10-07,11,1,99,3,129,0.0,387.0,135,252.0
102960,2025-06-19,2,2,267,1,799,0.0,799.0,480,319.0
102960,2025-06-19,5,2,267,1,349,0.0,349.0,180,169.0
102961,2025-12-13,2,6,388,1,799,187.86,611.14,480,131.14
102962,2025-06-08,6,7,22,1,249,0.0,249.0,120,129.0
102963,2026-06-05,18,8,209,3,24,0.0,72.0,24,48.0
102964,2024-07-31,5,1,127,1,349,0.0,349.0,180,169.0
102965,2026-08-08,11,8,396,1,129,0.0,129.0,45,84.0
102966,2026-03-16,14,1,267,1,49,0.0,49.0,18,31.0
102967,2026-04-29,11,2,378,1,129,0.0,129.0,45,84.0
102967,2026-04-29,4,2,378,1,399,0.0,399.0,210,189.0
102968,2025-05-19,12,6,210,2,279,0.0,558.0,280,278.0
102969,2026-04-08,7,9,39,1,599,0.0,599.0,260,339.0
102970,2024-11-26,2,10,183,1,799,94.55,704.45,480,224.45
102970,2024-11-26,15,10,183,1,35,1.96,33.04,12,21.04
102971,2026-01-24,5,7,197,2,349,0.0,698.0,360,338.0
102971,2026-01-24,3,7,197,1,649,0.0,649.0,350,299.0
102972,2024-06-11,18,10,387,1,24,0.0,24.0,8,16.0
102973,2024-11-26,1,8,252,1,999,0.0,999.0,620,379.0
102974,2025-04-12,7,5,11,1,599,70.66,528.34,260,268.34
102974,2025-04-12,15,5,11,1,35,0.0,35.0,12,23.0
102975,2024-12-07,10,5,99,2,149,35.8,262.2,120,142.2
102976,2025-02-06,13,1,194,2,199,0.0,398.0,190,208.0
102977,2026-03-23,3,2,209,2,649,0.0,1298.0,700,598.0
102978,2024-10-15,6,10,17,1,249,0.0,249.0,120,129.0
102978,2024-10-15,12,10,17,1,279,0.0,279.0,140,139.0
102979,2026-01-07,14,4,261,1,49,0.0,49.0,18,31.0
102980,2024-03-31,18,7,54,1,24,0.0,24.0,8,16.0
102981,2026-01-27,3,7,140,1,649,0.0,649.0,350,299.0
102982,2026-02-24,9,10,238,1,79,0.0,79.0,25,54.0
102983,2025-02-23,3,7,174,1,649,0.0,649.0,350,299.0
102983,2025-02-23,5,7,174,1,349,0.0,349.0,180,169.0
102984,2025-12-21,15,5,133,2,35,0.0,70.0,24,46.0
102984,2025-12-21,16,5,133,3,39,0.0,117.0,45,72.0
102985,2026-06-15,3,6,324,1,649,122.09,526.91,350,176.91
102985,2026-06-15,5,6,324,1,349,0.0,349.0,180,169.0
102986,2026-03-05,5,10,206,1,349,0.0,349.0,180,169.0
102987,2025-02-10,13,2,170,2,199,0.0,398.0,190,208.0
102988,2025-05-20,12,3,55,1,279,0.0,279.0,140,139.0
102989,2026-02-11,20,6,219,1,179,0.0,179.0,70,109.0
102990,2024-11-15,9,8,58,2,79,0.0,158.0,50,108.0
102991,2026-03-08,1,8,145,1,999,0.0,999.0,620,379.0
102992,2024-12-12,6,4,334,1,249,18.94,230.06,120,110.06
102993,2026-03-10,6,9,216,2,249,0.0,498.0,240,258.0
102994,2024-04-15,1,2,374,1,999,0.0,999.0,620,379.0
102995,2024-02-26,16,5,177,1,39,4.12,34.88,15,19.88
102996,2026-08-29,3,10,366,1,649,0.0,649.0,350,299.0
102997,2026-05-06,16,1,10,1,39,0.0,39.0,15,24.0
102997,2026-05-06,5,1,10,1,349,0.0,349.0,180,169.0
102998,2026-05-18,7,4,77,1,599,0.0,599.0,260,339.0
102999,2026-07-18,17,6,167,2,89,19.63,158.37,60,98.37
102999,2026-07-18,7,6,167,1,599,0.0,599.0,260,339.0
103000,2025-04-04,3,7,294,2,649,0.0,1298.0,700,598.0
103001,2024-11-10,17,1,226,1,89,0.0,89.0,30,59.0
103001,2024-11-10,11,1,226,1,129,0.0,129.0,45,84.0
103002,2024-05-31,11,6,38,1,129,0.0,129.0,45,84.0
103003,2025-06-06,4,9,257,1,399,54.76,344.24,210,134.24
103003,2025-06-06,9,9,257,1,79,0.0,79.0,25,54.0
103003,2025-06-06,18,9,257,1,24,0.0,24.0,8,16.0
103004,2024-09-08,18,2,397,1,24,0.0,24.0,8,16.0
103005,2026-07-03,17,10,42,3,89,0.0,267.0,90,177.0
103005,2026-07-03,9,10,42,1,79,5.91,73.09,25,48.09
103006,2024-01-05,10,10,367,2,149,0.0,298.0,120,178.0
103006,2024-01-05,1,10,367,1,999,0.0,999.0,620,379.0
103007,2024-06-14,16,2,221,1,39,0.0,39.0,15,24.0
103008,2024-10-05,10,8,163,2,149,0.0,298.0,120,178.0
103009,2024-08-16,13,8,10,1,199,0.0,199.0,95,104.0
103010,2024-09-14,18,10,241,1,24,0.0,24.0,8,16.0
103011,2025-11-04,8,1,226,2,349,0.0,698.0,300,398.0
103012,2024-12-11,12,6,364,1,279,0.0,279.0,140,139.0
103013,2025-09-30,8,5,75,1,349,0.0,349.0,150,199.0
103013,2025-09-30,4,5,75,1,399,0.0,399.0,210,189.0
103014,2026-05-24,11,10,177,1,129,0.0,129.0,45,84.0
103015,2025-09-18,18,4,228,1,24,0.0,24.0,8,16.0
103015,2025-09-18,12,4,228,1,279,55.35,223.65,140,83.65
103016,2025-12-02,6,2,244,1,249,0.0,249.0,120,129.0
103017,2025-01-12,11,6,279,1,129,0.0,129.0,45,84.0
103017,2025-01-12,17,6,279,1,89,0.0,89.0,30,59.0
103018,2024-07-02,2,2,158,1,799,0.0,799.0,480,319.0
103018,2024-07-02,16,2,158,1,39,0.0,39.0,15,24.0
103019,2024-12-06,4,6,393,1,399,0.0,399.0,210,189.0
103020,2026-07-30,5,7,349,1,349,0.0,349.0,180,169.0
103021,2025-10-06,18,8,207,2,24,0.0,48.0,16,32.0
103022,2024-11-03,15,1,42,1,35,0.0,35.0,12,23.0
103023,2025-04-17,11,2,160,1,129,0.0,129.0,45,84.0
103023,2025-04-17,6,2,160,2,249,0.0,498.0,240,258.0
103023,2025-04-17,2,2,160,1,799,161.83,637.17,480,157.17
103024,2026-04-06,11,10,41,2,129,0.0,258.0,90,168.0
103025,2025-11-13,14,8,172,1,49,0.0,49.0,18,31.0
103025,2025-11-13,11,8,172,1,129,0.0,129.0,45,84.0
103026,2025-08-07,3,4,330,1,649,0.0,649.0,350,299.0
103027,2026-05-20,18,6,323,1,24,0.0,24.0,8,16.0
103027,2026-05-20,16,6,323,1,39,0.0,39.0,15,24.0
103028,2025-11-16,5,1,277,1,349,43.91,305.09,180,125.09
103029,2025-10-24,14,1,57,1,49,3.45,45.55,18,27.55
103029,2025-10-24,12,1,57,3,279,0.0,837.0,420,417.0
103030,2024-08-06,3,9,224,1,649,0.0,649.0,350,299.0
103031,2024-05-06,11,5,153,2,129,0.0,258.0,90,168.0
103031,2024-05-06,13,5,153,1,199,0.0,199.0,95,104.0
103032,2026-07-31,3,3,34,1,649,0.0,649.0,350,299.0
103033,2025-09-14,5,3,295,1,349,0.0,349.0,180,169.0
103033,2025-09-14,13,3,295,1,199,28.63,170.37,95,75.37
103034,2025-03-11,1,1,73,2,999,0.0,1998.0,1240,758.0
103034,2025-03-11,11,1,73,1,129,0.0,129.0,45,84.0
103034,2025-03-11,7,1,73,1,599,0.0,599.0,260,339.0
103035,2025-09-05,9,3,270,2,79,25.29,132.71,50,82.71
103035,2025-09-05,16,3,270,1,39,3.67,35.33,15,20.33
103036,2024-03-17,6,1,35,2,249,0.0,498.0,240,258.0
103036,2024-03-17,18,1,35,1,24,0.0,24.0,8,16.0
103037,2026-03-25,17,6,221,1,89,0.0,89.0,30,59.0
103038,2024-09-05,13,7,112,1,199,0.0,199.0,95,104.0
103039,2026-03-08,20,9,198,1,179,0.0,179.0,70,109.0
103039,2026-03-08,5,9,198,1,349,0.0,349.0,180,169.0
103040,2025-07-10,19,10,50,1,99,0.0,99.0,35,64.0
103041,2024-11-02,9,5,27,1,79,0.0,79.0,25,54.0
103042,2024-02-07,14,2,255,1,49,0.0,49.0,18,31.0
103043,2026-03-19,11,1,179,1,129,27.41,101.59,45,56.59
103044,2024-07-22,10,6,356,1,149,0.0,149.0,60,89.0
103044,2024-07-22,16,6,356,1,39,0.0,39.0,15,24.0
103045,2024-03-06,4,4,209,1,399,0.0,399.0,210,189.0
103045,2024-03-06,3,4,209,1,649,0.0,649.0,350,299.0
103045,2024-03-06,7,4,209,1,599,0.0,599.0,260,339.0
103046,2026-01-17,2,2,376,1,799,0.0,799.0,480,319.0
103047,2024-12-27,14,3,322,2,49,0.0,98.0,36,62.0
103048,2025-02-08,20,4,156,2,179,0.0,358.0,140,218.0
103049,2024-10-06,19,7,365,1,99,0.0,99.0,35,64.0
103050,2026-04-27,2,9,39,1,799,0.0,799.0,480,319.0
103050,2026-04-27,3,9,39,1,649,0.0,649.0,350,299.0
103050,2026-04-27,18,9,39,1,24,0.0,24.0,8,16.0
103051,2024-11-19,5,1,37,1,349,0.0,349.0,180,169.0
103052,2024-08-29,18,10,140,1,24,5.87,18.13,8,10.13
103053,2024-11-28,9,10,98,1,79,0.0,79.0,25,54.0
103054,2024-08-21,12,8,319,1,279,0.0,279.0,140,139.0
103055,2024-12-04,18,10,258,1,24,0.0,24.0,8,16.0
103056,2024-04-10,1,1,266,2,999,0.0,1998.0,1240,758.0
103057,2024-07-01,1,5,130,1,999,0.0,999.0,620,379.0
103057,2024-07-01,20,5,130,2,179,0.0,358.0,140,218.0
103058,2025-03-12,7,8,374,2,599,0.0,1198.0,520,678.0
103059,2026-05-15,3,5,38,1,649,0.0,649.0,350,299.0
103060,2024-03-12,1,6,37,1,999,0.0,999.0,620,379.0
103061,2024-08-31,1,5,152,1,999,0.0,999.0,620,379.0
103062,2026-06-09,12,6,322,1,279,0.0,279.0,140,139.0
103062,2026-06-09,11,6,322,1,129,0.0,129.0,45,84.0
103063,2026-05-24,2,1,36,1,799,0.0,799.0,480,319.0
103064,2025-11-21,3,1,339,1,649,139.25,509.75,350,159.75
103065,2024-09-29,8,1,398,1,349,0.0,349.0,150,199.0
103066,2025-03-15,10,4,309,1,149,0.0,149.0,60,89.0
103067,2024-08-30,18,1,243,1,24,0.0,24.0,8,16.0
103068,2024-05-29,2,6,195,1,799,0.0,799.0,480,319.0
103068,2024-05-29,4,6,195,1,399,24.38,374.62,210,164.62
103069,2025-01-28,4,7,282,1,399,0.0,399.0,210,189.0
103070,2025-08-22,15,9,147,1,35,0.0,35.0,12,23.0
103070,2025-08-22,13,9,147,1,199,44.18,154.82,95,59.82
103071,2025-01-05,11,1,269,1,129,0.0,129.0,45,84.0
103072,2025-09-26,15,9,114,2,35,0.0,70.0,24,46.0
103073,2024-11-18,7,10,63,2,599,0.0,1198.0,520,678.0
103074,2024-12-24,6,2,280,1,249,0.0,249.0,120,129.0
103075,2026-02-23,5,4,256,1,349,0.0,349.0,180,169.0
103076,2026-05-14,13,6,171,1,199,0.0,199.0,95,104.0
103077,2024-12-07,17,1,82,1,89,12.54,76.46,30,46.46
103078,2025-08-18,11,1,161,1,129,0.0,129.0,45,84.0
103079,2024-11-04,15,9,218,2,35,5.45,64.55,24,40.55
103080,2024-03-07,17,10,343,1,89,0.0,89.0,30,59.0
103080,2024-03-07,1,10,343,2,999,412.81,1585.19,1240,345.19
103081,2025-12-31,8,7,380,2,349,78.33,619.67,300,319.67
103081,2025-12-31,3,7,380,1,649,0.0,649.0,350,299.0
103082,2024-07-16,2,7,122,1,799,0.0,799.0,480,319.0
103083,2025-03-22,8,4,290,1,349,0.0,349.0,150,199.0
103084,2025-05-23,18,5,42,2,24,0.0,48.0,16,32.0
103084,2025-05-23,12,5,42,1,279,0.0,279.0,140,139.0
103085,2024-07-31,17,8,261,2,89,0.0,178.0,60,118.0
103085,2024-07-31,8,8,261,1,349,0.0,349.0,150,199.0
103085,2024-07-31,12,8,261,1,279,0.0,279.0,140,139.0
103086,2024-04-23,20,1,379,2,179,0.0,358.0,140,218.0
103087,2024-12-26,16,2,397,2,39,4.96,73.04,30,43.04
103087,2024-12-26,1,2,397,1,999,0.0,999.0,620,379.0
103088,2026-07-19,17,3,156,2,89,0.0,178.0,60,118.0
103089,2025-09-30,15,9,89,2,35,0.0,70.0,24,46.0
103089,2025-09-30,17,9,89,1,89,0.0,89.0,30,59.0
103090,2025-01-30,13,9,35,1,199,45.36,153.64,95,58.64
103091,2024-02-18,14,9,59,1,49,0.0,49.0,18,31.0
103092,2025-09-16,19,10,95,2,99,0.0,198.0,70,128.0
103092,2025-09-16,3,10,95,1,649,0.0,649.0,350,299.0
103092,2025-09-16,4,10,95,3,399,0.0,1197.0,630,567.0
103093,2024-04-21,12,2,169,2,279,0.0,558.0,280,278.0
103093,2024-04-21,7,2,169,1,599,0.0,599.0,260,339.0
103094,2025-07-19,20,3,223,1,179,0.0,179.0,70,109.0
103095,2026-01-14,18,10,349,1,24,5.4,18.6,8,10.6
103096,2025-03-20,18,2,344,1,24,0.0,24.0,8,16.0
103096,2025-03-20,11,2,344,1,129,0.0,129.0,45,84.0
103097,2024-11-20,4,10,85,1,399,0.0,399.0,210,189.0
103097,2024-11-20,9,10,85,1,79,0.0,79.0,25,54.0
103098,2024-03-01,18,4,73,1,24,0.0,24.0,8,16.0
103099,2024-01-31,13,10,395,1,199,0.0,199.0,95,104.0
103099,2024-01-31,17,10,395,1,89,0.0,89.0,30,59.0
103099,2024-01-31,7,10,395,1,599,0.0,599.0,260,339.0
103100,2025-03-26,6,1,197,1,249,59.02,189.98,120,69.98
103100,2025-03-26,15,1,197,2,35,0.0,70.0,24,46.0
103101,2026-05-18,15,9,150,1,35,2.92,32.08,12,20.08
103102,2024-10-03,14,10,335,3,49,0.0,147.0,54,93.0
103103,2025-08-21,3,5,79,2,649,0.0,1298.0,700,598.0
103104,2025-11-25,17,6,177,1,89,17.67,71.33,30,41.33
103105,2024-03-16,13,7,177,1,199,0.0,199.0,95,104.0
103106,2024-06-25,13,3,376,1,199,36.79,162.21,95,67.21
103107,2024-12-14,6,10,90,1,249,0.0,249.0,120,129.0
103107,2024-12-14,17,10,90,2,89,0.0,178.0,60,118.0
103108,2025-11-14,12,7,210,2,279,104.35,453.65,280,173.65
103108,2025-11-14,16,7,210,1,39,7.58,31.42,15,16.42
103108,2025-11-14,6,7,210,1,249,0.0,249.0,120,129.0
103109,2025-04-05,18,9,273,1,24,0.0,24.0,8,16.0
103110,2025-12-28,11,1,119,2,129,0.0,258.0,90,168.0
103110,2025-12-28,19,1,119,2,99,24.19,173.81,70,103.81
103111,2026-05-05,12,8,337,1,279,20.52,258.48,140,118.48
103111,2026-05-05,9,8,337,1,79,0.0,79.0,25,54.0
103112,2026-01-20,17,4,377,2,89,11.87,166.13,60,106.13
103112,2026-01-20,10,4,377,2,149,62.18,235.82,120,115.82
103113,2026-08-25,2,9,17,1,799,0.0,799.0,480,319.0
103114,2026-01-16,5,9,124,1,349,0.0,349.0,180,169.0
103115,2026-04-21,10,10,132,2,149,0.0,298.0,120,178.0
103115,2026-04-21,1,10,132,1,999,0.0,999.0,620,379.0
103116,2026-04-03,19,3,330,2,99,0.0,198.0,70,128.0
103116,2026-04-03,4,3,330,2,399,184.92,613.08,420,193.08
103117,2025-12-26,8,4,256,1,349,0.0,349.0,150,199.0
103118,2026-03-06,8,2,98,1,349,0.0,349.0,150,199.0
103119,2026-07-03,16,8,37,1,39,0.0,39.0,15,24.0
103120,2025-05-11,2,5,24,2,799,391.97,1206.03,960,246.03
103121,2025-10-20,6,8,253,2,249,0.0,498.0,240,258.0
103122,2025-06-20,13,1,229,1,199,48.47,150.53,95,55.53
103123,2026-04-20,10,1,261,1,149,0.0,149.0,60,89.0
103124,2025-03-28,5,4,305,3,349,203.09,843.91,540,303.91
103125,2026-03-23,5,9,150,2,349,0.0,698.0,360,338.0
103126,2026-03-03,20,3,184,1,179,0.0,179.0,70,109.0
103127,2026-07-28,5,3,68,1,349,0.0,349.0,180,169.0
103127,2026-07-28,4,3,68,1,399,0.0,399.0,210,189.0
103128,2024-10-08,2,1,35,1,799,0.0,799.0,480,319.0
103128,2024-10-08,9,1,35,2,79,0.0,158.0,50,108.0
103129,2025-12-12,15,8,171,1,35,3.86,31.14,12,19.14
103130,2026-01-18,4,4,211,1,399,0.0,399.0,210,189.0
103131,2026-07-04,18,3,201,1,24,0.0,24.0,8,16.0
103132,2026-06-08,10,8,272,2,149,0.0,298.0,120,178.0
103132,2026-06-08,15,8,272,1,35,0.0,35.0,12,23.0
103133,2025-08-20,2,6,301,1,799,0.0,799.0,480,319.0
103134,2025-08-26,6,7,126,1,249,0.0,249.0,120,129.0
103135,2024-07-11,8,10,243,1,349,0.0,349.0,150,199.0
103136,2026-08-09,8,4,162,1,349,0.0,349.0,150,199.0
103136,2026-08-09,20,4,162,1,179,0.0,179.0,70,109.0
103137,2024-10-13,20,10,264,1,179,0.0,179.0,70,109.0
103138,2025-12-22,17,10,172,1,89,5.23,83.77,30,53.77
103138,2025-12-22,8,10,172,1,349,0.0,349.0,150,199.0
103139,2026-02-28,8,10,310,1,349,72.89,276.11,150,126.11
103139,2026-02-28,15,10,310,1,35,0.0,35.0,12,23.0
103139,2026-02-28,11,10,310,1,129,0.0,129.0,45,84.0
103140,2025-04-07,5,9,90,1,349,0.0,349.0,180,169.0
103140,2025-04-07,19,9,90,1,99,0.0,99.0,35,64.0
103141,2024-08-30,15,1,341,2,35,0.0,70.0,24,46.0
103141,2024-08-30,8,1,341,1,349,0.0,349.0,150,199.0
103142,2024-08-05,10,4,13,1,149,0.0,149.0,60,89.0
103142,2024-08-05,8,4,13,3,349,0.0,1047.0,450,597.0
103143,2026-04-25,13,3,127,1,199,0.0,199.0,95,104.0
103144,2025-06-15,17,6,112,1,89,0.0,89.0,30,59.0
103145,2024-04-18,4,8,198,1,399,0.0,399.0,210,189.0
103145,2024-04-18,12,8,198,2,279,0.0,558.0,280,278.0
103145,2024-04-18,1,8,198,1,999,0.0,999.0,620,379.0
103146,2025-12-17,12,9,120,1,279,0.0,279.0,140,139.0
103146,2025-12-17,3,9,120,2,649,315.33,982.67,700,282.67
103146,2025-12-17,10,9,120,1,149,32.15,116.85,60,56.85
103147,2024-10-09,7,6,205,1,599,0.0,599.0,260,339.0
103148,2026-05-12,19,2,268,2,99,0.0,198.0,70,128.0
103148,2026-05-12,13,2,268,1,199,0.0,199.0,95,104.0
103149,2024-11-28,2,5,243,1,799,0.0,799.0,480,319.0
103149,2024-11-28,5,5,243,3,349,0.0,1047.0,540,507.0
103150,2024-08-18,8,2,49,1,349,0.0,349.0,150,199.0
103151,2024-04-12,3,7,60,1,649,0.0,649.0,350,299.0
103151,2024-04-12,12,7,60,1,279,0.0,279.0,140,139.0
103152,2025-06-16,4,4,105,1,399,0.0,399.0,210,189.0
103153,2025-04-17,20,1,355,1,179,42.8,136.2,70,66.2
103153,2025-04-17,17,1,355,1,89,0.0,89.0,30,59.0
103154,2026-01-13,11,4,292,2,129,0.0,258.0,90,168.0
103154,2026-01-13,2,4,292,2,799,0.0,1598.0,960,638.0
103155,2025-05-01,8,1,241,2,349,0.0,698.0,300,398.0
103155,2025-05-01,9,1,241,1,79,7.12,71.88,25,46.88
103156,2024-12-23,6,9,331,2,249,0.0,498.0,240,258.0
103157,2024-10-20,13,8,12,1,199,0.0,199.0,95,104.0
103157,2024-10-20,12,8,12,1,279,47.46,231.54,140,91.54
103157,2024-10-20,6,8,12,2,249,0.0,498.0,240,258.0
103158,2024-11-04,9,4,136,1,79,0.0,79.0,25,54.0
103158,2024-11-04,20,4,136,2,179,24.48,333.52,140,193.52
103159,2026-06-26,18,6,132,1,24,0.0,24.0,8,16.0
103159,2026-06-26,19,6,132,1,99,0.0,99.0,35,64.0
103159,2026-06-26,20,6,132,2,179,0.0,358.0,140,218.0
103160,2024-07-09,11,10,99,1,129,0.0,129.0,45,84.0
103160,2024-07-09,1,10,99,2,999,0.0,1998.0,1240,758.0
103160,2024-07-09,16,10,99,1,39,0.0,39.0,15,24.0
103161,2026-08-21,7,6,1,2,599,0.0,1198.0,520,678.0
103162,2024-12-11,6,10,396,2,249,0.0,498.0,240,258.0
103162,2024-12-11,14,10,396,1,49,0.0,49.0,18,31.0
103163,2024-04-16,4,3,52,1,399,0.0,399.0,210,189.0
103164,2024-10-07,1,3,81,2,999,0.0,1998.0,1240,758.0
103165,2024-03-13,7,3,368,1,599,0.0,599.0,260,339.0
103166,2026-02-22,4,2,361,2,399,0.0,798.0,420,378.0
103167,2025-06-17,16,1,369,1,39,0.0,39.0,15,24.0
103168,2024-12-18,2,9,72,1,799,0.0,799.0,480,319.0
103169,2025-11-09,14,4,397,1,49,0.0,49.0,18,31.0
103170,2025-10-14,10,5,238,1,149,0.0,149.0,60,89.0
103171,2026-07-07,8,5,101,1,349,0.0,349.0,150,199.0
103172,2026-07-28,14,7,177,1,49,0.0,49.0,18,31.0
103172,2026-07-28,11,7,177,3,129,0.0,387.0,135,252.0
103172,2026-07-28,2,7,177,2,799,0.0,1598.0,960,638.0
103173,2025-11-22,7,5,281,1,599,0.0,599.0,260,339.0
103173,2025-11-22,12,5,281,1,279,54.42,224.58,140,84.58
103174,2026-03-21,14,10,131,2,49,0.0,98.0,36,62.0
103174,2026-03-21,9,10,131,1,79,0.0,79.0,25,54.0
103175,2026-02-24,11,8,202,1,129,0.0,129.0,45,84.0
103175,2026-02-24,19,8,202,1,99,0.0,99.0,35,64.0
103176,2025-05-27,5,6,285,1,349,27.66,321.34,180,141.34
103177,2025-12-08,19,6,198,1,99,5.02,93.98,35,58.98
103177,2025-12-08,15,6,198,1,35,0.0,35.0,12,23.0
103178,2024-04-05,11,9,116,1,129,0.0,129.0,45,84.0
103179,2026-01-20,12,4,378,1,279,0.0,279.0,140,139.0
103180,2026-07-28,8,4,37,1,349,0.0,349.0,150,199.0
103180,2026-07-28,14,4,37,2,49,0.0,98.0,36,62.0
103181,2024-04-13,3,5,46,1,649,0.0,649.0,350,299.0
103182,2026-04-07,19,8,31,1,99,0.0,99.0,35,64.0
103183,2026-07-01,3,6,6,1,649,0.0,649.0,350,299.0
103184,2024-09-15,6,7,301,1,249,0.0,249.0,120,129.0
103185,2025-06-30,19,3,8,1,99,0.0,99.0,35,64.0
103186,2026-06-26,13,7,91,1,199,0.0,199.0,95,104.0
103187,2026-07-27,20,6,70,1,179,0.0,179.0,70,109.0
103188,2024-05-28,2,10,386,2,799,0.0,1598.0,960,638.0
103188,2024-05-28,1,10,386,1,999,0.0,999.0,620,379.0
103189,2024-12-27,20,10,274,1,179,30.02,148.98,70,78.98
103190,2025-12-04,15,7,147,1,35,0.0,35.0,12,23.0
103191,2024-09-10,17,3,72,1,89,0.0,89.0,30,59.0
103192,2024-12-09,10,3,28,2,149,40.88,257.12,120,137.12
103193,2024-01-29,8,8,131,2,349,144.1,553.9,300,253.9
103194,2024-06-26,9,9,212,1,79,0.0,79.0,25,54.0
103194,2024-06-26,14,9,212,1,49,0.0,49.0,18,31.0
103195,2025-08-09,20,5,390,1,179,0.0,179.0,70,109.0
103196,2025-11-02,9,7,189,1,79,0.0,79.0,25,54.0
103197,2025-10-30,6,4,232,1,249,0.0,249.0,120,129.0
103198,2026-02-09,13,8,223,1,199,0.0,199.0,95,104.0
103199,2025-03-11,17,2,382,2,89,0.0,178.0,60,118.0
103200,2024-10-31,3,9,143,1,649,0.0,649.0,350,299.0
103201,2024-01-20,4,7,115,2,399,0.0,798.0,420,378.0
103201,2024-01-20,1,7,115,2,999,475.83,1522.17,1240,282.17
103202,2024-08-25,17,4,116,1,89,0.0,89.0,30,59.0
103203,2024-11-30,4,10,332,1,399,0.0,399.0,210,189.0
103204,2024-07-24,8,10,216,1,349,0.0,349.0,150,199.0
103204,2024-07-24,7,10,216,1,599,0.0,599.0,260,339.0
103205,2024-01-25,6,3,68,2,249,0.0,498.0,240,258.0
103206,2024-06-30,9,10,81,1,79,15.16,63.84,25,38.84
103206,2024-06-30,7,10,81,1,599,0.0,599.0,260,339.0
103207,2025-11-11,3,8,317,2,649,0.0,1298.0,700,598.0
103207,2025-11-11,9,8,317,1,79,0.0,79.0,25,54.0
103208,2025-10-13,19,3,196,1,99,0.0,99.0,35,64.0
103209,2026-07-03,2,6,372,1,799,75.16,723.84,480,243.84
103210,2026-03-02,19,4,215,1,99,0.0,99.0,35,64.0
103211,2025-08-14,14,10,73,1,49,0.0,49.0,18,31.0
103211,2025-08-14,20,10,73,1,179,0.0,179.0,70,109.0
103212,2024-06-08,14,8,263,2,49,0.0,98.0,36,62.0
103213,2025-08-10,7,2,193,1,599,0.0,599.0,260,339.0
103213,2025-08-10,4,2,193,1,399,72.96,326.04,210,116.04
103214,2024-03-17,5,6,300,1,349,0.0,349.0,180,169.0
103215,2025-03-27,5,6,162,1,349,0.0,349.0,180,169.0
103216,2025-02-09,12,8,115,2,279,0.0,558.0,280,278.0
103217,2025-03-24,16,1,178,1,39,0.0,39.0,15,24.0
103218,2024-11-05,17,1,127,2,89,33.24,144.76,60,84.76
103219,2025-11-26,18,7,134,1,24,2.2,21.8,8,13.8
103220,2026-04-11,13,2,161,2,199,20.65,377.35,190,187.35
103220,2026-04-11,9,2,161,3,79,0.0,237.0,75,162.0
103221,2026-01-30,17,1,10,2,89,0.0,178.0,60,118.0
103222,2025-10-11,1,8,243,2,999,0.0,1998.0,1240,758.0
103223,2025-07-14,2,3,120,1,799,0.0,799.0,480,319.0
103224,2024-02-08,5,8,270,1,349,0.0,349.0,180,169.0
103225,2025-12-21,17,2,178,1,89,8.89,80.11,30,50.11
103226,2025-07-21,1,1,382,1,999,0.0,999.0,620,379.0
103227,2024-10-28,13,7,190,1,199,0.0,199.0,95,104.0
103228,2024-12-11,16,10,138,1,39,0.0,39.0,15,24.0
103229,2026-07-03,19,4,217,1,99,0.0,99.0,35,64.0
103230,2025-10-08,4,10,243,1,399,0.0,399.0,210,189.0
103231,2025-05-12,12,1,153,1,279,0.0,279.0,140,139.0
103231,2025-05-12,3,1,153,2,649,0.0,1298.0,700,598.0
103231,2025-05-12,9,1,153,1,79,0.0,79.0,25,54.0
103232,2025-10-05,13,7,72,1,199,31.25,167.75,95,72.75
103233,2025-03-09,5,7,265,1,349,0.0,349.0,180,169.0
103234,2025-05-06,15,10,346,1,35,0.0,35.0,12,23.0
103235,2024-11-13,14,10,192,1,49,12.24,36.76,18,18.76
103235,2024-11-13,8,10,192,1,349,0.0,349.0,150,199.0
103236,2025-04-06,15,9,239,1,35,3.41,31.59,12,19.59
103237,2025-11-25,3,10,161,3,649,433.1,1513.9,1050,463.9
103238,2024-02-20,13,9,65,2,199,0.0,398.0,190,208.0
103239,2026-02-27,13,10,338,1,199,0.0,199.0,95,104.0
103240,2024-11-07,16,10,148,1,39,0.0,39.0,15,24.0
103241,2025-11-23,17,4,270,1,89,0.0,89.0,30,59.0
103242,2025-10-24,3,1,381,1,649,0.0,649.0,350,299.0
103243,2025-11-02,17,1,172,1,89,7.91,81.09,30,51.09
103243,2025-11-02,4,1,172,2,399,0.0,798.0,420,378.0
103244,2025-09-23,4,1,234,1,399,62.76,336.24,210,126.24
103245,2026-07-26,3,8,84,1,649,0.0,649.0,350,299.0
103246,2025-06-13,1,5,45,1,999,0.0,999.0,620,379.0
103246,2025-06-13,8,5,45,1,349,0.0,349.0,150,199.0
103247,2025-12-27,4,10,119,2,399,0.0,798.0,420,378.0
103247,2025-12-27,6,10,119,3,249,0.0,747.0,360,387.0
103248,2025-12-09,15,2,226,1,35,2.18,32.82,12,20.82
103248,2025-12-09,10,2,226,2,149,0.0,298.0,120,178.0
103248,2025-12-09,11,2,226,2,129,0.0,258.0,90,168.0
103249,2024-09-25,15,10,8,2,35,0.0,70.0,24,46.0
103249,2024-09-25,4,10,8,1,399,0.0,399.0,210,189.0
103250,2024-11-08,15,3,153,1,35,0.0,35.0,12,23.0
103251,2025-03-20,10,5,360,1,149,0.0,149.0,60,89.0
103252,2024-11-03,19,6,277,2,99,0.0,198.0,70,128.0
103252,2024-11-03,11,6,277,1,129,0.0,129.0,45,84.0
103253,2025-01-13,5,2,197,1,349,0.0,349.0,180,169.0
103254,2025-02-10,3,7,94,1,649,0.0,649.0,350,299.0
103255,2025-09-19,8,4,374,1,349,39.49,309.51,150,159.51
103255,2025-09-19,18,4,374,1,24,4.62,19.38,8,11.38
103256,2024-09-08,19,2,3,1,99,0.0,99.0,35,64.0
103257,2026-03-08,17,3,154,1,89,8.04,80.96,30,50.96
103258,2025-04-03,12,4,145,3,279,0.0,837.0,420,417.0
103259,2025-12-10,8,1,398,1,349,0.0,349.0,150,199.0
103260,2024-04-09,17,1,367,1,89,0.0,89.0,30,59.0
103260,2024-04-09,8,1,367,1,349,0.0,349.0,150,199.0
103261,2025-05-06,16,2,203,1,39,0.0,39.0,15,24.0
103262,2024-02-04,15,4,109,1,35,0.0,35.0,12,23.0
103263,2025-11-19,6,8,215,1,249,0.0,249.0,120,129.0
103263,2025-11-19,11,8,215,2,129,0.0,258.0,90,168.0
103264,2024-12-23,4,1,370,1,399,0.0,399.0,210,189.0
103265,2026-07-16,12,10,343,1,279,0.0,279.0,140,139.0
103265,2026-07-16,1,10,343,1,999,0.0,999.0,620,379.0
103266,2024-12-09,12,10,378,1,279,0.0,279.0,140,139.0
103267,2025-08-10,18,1,270,1,24,1.27,22.73,8,14.73
103267,2025-08-10,20,1,270,1,179,0.0,179.0,70,109.0
103267,2025-08-10,4,1,270,2,399,0.0,798.0,420,378.0
103268,2024-10-16,8,6,354,1,349,0.0,349.0,150,199.0
103269,2025-10-04,14,2,146,1,49,0.0,49.0,18,31.0
103270,2025-05-03,11,1,273,1,129,0.0,129.0,45,84.0
103270,2025-05-03,10,1,273,3,149,0.0,447.0,180,267.0
103271,2025-01-18,7,1,178,2,599,0.0,1198.0,520,678.0
103272,2024-08-21,18,1,7,1,24,0.0,24.0,8,16.0
103273,2024-05-11,12,6,369,1,279,0.0,279.0,140,139.0
103274,2024-05-20,11,8,203,2,129,14.27,243.73,90,153.73
103275,2026-08-31,11,1,106,1,129,13.74,115.26,45,70.26
103276,2025-03-07,9,8,123,3,79,0.0,237.0,75,162.0
103277,2024-01-03,17,3,214,1,89,0.0,89.0,30,59.0
103278,2026-07-20,20,6,243,1,179,0.0,179.0,70,109.0
103278,2026-07-20,11,6,243,2,129,19.2,238.8,90,148.8
103279,2024-01-25,11,8,58,1,129,30.28,98.72,45,53.72
103280,2025-03-14,19,4,357,1,99,0.0,99.0,35,64.0
103281,2025-12-17,1,1,166,1,999,0.0,999.0,620,379.0
103281,2025-12-17,2,1,166,1,799,0.0,799.0,480,319.0
103282,2026-06-14,10,4,64,2,149,0.0,298.0,120,178.0
103282,2026-06-14,2,4,64,3,799,0.0,2397.0,1440,957.0
103283,2025-12-14,12,8,175,1,279,0.0,279.0,140,139.0
103283,2025-12-14,8,8,175,1,349,0.0,349.0,150,199.0
103284,2025-04-30,20,9,267,1,179,0.0,179.0,70,109.0
103285,2026-08-09,14,5,308,1,49,0.0,49.0,18,31.0
103286,2024-02-19,1,3,254,1,999,0.0,999.0,620,379.0
103287,2026-08-20,9,1,377,1,79,0.0,79.0,25,54.0
103288,2026-04-19,15,6,85,2,35,0.0,70.0,24,46.0
103289,2026-06-27,9,1,80,2,79,0.0,158.0,50,108.0
103290,2024-10-13,19,8,352,1,99,0.0,99.0,35,64.0
103291,2024-06-13,18,10,372,2,24,0.0,48.0,16,32.0
103292,2025-11-09,13,10,211,1,199,0.0,199.0,95,104.0
103292,2025-11-09,10,10,211,1,149,0.0,149.0,60,89.0
103292,2025-11-09,20,10,211,1,179,17.37,161.63,70,91.63
103293,2025-06-21,12,2,172,1,279,0.0,279.0,140,139.0
103294,2025-06-28,15,8,301,1,35,7.64,27.36,12,15.36
103295,2026-06-23,16,2,90,1,39,0.0,39.0,15,24.0
103295,2026-06-23,13,2,90,2,199,0.0,398.0,190,208.0
103296,2025-10-04,2,2,229,1,799,0.0,799.0,480,319.0
103297,2024-11-29,15,8,356,1,35,0.0,35.0,12,23.0
103297,2024-11-29,4,8,356,1,399,0.0,399.0,210,189.0
103298,2025-02-21,12,7,66,1,279,0.0,279.0,140,139.0
103299,2024-06-03,20,5,372,1,179,0.0,179.0,70,109.0
103300,2024-08-09,13,6,75,2,199,0.0,398.0,190,208.0
103300,2024-08-09,10,6,75,3,149,0.0,447.0,180,267.0
103301,2024-06-14,7,4,7,1,599,0.0,599.0,260,339.0
103301,2024-06-14,12,4,7,1,279,0.0,279.0,140,139.0
103302,2026-03-14,10,10,162,1,149,0.0,149.0,60,89.0
103303,2025-12-09,9,9,283,1,79,0.0,79.0,25,54.0
103303,2025-12-09,1,9,283,1,999,0.0,999.0,620,379.0
103304,2025-07-06,4,1,370,2,399,0.0,798.0,420,378.0
103305,2025-01-22,12,9,285,1,279,57.63,221.37,140,81.37
103306,2025-11-13,20,3,376,1,179,20.06,158.94,70,88.94
103306,2025-11-13,6,3,376,1,249,0.0,249.0,120,129.0
103307,2026-03-16,10,4,141,1,149,0.0,149.0,60,89.0
103308,2026-05-16,9,6,165,1,79,0.0,79.0,25,54.0
103308,2026-05-16,7,6,165,1,599,0.0,599.0,260,339.0
103308,2026-05-16,1,6,165,1,999,0.0,999.0,620,379.0
103309,2025-07-24,5,1,141,1,349,0.0,349.0,180,169.0
103310,2026-03-23,8,6,187,2,349,0.0,698.0,300,398.0
103311,2025-06-16,16,7,327,1,39,0.0,39.0,15,24.0
103312,2025-05-11,17,2,301,1,89,0.0,89.0,30,59.0
103313,2026-05-03,15,6,320,2,35,0.0,70.0,24,46.0
103314,2025-02-05,20,10,36,3,179,0.0,537.0,210,327.0
103315,2025-02-16,18,1,74,1,24,0.0,24.0,8,16.0
103315,2025-02-16,5,1,74,1,349,0.0,349.0,180,169.0
103316,2024-11-24,9,6,258,1,79,0.0,79.0,25,54.0
103316,2024-11-24,19,6,258,2,99,0.0,198.0,70,128.0
103317,2025-06-24,19,6,178,1,99,0.0,99.0,35,64.0
103318,2025-07-21,10,1,27,1,149,0.0,149.0,60,89.0
103319,2025-11-07,13,8,208,1,199,0.0,199.0,95,104.0
103320,2025-03-27,19,10,205,2,99,0.0,198.0,70,128.0
103321,2024-09-06,7,9,171,1,599,0.0,599.0,260,339.0
103321,2024-09-06,3,9,171,1,649,0.0,649.0,350,299.0
103322,2026-05-04,14,5,147,1,49,0.0,49.0,18,31.0
103323,2024-12-25,4,10,347,1,399,0.0,399.0,210,189.0
103324,2026-06-22,20,10,126,1,179,0.0,179.0,70,109.0
103325,2024-08-25,1,7,301,1,999,0.0,999.0,620,379.0
103326,2025-08-06,2,10,92,2,799,0.0,1598.0,960,638.0
103327,2025-07-12,13,10,272,1,199,0.0,199.0,95,104.0
103328,2026-03-31,9,1,280,1,79,0.0,79.0,25,54.0
103329,2024-06-09,3,3,221,2,649,0.0,1298.0,700,598.0
103330,2026-06-10,16,2,281,1,39,0.0,39.0,15,24.0
103330,2026-06-10,1,2,281,2,999,0.0,1998.0,1240,758.0
103331,2025-07-07,8,7,103,1,349,0.0,349.0,150,199.0
103332,2025-09-02,3,7,8,1,649,64.55,584.45,350,234.45
103332,2025-09-02,7,7,8,3,599,0.0,1797.0,780,1017.0
103332,2025-09-02,9,7,8,1,79,0.0,79.0,25,54.0
103333,2025-06-15,18,1,293,1,24,0.0,24.0,8,16.0
103333,2025-06-15,12,1,293,1,279,0.0,279.0,140,139.0
103334,2024-02-15,6,6,168,2,249,0.0,498.0,240,258.0
103334,2024-02-15,17,6,168,1,89,0.0,89.0,30,59.0
103335,2025-06-02,5,7,29,2,349,0.0,698.0,360,338.0
103336,2024-10-22,5,8,53,1,349,58.13,290.87,180,110.87
103337,2024-12-22,8,2,89,1,349,0.0,349.0,150,199.0
103337,2024-12-22,15,2,89,2,35,0.0,70.0,24,46.0
103338,2025-10-30,2,5,266,1,799,0.0,799.0,480,319.0
103339,2025-06-02,5,4,273,1,349,0.0,349.0,180,169.0
103340,2024-04-22,10,10,64,2,149,23.89,274.11,120,154.11
103341,2024-03-30,20,2,378,2,179,0.0,358.0,140,218.0
103342,2024-08-02,13,6,19,1,199,0.0,199.0,95,104.0
103343,2024-08-07,9,10,240,1,79,0.0,79.0,25,54.0
103344,2025-09-23,7,1,103,1,599,0.0,599.0,260,339.0
103345,2024-07-24,14,1,277,1,49,10.24,38.76,18,20.76
103346,2026-05-17,7,1,176,1,599,0.0,599.0,260,339.0
103347,2024-08-28,9,3,232,1,79,0.0,79.0,25,54.0
103348,2024-04-19,3,5,369,1,649,110.6,538.4,350,188.4
103349,2026-05-12,2,8,369,1,799,0.0,799.0,480,319.0
103350,2024-11-17,3,8,186,1,649,0.0,649.0,350,299.0
103351,2025-03-21,20,10,169,1,179,0.0,179.0,70,109.0
103352,2026-07-26,10,6,42,1,149,11.65,137.35,60,77.35
103353,2026-07-12,18,7,256,1,24,0.0,24.0,8,16.0
103354,2025-12-15,13,1,234,1,199,0.0,199.0,95,104.0
103355,2024-03-26,11,1,24,2,129,51.66,206.34,90,116.34
103355,2024-03-26,4,1,24,1,399,0.0,399.0,210,189.0
103356,2025-09-09,14,9,108,1,49,0.0,49.0,18,31.0
103357,2026-08-22,17,6,36,1,89,0.0,89.0,30,59.0
103358,2026-07-14,19,10,100,1,99,0.0,99.0,35,64.0
103359,2024-05-06,1,8,240,1,999,0.0,999.0,620,379.0
103360,2025-02-16,12,10,369,2,279,0.0,558.0,280,278.0
103360,2025-02-16,20,10,369,1,179,0.0,179.0,70,109.0
103361,2024-12-03,12,9,261,2,279,0.0,558.0,280,278.0
103362,2024-05-30,12,9,51,1,279,0.0,279.0,140,139.0
103363,2025-12-02,4,9,123,2,399,0.0,798.0,420,378.0
103363,2025-12-02,7,9,123,3,599,0.0,1797.0,780,1017.0
103363,2025-12-02,14,9,123,1,49,9.82,39.18,18,21.18
103364,2024-10-31,1,10,114,2,999,0.0,1998.0,1240,758.0
103365,2024-12-24,14,7,255,2,49,0.0,98.0,36,62.0
103366,2024-04-19,18,1,105,3,24,0.0,72.0,24,48.0
103367,2025-06-02,6,8,35,3,249,51.13,695.87,360,335.87
103368,2024-07-01,14,8,55,1,49,0.0,49.0,18,31.0
103369,2025-03-29,3,5,212,1,649,0.0,649.0,350,299.0
103369,2025-03-29,18,5,212,1,24,0.0,24.0,8,16.0
103370,2024-06-14,9,6,115,1,79,0.0,79.0,25,54.0
103371,2026-07-21,10,4,389,1,149,0.0,149.0,60,89.0
103372,2024-06-16,12,5,321,1,279,0.0,279.0,140,139.0
103373,2025-06-27,11,8,94,1,129,0.0,129.0,45,84.0
103374,2024-08-14,3,10,145,1,649,0.0,649.0,350,299.0
103375,2024-04-03,1,10,159,2,999,0.0,1998.0,1240,758.0
103376,2024-08-20,16,4,95,2,39,0.0,78.0,30,48.0
103376,2024-08-20,6,4,95,1,249,0.0,249.0,120,129.0
103377,2024-03-09,9,3,331,2,79,0.0,158.0,50,108.0
103377,2024-03-09,5,3,331,1,349,28.47,320.53,180,140.53
103378,2024-06-10,8,5,306,1,349,0.0,349.0,150,199.0
103379,2025-05-29,19,1,314,1,99,0.0,99.0,35,64.0
103379,2025-05-29,6,1,314,3,249,0.0,747.0,360,387.0
103380,2025-11-01,20,1,327,1,179,0.0,179.0,70,109.0
103381,2024-04-15,12,9,28,1,279,0.0,279.0,140,139.0
103382,2025-04-07,14,5,239,1,49,0.0,49.0,18,31.0
103383,2025-08-28,6,4,133,1,249,41.74,207.26,120,87.26
103384,2024-09-23,4,4,279,1,399,68.4,330.6,210,120.6
103385,2025-01-19,11,10,37,2,129,0.0,258.0,90,168.0
103386,2024-03-29,11,10,12,1,129,0.0,129.0,45,84.0
103386,2024-03-29,5,10,12,1,349,0.0,349.0,180,169.0
103387,2024-09-08,13,2,317,1,199,0.0,199.0,95,104.0
103388,2025-05-03,2,2,284,1,799,0.0,799.0,480,319.0
103389,2026-08-23,17,8,13,1,89,0.0,89.0,30,59.0
103389,2026-08-23,6,8,13,1,249,37.33,211.67,120,91.67
103390,2026-08-28,15,1,393,1,35,6.72,28.28,12,16.28
103391,2026-08-13,13,6,38,1,199,0.0,199.0,95,104.0
103392,2025-03-19,10,2,136,1,149,0.0,149.0,60,89.0
103393,2024-04-08,10,2,110,1,149,0.0,149.0,60,89.0
103394,2024-12-08,17,8,41,1,89,0.0,89.0,30,59.0
103394,2024-12-08,20,8,41,2,179,0.0,358.0,140,218.0
103395,2024-09-27,11,5,24,1,129,0.0,129.0,45,84.0
103395,2024-09-27,19,5,24,1,99,8.07,90.93,35,55.93
103396,2024-01-18,4,7,63,1,399,0.0,399.0,210,189.0
103397,2024-04-24,5,8,359,2,349,0.0,698.0,360,338.0
103397,2024-04-24,16,8,359,1,39,0.0,39.0,15,24.0
103398,2025-04-19,18,9,255,1,24,0.0,24.0,8,16.0
103398,2025-04-19,1,9,255,1,999,0.0,999.0,620,379.0
103399,2024-12-20,10,1,262,2,149,62.8,235.2,120,115.2
103400,2024-07-26,4,2,24,2,399,0.0,798.0,420,378.0
103400,2024-07-26,1,2,24,1,999,0.0,999.0,620,379.0
103401,2025-12-16,5,3,320,1,349,0.0,349.0,180,169.0
103401,2025-12-16,13,3,320,1,199,0.0,199.0,95,104.0
103402,2025-01-02,17,2,148,1,89,0.0,89.0,30,59.0
103402,2025-01-02,14,2,148,2,49,0.0,98.0,36,62.0
103403,2026-04-21,20,5,185,1,179,22.96,156.04,70,86.04
103404,2024-09-30,11,3,86,1,129,0.0,129.0,45,84.0
103405,2025-07-14,11,8,211,2,129,33.79,224.21,90,134.21
103406,2024-07-31,14,4,218,1,49,0.0,49.0,18,31.0
103407,2025-05-31,14,8,326,2,49,0.0,98.0,36,62.0
103408,2024-06-24,15,2,226,1,35,0.0,35.0,12,23.0
103408,2024-06-24,17,2,226,1,89,0.0,89.0,30,59.0
103409,2024-07-05,9,10,260,2,79,13.6,144.4,50,94.4
103410,2025-09-27,3,9,68,2,649,0.0,1298.0,700,598.0
103411,2024-10-22,19,5,12,1,99,0.0,99.0,35,64.0
103411,2024-10-22,10,5,12,1,149,0.0,149.0,60,89.0
103412,2024-07-17,13,3,244,1,199,0.0,199.0,95,104.0
103413,2026-06-28,3,2,292,1,649,0.0,649.0,350,299.0
103413,2026-06-28,11,2,292,1,129,0.0,129.0,45,84.0
103413,2026-06-28,7,2,292,1,599,0.0,599.0,260,339.0
103414,2024-02-24,1,6,394,1,999,0.0,999.0,620,379.0
103415,2025-08-12,8,6,44,2,349,95.08,602.92,300,302.92
103416,2025-07-25,2,3,81,1,799,103.65,695.35,480,215.35
103417,2024-10-09,9,4,28,1,79,0.0,79.0,25,54.0
103418,2025-04-19,20,4,183,1,179,38.47,140.53,70,70.53
103419,2024-04-16,18,2,309,1,24,0.0,24.0,8,16.0
103420,2025-12-20,6,3,186,2,249,0.0,498.0,240,258.0
103421,2024-09-10,20,10,346,1,179,0.0,179.0,70,109.0
103422,2024-08-10,19,9,338,1,99,0.0,99.0,35,64.0
103423,2024-12-02,12,6,365,1,279,0.0,279.0,140,139.0
103424,2026-06-03,20,6,358,1,179,0.0,179.0,70,109.0
103425,2026-03-01,9,5,343,1,79,0.0,79.0,25,54.0
103426,2026-07-14,16,10,53,1,39,2.77,36.23,15,21.23
103427,2025-11-01,3,1,255,3,649,0.0,1947.0,1050,897.0
103428,2025-11-09,12,6,157,1,279,0.0,279.0,140,139.0
103428,2025-11-09,3,6,157,2,649,0.0,1298.0,700,598.0
103429,2025-05-16,11,10,111,1,129,0.0,129.0,45,84.0
103430,2026-06-06,1,3,194,1,999,0.0,999.0,620,379.0
103431,2025-06-16,11,10,208,1,129,0.0,129.0,45,84.0
103431,2025-06-16,9,10,208,1,79,0.0,79.0,25,54.0
103432,2024-12-31,20,5,1,1,179,21.52,157.48,70,87.48
103433,2025-10-22,12,10,202,1,279,0.0,279.0,140,139.0
103434,2025-07-23,8,2,189,1,349,0.0,349.0,150,199.0
103435,2024-05-24,12,3,73,1,279,0.0,279.0,140,139.0
103435,2024-05-24,7,3,73,1,599,0.0,599.0,260,339.0
103436,2025-02-12,10,3,254,2,149,0.0,298.0,120,178.0
103437,2024-12-01,9,2,139,1,79,0.0,79.0,25,54.0
103437,2024-12-01,20,2,139,1,179,0.0,179.0,70,109.0
103438,2026-04-16,16,7,134,2,39,15.82,62.18,30,32.18
103439,2025-01-27,7,7,261,1,599,0.0,599.0,260,339.0
103439,2025-01-27,18,7,261,1,24,0.0,24.0,8,16.0
103440,2026-03-24,16,6,272,1,39,0.0,39.0,15,24.0
103440,2026-03-24,17,6,272,1,89,17.42,71.58,30,41.58
103441,2025-04-08,2,2,348,1,799,0.0,799.0,480,319.0
103442,2026-01-15,13,10,315,1,199,17.62,181.38,95,86.38
103443,2024-06-05,15,7,39,1,35,0.0,35.0,12,23.0
103443,2024-06-05,16,7,39,1,39,0.0,39.0,15,24.0
103444,2026-06-23,3,5,124,1,649,0.0,649.0,350,299.0
103445,2025-05-16,6,10,6,2,249,0.0,498.0,240,258.0
103446,2024-10-18,15,8,71,2,35,0.0,70.0,24,46.0
103446,2024-10-18,10,8,71,1,149,0.0,149.0,60,89.0
103447,2024-10-01,1,2,171,1,999,0.0,999.0,620,379.0
103448,2024-10-23,7,6,314,1,599,47.68,551.32,260,291.32
103449,2025-01-13,19,8,301,1,99,0.0,99.0,35,64.0
103450,2025-12-17,15,3,392,3,35,0.0,105.0,36,69.0
103451,2026-07-17,5,3,269,1,349,67.97,281.03,180,101.03
103452,2025-11-14,18,8,321,2,24,3.59,44.41,16,28.41
103453,2025-07-24,8,2,25,1,349,0.0,349.0,150,199.0
103454,2025-04-15,18,3,257,2,24,0.0,48.0,16,32.0
103455,2026-03-31,3,7,131,2,649,0.0,1298.0,700,598.0
103456,2026-04-19,15,2,181,2,35,0.0,70.0,24,46.0
103457,2024-11-15,12,7,43,1,279,0.0,279.0,140,139.0
103458,2026-07-20,4,8,370,1,399,77.79,321.21,210,111.21
103459,2025-02-15,2,9,305,1,799,0.0,799.0,480,319.0
103460,2026-03-04,6,2,155,2,249,0.0,498.0,240,258.0
103460,2026-03-04,10,2,155,1,149,0.0,149.0,60,89.0
103461,2026-08-02,12,1,11,1,279,0.0,279.0,140,139.0
103462,2025-12-08,6,7,219,1,249,0.0,249.0,120,129.0
103463,2024-07-05,12,7,66,2,279,0.0,558.0,280,278.0
103463,2024-07-05,15,7,66,2,35,0.0,70.0,24,46.0
103464,2025-09-02,20,6,159,1,179,0.0,179.0,70,109.0
103465,2024-05-19,7,4,101,1,599,0.0,599.0,260,339.0
103466,2026-02-21,3,10,228,1,649,88.98,560.02,350,210.02
103467,2024-11-06,9,2,321,1,79,0.0,79.0,25,54.0
103468,2025-12-02,20,7,153,1,179,0.0,179.0,70,109.0
103469,2026-06-10,11,10,269,1,129,0.0,129.0,45,84.0
103469,2026-06-10,2,10,269,1,799,0.0,799.0,480,319.0
103469,2026-06-10,18,10,269,2,24,0.0,48.0,16,32.0
103470,2024-07-27,9,8,93,2,79,34.57,123.43,50,73.43
103470,2024-07-27,16,8,93,1,39,0.0,39.0,15,24.0
103471,2025-02-13,18,8,70,1,24,0.0,24.0,8,16.0
103472,2025-10-28,9,10,302,2,79,0.0,158.0,50,108.0
103473,2025-03-15,14,4,148,2,49,0.0,98.0,36,62.0
103474,2024-07-20,7,10,353,1,599,0.0,599.0,260,339.0
103474,2024-07-20,5,10,353,2,349,0.0,698.0,360,338.0
103475,2024-02-06,16,6,51,1,39,0.0,39.0,15,24.0
103475,2024-02-06,13,6,51,2,199,0.0,398.0,190,208.0
103476,2025-03-01,10,9,22,1,149,0.0,149.0,60,89.0
103477,2025-10-30,7,3,200,1,599,0.0,599.0,260,339.0
103478,2025-08-21,12,6,287,1,279,0.0,279.0,140,139.0
103479,2024-06-29,16,6,86,1,39,0.0,39.0,15,24.0
103479,2024-06-29,8,6,86,1,349,0.0,349.0,150,199.0
103480,2025-04-17,9,1,268,1,79,8.08,70.92,25,45.92
103481,2025-01-16,20,4,243,1,179,0.0,179.0,70,109.0
103481,2025-01-16,4,4,243,1,399,0.0,399.0,210,189.0
103482,2024-11-01,5,2,70,1,349,46.06,302.94,180,122.94
103483,2025-12-25,18,2,97,1,24,0.0,24.0,8,16.0
103483,2025-12-25,2,2,97,1,799,0.0,799.0,480,319.0
103484,2024-11-28,10,1,132,2,149,0.0,298.0,120,178.0
103485,2025-07-16,20,8,282,1,179,0.0,179.0,70,109.0
103486,2026-06-22,11,10,136,1,129,0.0,129.0,45,84.0
103487,2025-07-15,18,1,121,1,24,5.81,18.19,8,10.19
103488,2025-10-02,9,1,204,1,79,0.0,79.0,25,54.0
103489,2024-03-31,20,2,119,1,179,0.0,179.0,70,109.0
103490,2024-07-24,4,9,99,1,399,0.0,399.0,210,189.0
103491,2024-04-30,12,10,177,2,279,135.44,422.56,280,142.56
103492,2026-01-26,16,1,326,1,39,0.0,39.0,15,24.0
103493,2026-04-07,5,1,47,1,349,0.0,349.0,180,169.0
103494,2024-08-02,8,8,23,1,349,0.0,349.0,150,199.0
103495,2024-09-07,12,1,123,1,279,0.0,279.0,140,139.0
103496,2024-12-08,6,1,133,1,249,0.0,249.0,120,129.0
103497,2025-09-07,8,10,339,1,349,0.0,349.0,150,199.0
103498,2025-10-06,3,1,262,1,649,0.0,649.0,350,299.0
103498,2025-10-06,2,1,262,1,799,0.0,799.0,480,319.0
103499,2025-11-26,3,8,383,1,649,0.0,649.0,350,299.0
103500,2026-06-06,5,6,172,1,349,0.0,349.0,180,169.0
103501,2024-11-17,5,8,113,2,349,0.0,698.0,360,338.0
103502,2025-11-06,2,10,116,1,799,0.0,799.0,480,319.0
103503,2025-08-06,1,1,341,2,999,248.82,1749.18,1240,509.18
103504,2024-11-25,6,4,237,2,249,0.0,498.0,240,258.0
103505,2026-06-08,13,8,301,1,199,0.0,199.0,95,104.0
103505,2026-06-08,7,8,301,1,599,115.37,483.63,260,223.63
103506,2024-04-24,20,5,172,1,179,16.46,162.54,70,92.54
103507,2025-12-13,20,6,23,2,179,0.0,358.0,140,218.0
103508,2025-12-24,18,3,186,1,24,0.0,24.0,8,16.0
103508,2025-12-24,4,3,186,1,399,78.62,320.38,210,110.38
103509,2026-06-15,6,2,203,1,249,0.0,249.0,120,129.0
103510,2025-06-23,5,4,353,1,349,0.0,349.0,180,169.0
103511,2024-12-07,6,3,41,1,249,0.0,249.0,120,129.0
103512,2026-03-30,1,2,12,1,999,0.0,999.0,620,379.0
103513,2026-02-01,1,8,69,1,999,0.0,999.0,620,379.0
103514,2025-06-05,11,6,93,1,129,0.0,129.0,45,84.0
103515,2026-01-29,12,3,35,2,279,94.96,463.04,280,183.04
103516,2024-10-26,9,7,396,1,79,0.0,79.0,25,54.0
103517,2025-09-05,20,2,319,1,179,0.0,179.0,70,109.0
103518,2026-05-03,8,10,246,1,349,0.0,349.0,150,199.0
103519,2024-12-04,6,10,141,1,249,0.0,249.0,120,129.0
103520,2025-05-19,7,9,116,1,599,0.0,599.0,260,339.0
103521,2026-07-18,9,8,147,2,79,0.0,158.0,50,108.0
103521,2026-07-18,2,8,147,1,799,0.0,799.0,480,319.0
103522,2026-03-02,9,5,267,1,79,13.7,65.3,25,40.3
103523,2026-05-21,18,3,338,1,24,0.0,24.0,8,16.0
103524,2025-02-03,16,9,17,1,39,0.0,39.0,15,24.0
103524,2025-02-03,19,9,17,2,99,0.0,198.0,70,128.0
103525,2026-08-28,12,2,369,1,279,0.0,279.0,140,139.0
103526,2024-06-24,8,3,137,1,349,0.0,349.0,150,199.0
103527,2025-06-24,15,2,62,1,35,0.0,35.0,12,23.0
103528,2025-05-15,6,10,235,1,249,59.56,189.44,120,69.44
103529,2026-03-03,13,6,306,1,199,0.0,199.0,95,104.0
103529,2026-03-03,19,6,306,2,99,0.0,198.0,70,128.0
103530,2026-06-09,4,1,148,2,399,0.0,798.0,420,378.0
103531,2025-12-26,10,1,62,1,149,0.0,149.0,60,89.0
103532,2025-10-10,1,1,88,2,999,0.0,1998.0,1240,758.0
103533,2025-03-24,12,10,319,1,279,0.0,279.0,140,139.0
103534,2025-06-15,18,4,330,1,24,0.0,24.0,8,16.0
103535,2025-06-14,13,1,142,1,199,0.0,199.0,95,104.0
103535,2025-06-14,12,1,142,1,279,0.0,279.0,140,139.0
103536,2024-01-26,8,9,227,1,349,0.0,349.0,150,199.0
103536,2024-01-26,3,9,227,1,649,44.65,604.35,350,254.35
103537,2025-06-08,19,8,177,1,99,0.0,99.0,35,64.0
103538,2026-04-25,2,4,385,1,799,0.0,799.0,480,319.0
103539,2025-12-12,13,7,264,1,199,10.4,188.6,95,93.6
103539,2025-12-12,12,7,264,1,279,68.39,210.61,140,70.61
103540,2026-02-28,11,8,56,1,129,0.0,129.0,45,84.0
103540,2026-02-28,15,8,56,3,35,0.0,105.0,36,69.0
103540,2026-02-28,14,8,56,1,49,0.0,49.0,18,31.0
103541,2025-02-10,10,10,182,1,149,0.0,149.0,60,89.0
103541,2025-02-10,8,10,182,1,349,46.51,302.49,150,152.49
103542,2025-07-04,11,9,155,1,129,0.0,129.0,45,84.0
103543,2024-02-11,19,5,31,1,99,0.0,99.0,35,64.0
103543,2024-02-11,11,5,31,1,129,0.0,129.0,45,84.0
103544,2025-02-01,15,6,201,1,35,0.0,35.0,12,23.0
103545,2025-05-10,20,4,377,1,179,0.0,179.0,70,109.0
103546,2024-10-14,20,2,70,1,179,0.0,179.0,70,109.0
103547,2024-02-08,11,7,110,1,129,0.0,129.0,45,84.0
103548,2025-11-29,1,5,287,1,999,0.0,999.0,620,379.0
103549,2025-04-01,16,8,366,3,39,0.0,117.0,45,72.0
103550,2025-03-11,2,8,49,1,799,0.0,799.0,480,319.0
103551,2024-10-09,10,6,348,1,149,0.0,149.0,60,89.0
103552,2025-07-14,2,4,77,1,799,0.0,799.0,480,319.0
103553,2025-04-04,9,2,223,1,79,0.0,79.0,25,54.0
103554,2025-05-10,8,8,229,1,349,0.0,349.0,150,199.0
103554,2025-05-10,1,8,229,1,999,0.0,999.0,620,379.0
103554,2025-05-10,14,8,229,1,49,0.0,49.0,18,31.0
103555,2025-08-28,17,8,271,1,89,0.0,89.0,30,59.0
103555,2025-08-28,4,8,271,3,399,0.0,1197.0,630,567.0
103556,2024-01-08,15,8,212,1,35,0.0,35.0,12,23.0
103557,2026-06-08,3,2,69,1,649,0.0,649.0,350,299.0
103558,2024-03-28,5,10,139,1,349,0.0,349.0,180,169.0
103559,2025-04-17,20,6,51,2,179,0.0,358.0,140,218.0
103560,2024-08-26,10,2,125,1,149,0.0,149.0,60,89.0
103561,2025-06-29,20,2,30,1,179,37.57,141.43,70,71.43
103562,2024-11-05,4,4,317,1,399,84.06,314.94,210,104.94
103563,2026-04-28,20,5,156,3,179,0.0,537.0,210,327.0
103564,2025-02-17,12,10,376,1,279,0.0,279.0,140,139.0
103564,2025-02-17,16,10,376,1,39,0.0,39.0,15,24.0
103565,2025-10-21,12,1,157,1,279,0.0,279.0,140,139.0
103566,2024-10-08,10,3,387,1,149,0.0,149.0,60,89.0
103567,2024-01-24,16,1,382,3,39,0.0,117.0,45,72.0
103567,2024-01-24,4,1,382,1,399,25.89,373.11,210,163.11
103568,2025-02-26,20,5,75,1,179,0.0,179.0,70,109.0
103569,2025-07-12,6,1,191,1,249,0.0,249.0,120,129.0
103569,2025-07-12,20,1,191,1,179,33.5,145.5,70,75.5
103569,2025-07-12,1,1,191,1,999,0.0,999.0,620,379.0
103570,2025-04-26,13,9,380,1,199,0.0,199.0,95,104.0
103571,2026-07-28,20,9,20,1,179,0.0,179.0,70,109.0
103572,2025-12-10,1,8,138,1,999,0.0,999.0,620,379.0
103573,2026-08-28,3,9,327,2,649,0.0,1298.0,700,598.0
103574,2024-11-17,11,2,288,1,129,30.53,98.47,45,53.47
103575,2026-02-21,15,10,287,1,35,0.0,35.0,12,23.0
103575,2026-02-21,6,10,287,1,249,45.86,203.14,120,83.14
103576,2025-08-02,11,2,324,1,129,0.0,129.0,45,84.0
103577,2025-09-27,12,2,250,1,279,0.0,279.0,140,139.0
103578,2026-08-19,2,10,172,1,799,0.0,799.0,480,319.0
103579,2025-11-03,19,6,341,2,99,23.54,174.46,70,104.46
103579,2025-11-03,20,6,341,2,179,0.0,358.0,140,218.0
103580,2026-05-31,6,10,117,1,249,0.0,249.0,120,129.0
103580,2026-05-31,13,10,117,1,199,0.0,199.0,95,104.0
103581,2025-12-23,7,1,215,1,599,0.0,599.0,260,339.0
103582,2024-05-28,9,8,190,1,79,0.0,79.0,25,54.0
103583,2025-12-05,16,7,97,1,39,0.0,39.0,15,24.0
103584,2025-05-20,18,6,82,1,24,0.0,24.0,8,16.0
103585,2026-06-18,14,1,72,1,49,3.67,45.33,18,27.33
103586,2026-03-10,9,2,123,1,79,0.0,79.0,25,54.0
103586,2026-03-10,6,2,123,1,249,0.0,249.0,120,129.0
103586,2026-03-10,17,2,123,1,89,0.0,89.0,30,59.0
103587,2024-05-04,8,6,17,1,349,0.0,349.0,150,199.0
103588,2024-06-04,20,8,163,1,179,0.0,179.0,70,109.0
103589,2024-03-26,14,4,328,1,49,0.0,49.0,18,31.0
103589,2024-03-26,20,4,328,1,179,0.0,179.0,70,109.0
103589,2024-03-26,8,4,328,1,349,0.0,349.0,150,199.0
103590,2025-05-29,10,10,287,2,149,50.45,247.55,120,127.55
103590,2025-05-29,16,10,287,1,39,0.0,39.0,15,24.0
103591,2024-04-08,18,8,151,1,24,4.22,19.78,8,11.78
103592,2025-12-21,5,2,334,1,349,0.0,349.0,180,169.0
103593,2025-07-29,10,9,50,1,149,0.0,149.0,60,89.0
103593,2025-07-29,3,9,50,1,649,0.0,649.0,350,299.0
103593,2025-07-29,2,9,50,1,799,0.0,799.0,480,319.0
103594,2026-04-07,7,4,45,1,599,0.0,599.0,260,339.0
103594,2026-04-07,19,4,45,1,99,8.11,90.89,35,55.89
103595,2024-11-05,10,2,356,1,149,0.0,149.0,60,89.0
103596,2025-06-24,19,8,300,1,99,7.7,91.3,35,56.3
103597,2024-05-18,1,6,173,1,999,0.0,999.0,620,379.0
103598,2026-05-19,16,1,145,2,39,13.53,64.47,30,34.47
103599,2024-07-20,15,7,341,1,35,0.0,35.0,12,23.0
103600,2024-05-02,18,7,131,1,24,0.0,24.0,8,16.0
103601,2024-08-23,1,8,47,1,999,58.95,940.05,620,320.05
103601,2024-08-23,4,8,47,1,399,0.0,399.0,210,189.0
103602,2026-03-10,20,9,232,1,179,0.0,179.0,70,109.0
103603,2024-05-05,18,8,284,2,24,0.0,48.0,16,32.0
103604,2025-09-29,20,5,41,1,179,0.0,179.0,70,109.0
103604,2025-09-29,8,5,41,1,349,0.0,349.0,150,199.0
103605,2026-01-08,13,1,310,1,199,12.33,186.67,95,91.67
103605,2026-01-08,1,1,310,1,999,0.0,999.0,620,379.0
103606,2026-01-13,1,2,159,1,999,209.0,790.0,620,170.0
103607,2024-08-06,18,7,166,1,24,0.0,24.0,8,16.0
103608,2024-03-17,3,8,66,1,649,0.0,649.0,350,299.0
103608,2024-03-17,17,8,66,1,89,0.0,89.0,30,59.0
103609,2025-04-15,10,10,18,1,149,25.14,123.86,60,63.86
103610,2024-08-20,20,2,125,1,179,0.0,179.0,70,109.0
103611,2025-12-05,4,2,297,1,399,0.0,399.0,210,189.0
103612,2025-01-02,17,9,198,1,89,0.0,89.0,30,59.0
103613,2025-04-15,3,1,392,1,649,0.0,649.0,350,299.0
103613,2025-04-15,10,1,392,1,149,0.0,149.0,60,89.0
103614,2024-05-13,17,6,208,1,89,0.0,89.0,30,59.0
103615,2025-08-14,17,10,310,1,89,0.0,89.0,30,59.0
103616,2024-08-01,4,6,223,1,399,0.0,399.0,210,189.0
103617,2025-11-21,20,6,124,1,179,0.0,179.0,70,109.0
103617,2025-11-21,18,6,124,1,24,0.0,24.0,8,16.0
103618,2024-03-28,8,3,92,1,349,0.0,349.0,150,199.0
103619,2026-08-10,16,1,224,1,39,0.0,39.0,15,24.0
103620,2025-11-25,8,3,265,1,349,85.85,263.15,150,113.15
103621,2024-07-28,15,5,300,1,35,4.39,30.61,12,18.61
103622,2024-01-18,8,9,65,2,349,0.0,698.0,300,398.0
103623,2024-12-16,20,1,168,1,179,0.0,179.0,70,109.0
103623,2024-12-16,18,1,168,2,24,4.52,43.48,16,27.48
103624,2024-06-25,2,9,36,2,799,322.0,1276.0,960,316.0
103624,2024-06-25,9,9,36,1,79,0.0,79.0,25,54.0
103624,2024-06-25,12,9,36,1,279,0.0,279.0,140,139.0
103625,2024-09-06,1,10,119,1,999,0.0,999.0,620,379.0
103625,2024-09-06,18,10,119,1,24,1.88,22.12,8,14.12
103626,2026-05-09,7,2,58,3,599,0.0,1797.0,780,1017.0
103627,2025-09-18,9,7,376,2,79,0.0,158.0,50,108.0
103628,2024-07-22,2,10,174,1,799,0.0,799.0,480,319.0
103629,2025-08-03,20,2,321,1,179,10.87,168.13,70,98.13
103629,2025-08-03,4,2,321,1,399,53.87,345.13,210,135.13
103630,2024-10-14,13,1,81,1,199,0.0,199.0,95,104.0
103630,2024-10-14,2,1,81,1,799,0.0,799.0,480,319.0
103631,2026-08-10,17,9,374,1,89,0.0,89.0,30,59.0
103632,2024-02-10,18,6,268,1,24,0.0,24.0,8,16.0
103632,2024-02-10,14,6,268,2,49,0.0,98.0,36,62.0
103633,2025-12-27,17,8,47,1,89,11.22,77.78,30,47.78
103633,2025-12-27,15,8,47,1,35,0.0,35.0,12,23.0
103633,2025-12-27,13,8,47,2,199,58.9,339.1,190,149.1
103634,2026-02-04,20,8,246,1,179,0.0,179.0,70,109.0
103635,2024-03-24,2,1,289,1,799,0.0,799.0,480,319.0
103635,2024-03-24,15,1,289,2,35,15.04,54.96,24,30.96
103636,2024-07-17,18,9,241,2,24,0.0,48.0,16,32.0
103636,2024-07-17,4,9,241,2,399,0.0,798.0,420,378.0
103637,2025-02-02,5,3,300,2,349,0.0,698.0,360,338.0
103638,2026-05-05,6,10,214,1,249,0.0,249.0,120,129.0
103639,2025-07-13,18,6,233,2,24,0.0,48.0,16,32.0
103639,2025-07-13,19,6,233,1,99,0.0,99.0,35,64.0
103639,2025-07-13,17,6,233,1,89,0.0,89.0,30,59.0
103640,2025-11-04,12,3,304,1,279,26.46,252.54,140,112.54
103641,2026-02-14,18,8,270,1,24,0.0,24.0,8,16.0
103642,2026-03-31,5,8,67,1,349,0.0,349.0,180,169.0
103642,2026-03-31,14,8,67,1,49,0.0,49.0,18,31.0
103642,2026-03-31,1,8,67,1,999,0.0,999.0,620,379.0
103643,2025-05-12,8,2,64,1,349,0.0,349.0,150,199.0
103644,2025-06-13,13,4,232,1,199,0.0,199.0,95,104.0
103644,2025-06-13,4,4,232,1,399,0.0,399.0,210,189.0
103645,2025-12-18,1,10,121,1,999,0.0,999.0,620,379.0
103646,2024-10-21,8,8,300,1,349,0.0,349.0,150,199.0
103647,2026-04-23,4,2,162,1,399,0.0,399.0,210,189.0
103647,2026-04-23,13,2,162,1,199,0.0,199.0,95,104.0
103647,2026-04-23,20,2,162,2,179,0.0,358.0,140,218.0
103648,2024-01-26,12,2,214,1,279,15.31,263.69,140,123.69
103649,2024-08-13,14,6,367,2,49,0.0,98.0,36,62.0
103650,2026-03-04,5,4,254,3,349,0.0,1047.0,540,507.0
103650,2026-03-04,11,4,254,1,129,0.0,129.0,45,84.0
103651,2024-12-20,2,10,379,1,799,0.0,799.0,480,319.0
103652,2024-06-21,13,4,106,1,199,20.27,178.73,95,83.73
103653,2024-08-03,8,3,214,1,349,0.0,349.0,150,199.0
103654,2025-07-06,5,5,324,1,349,0.0,349.0,180,169.0
103655,2026-04-16,16,2,156,2,39,0.0,78.0,30,48.0
103655,2026-04-16,19,2,156,1,99,0.0,99.0,35,64.0
103655,2026-04-16,13,2,156,1,199,24.97,174.03,95,79.03
103656,2024-03-28,5,7,289,1,349,0.0,349.0,180,169.0
103656,2024-03-28,19,7,289,2,99,12.39,185.61,70,115.61
103657,2024-02-07,15,1,356,1,35,0.0,35.0,12,23.0
103657,2024-02-07,9,1,356,1,79,0.0,79.0,25,54.0
103657,2024-02-07,18,1,356,1,24,5.16,18.84,8,10.84
103658,2025-05-02,12,8,132,1,279,0.0,279.0,140,139.0
103659,2026-07-23,18,5,229,1,24,0.0,24.0,8,16.0
103659,2026-07-23,20,5,229,1,179,0.0,179.0,70,109.0
103660,2024-11-04,2,4,71,1,799,88.88,710.12,480,230.12
103661,2026-07-26,3,1,363,1,649,0.0,649.0,350,299.0
103662,2026-05-22,1,3,46,1,999,218.86,780.14,620,160.14
103662,2026-05-22,14,3,46,1,49,0.0,49.0,18,31.0
103663,2024-11-08,4,9,274,1,399,0.0,399.0,210,189.0
103664,2026-03-20,15,9,81,2,35,0.0,70.0,24,46.0
103665,2025-11-26,12,6,255,1,279,0.0,279.0,140,139.0
103666,2025-06-17,8,2,224,1,349,69.44,279.56,150,129.56
103666,2025-06-17,14,2,224,1,49,0.0,49.0,18,31.0
103667,2025-03-19,18,6,94,1,24,0.0,24.0,8,16.0
103667,2025-03-19,11,6,94,1,129,0.0,129.0,45,84.0
103668,2026-03-19,6,6,286,1,249,0.0,249.0,120,129.0
103669,2026-02-25,19,4,172,2,99,0.0,198.0,70,128.0
103670,2026-01-19,10,1,203,1,149,0.0,149.0,60,89.0
103671,2026-08-30,17,10,214,1,89,0.0,89.0,30,59.0
103672,2025-05-14,13,10,37,1,199,0.0,199.0,95,104.0
103673,2026-03-11,17,9,379,1,89,0.0,89.0,30,59.0
103674,2026-04-30,5,5,308,2,349,0.0,698.0,360,338.0
103675,2024-08-30,18,8,303,1,24,0.0,24.0,8,16.0
103676,2024-02-23,7,1,16,2,599,0.0,1198.0,520,678.0
103677,2025-02-27,6,10,133,1,249,0.0,249.0,120,129.0
103677,2025-02-27,5,10,133,1,349,0.0,349.0,180,169.0
103678,2026-04-25,10,9,318,2,149,0.0,298.0,120,178.0
103678,2026-04-25,6,9,318,1,249,0.0,249.0,120,129.0
103679,2024-11-12,19,6,73,1,99,0.0,99.0,35,64.0
103679,2024-11-12,14,6,73,2,49,5.24,92.76,36,56.76
103680,2025-12-05,16,4,145,1,39,0.0,39.0,15,24.0
103681,2024-01-10,11,8,271,2,129,0.0,258.0,90,168.0
103682,2024-12-31,9,7,360,1,79,0.0,79.0,25,54.0
103683,2025-09-30,9,2,377,1,79,0.0,79.0,25,54.0
103683,2025-09-30,15,2,377,1,35,0.0,35.0,12,23.0
103684,2024-05-30,2,3,376,1,799,0.0,799.0,480,319.0
103685,2026-05-29,11,3,99,1,129,0.0,129.0,45,84.0
103686,2024-06-29,6,8,398,1,249,0.0,249.0,120,129.0
103686,2024-06-29,13,8,398,2,199,0.0,398.0,190,208.0
103687,2026-06-10,19,5,143,1,99,0.0,99.0,35,64.0
103688,2024-09-04,15,8,330,1,35,0.0,35.0,12,23.0
103689,2026-08-26,18,2,171,1,24,1.82,22.18,8,14.18
103690,2025-09-20,14,5,35,1,49,5.36,43.64,18,25.64
103691,2024-04-12,4,8,386,2,399,0.0,798.0,420,378.0
103691,2024-04-12,17,8,386,1,89,0.0,89.0,30,59.0
103692,2024-03-21,16,7,178,1,39,5.2,33.8,15,18.8
103693,2024-04-02,10,8,302,1,149,0.0,149.0,60,89.0
103693,2024-04-02,5,8,302,1,349,0.0,349.0,180,169.0
103694,2025-09-06,16,8,361,1,39,0.0,39.0,15,24.0
103694,2025-09-06,17,8,361,1,89,0.0,89.0,30,59.0
103695,2026-03-13,10,4,294,1,149,0.0,149.0,60,89.0
103696,2025-02-25,2,10,285,2,799,0.0,1598.0,960,638.0
103697,2025-04-11,8,3,234,2,349,68.72,629.28,300,329.28
103698,2025-09-05,9,7,186,1,79,0.0,79.0,25,54.0
103699,2025-07-09,6,7,263,3,249,0.0,747.0,360,387.0
103700,2025-11-27,20,9,77,2,179,0.0,358.0,140,218.0
103701,2025-05-08,15,2,164,1,35,0.0,35.0,12,23.0
103701,2025-05-08,3,2,164,1,649,0.0,649.0,350,299.0
103702,2025-12-15,17,8,267,1,89,16.9,72.1,30,42.1
103702,2025-12-15,5,8,267,2,349,162.42,535.58,360,175.58
103703,2026-08-29,19,10,137,1,99,0.0,99.0,35,64.0
103703,2026-08-29,4,10,137,2,399,0.0,798.0,420,378.0
103704,2024-12-28,15,5,20,1,35,0.0,35.0,12,23.0
103705,2024-01-16,10,9,181,1,149,0.0,149.0,60,89.0
103705,2024-01-16,18,9,181,2,24,0.0,48.0,16,32.0
103706,2024-05-26,6,7,369,1,249,0.0,249.0,120,129.0
103707,2025-07-31,9,1,351,2,79,0.0,158.0,50,108.0
103708,2024-12-23,13,5,400,1,199,0.0,199.0,95,104.0
103709,2026-07-08,1,6,191,1,999,0.0,999.0,620,379.0
103709,2026-07-08,5,6,191,2,349,34.92,663.08,360,303.08
103710,2025-10-11,6,1,83,1,249,0.0,249.0,120,129.0
103711,2025-06-25,19,4,216,1,99,0.0,99.0,35,64.0
103712,2026-03-02,4,1,111,2,399,0.0,798.0,420,378.0
103713,2024-10-17,10,6,11,1,149,37.01,111.99,60,51.99
103714,2026-03-23,14,4,249,1,49,0.0,49.0,18,31.0
103715,2024-01-04,3,10,329,1,649,0.0,649.0,350,299.0
103716,2025-10-04,3,5,235,1,649,0.0,649.0,350,299.0
103716,2025-10-04,6,5,235,2,249,0.0,498.0,240,258.0
103717,2026-07-03,12,7,175,1,279,0.0,279.0,140,139.0
103718,2026-02-20,8,9,120,2,349,0.0,698.0,300,398.0
103719,2026-04-22,6,10,179,2,249,0.0,498.0,240,258.0
103719,2026-04-22,1,10,179,1,999,0.0,999.0,620,379.0
103720,2025-02-18,13,3,80,1,199,0.0,199.0,95,104.0
103720,2025-02-18,7,3,80,1,599,0.0,599.0,260,339.0
103721,2026-03-27,1,9,323,2,999,0.0,1998.0,1240,758.0
103722,2025-07-28,11,2,141,1,129,25.16,103.84,45,58.84
103723,2025-10-03,11,10,228,1,129,0.0,129.0,45,84.0
103724,2024-03-14,7,9,212,1,599,0.0,599.0,260,339.0
103725,2024-08-19,3,8,336,1,649,0.0,649.0,350,299.0
103726,2025-07-28,13,2,93,3,199,0.0,597.0,285,312.0
103727,2024-03-14,17,9,140,1,89,0.0,89.0,30,59.0
103727,2024-03-14,11,9,140,1,129,0.0,129.0,45,84.0
103728,2026-01-03,17,3,147,1,89,0.0,89.0,30,59.0
103729,2026-04-10,11,7,56,2,129,27.9,230.1,90,140.1
103729,2026-04-10,13,7,56,1,199,0.0,199.0,95,104.0
103729,2026-04-10,1,7,56,1,999,93.41,905.59,620,285.59
103730,2026-06-20,14,2,400,2,49,10.82,87.18,36,51.18
103730,2026-06-20,6,2,400,1,249,59.96,189.04,120,69.04
103731,2024-05-01,15,7,149,1,35,0.0,35.0,12,23.0
103731,2024-05-01,9,7,149,1,79,15.28,63.72,25,38.72
103732,2026-07-07,4,6,73,1,399,0.0,399.0,210,189.0
103733,2024-03-24,7,10,110,1,599,0.0,599.0,260,339.0
103734,2025-05-10,5,10,232,2,349,0.0,698.0,360,338.0
103735,2026-04-11,10,4,93,1,149,0.0,149.0,60,89.0
103736,2024-03-27,11,8,47,1,129,0.0,129.0,45,84.0
103737,2024-01-23,5,5,87,1,349,0.0,349.0,180,169.0
103738,2024-01-31,5,8,308,1,349,28.51,320.49,180,140.49
103739,2025-06-16,4,5,400,1,399,0.0,399.0,210,189.0
103740,2026-03-15,7,5,28,1,599,0.0,599.0,260,339.0
103741,2024-05-28,11,6,151,2,129,0.0,258.0,90,168.0
103742,2024-05-25,18,3,307,1,24,0.0,24.0,8,16.0
103743,2025-08-15,1,6,81,1,999,83.45,915.55,620,295.55
103744,2024-09-23,9,7,267,1,79,18.97,60.03,25,35.03
103745,2025-12-26,12,3,140,1,279,18.0,261.0,140,121.0
103746,2026-07-17,18,7,177,1,24,0.0,24.0,8,16.0
103746,2026-07-17,19,7,177,1,99,0.0,99.0,35,64.0
103746,2026-07-17,10,7,177,2,149,24.39,273.61,120,153.61
103747,2026-01-28,20,1,349,1,179,30.71,148.29,70,78.29
103748,2026-05-13,10,5,195,1,149,0.0,149.0,60,89.0
103748,2026-05-13,11,5,195,1,129,0.0,129.0,45,84.0
103749,2025-06-24,3,10,41,1,649,0.0,649.0,350,299.0
103749,2025-06-24,5,10,41,2,349,0.0,698.0,360,338.0
103750,2026-04-03,4,1,272,3,399,0.0,1197.0,630,567.0
103750,2026-04-03,3,1,272,1,649,0.0,649.0,350,299.0
103751,2024-07-29,20,7,195,1,179,0.0,179.0,70,109.0
103752,2024-03-25,9,3,40,1,79,0.0,79.0,25,54.0
103753,2025-11-04,3,10,304,2,649,0.0,1298.0,700,598.0
103754,2024-03-06,6,1,88,1,249,0.0,249.0,120,129.0
103755,2026-05-26,19,1,158,2,99,0.0,198.0,70,128.0
103755,2026-05-26,7,1,158,1,599,45.81,553.19,260,293.19
103756,2025-11-30,5,1,210,2,349,0.0,698.0,360,338.0
103757,2026-07-19,5,8,174,1,349,0.0,349.0,180,169.0
103757,2026-07-19,6,8,174,2,249,0.0,498.0,240,258.0
103757,2026-07-19,1,8,174,1,999,117.53,881.47,620,261.47
103758,2024-12-01,17,3,353,1,89,18.32,70.68,30,40.68
103759,2025-05-22,11,2,298,1,129,0.0,129.0,45,84.0
103760,2026-01-03,14,8,87,1,49,0.0,49.0,18,31.0
103761,2024-10-02,20,2,193,1,179,0.0,179.0,70,109.0
103762,2025-07-18,11,4,377,3,129,0.0,387.0,135,252.0
103762,2025-07-18,2,4,377,1,799,0.0,799.0,480,319.0
103762,2025-07-18,3,4,377,2,649,0.0,1298.0,700,598.0
103763,2025-11-07,19,2,316,1,99,0.0,99.0,35,64.0
103763,2025-11-07,9,2,316,2,79,23.65,134.35,50,84.35
103764,2026-08-13,3,4,272,1,649,0.0,649.0,350,299.0
103765,2026-01-06,10,9,214,1,149,0.0,149.0,60,89.0
103765,2026-01-06,3,9,214,2,649,0.0,1298.0,700,598.0
103766,2024-05-18,8,10,62,1,349,66.82,282.18,150,132.18
103766,2024-05-18,20,10,62,2,179,0.0,358.0,140,218.0
103766,2024-05-18,3,10,62,1,649,0.0,649.0,350,299.0
103767,2025-05-11,5,1,315,2,349,121.75,576.25,360,216.25
103768,2025-09-04,20,10,160,2,179,0.0,358.0,140,218.0
103769,2024-06-18,10,3,327,1,149,17.11,131.89,60,71.89
103770,2025-03-29,19,7,200,1,99,15.64,83.36,35,48.36
103771,2024-11-08,9,10,160,1,79,0.0,79.0,25,54.0
103772,2024-05-19,4,6,53,1,399,80.19,318.81,210,108.81
103773,2025-06-17,12,1,336,1,279,0.0,279.0,140,139.0
103774,2024-07-09,17,7,135,1,89,0.0,89.0,30,59.0
103774,2024-07-09,7,7,135,1,599,0.0,599.0,260,339.0
103774,2024-07-09,3,7,135,2,649,0.0,1298.0,700,598.0
103775,2025-09-06,3,1,122,1,649,0.0,649.0,350,299.0
103776,2024-07-14,14,1,46,1,49,0.0,49.0,18,31.0
103776,2024-07-14,20,1,46,2,179,0.0,358.0,140,218.0
103777,2025-12-21,7,6,368,2,599,0.0,1198.0,520,678.0
103778,2024-08-12,6,7,3,2,249,0.0,498.0,240,258.0
103778,2024-08-12,16,7,3,1,39,0.0,39.0,15,24.0
103779,2026-05-29,4,10,231,2,399,0.0,798.0,420,378.0
103780,2024-02-02,6,1,46,1,249,0.0,249.0,120,129.0
103781,2025-06-27,20,7,278,1,179,0.0,179.0,70,109.0
103782,2024-12-06,19,6,53,1,99,0.0,99.0,35,64.0
103782,2024-12-06,11,6,53,1,129,0.0,129.0,45,84.0
103783,2024-09-13,10,1,99,2,149,39.54,258.46,120,138.46
103784,2025-05-08,11,2,380,1,129,0.0,129.0,45,84.0
103785,2026-04-12,18,10,399,1,24,2.4,21.6,8,13.6
103786,2026-06-15,12,8,269,1,279,0.0,279.0,140,139.0
103787,2024-11-23,8,5,313,1,349,38.4,310.6,150,160.6
103787,2024-11-23,12,5,313,1,279,37.04,241.96,140,101.96
103788,2024-06-26,18,4,317,2,24,0.0,48.0,16,32.0
103788,2024-06-26,19,4,317,1,99,0.0,99.0,35,64.0
103789,2025-12-19,13,2,75,1,199,20.55,178.45,95,83.45
103790,2025-08-29,4,5,187,1,399,0.0,399.0,210,189.0
103791,2024-08-19,17,5,361,1,89,0.0,89.0,30,59.0
103791,2024-08-19,11,5,361,2,129,0.0,258.0,90,168.0
103792,2026-01-22,15,6,145,1,35,0.0,35.0,12,23.0
103793,2025-06-24,6,4,396,1,249,0.0,249.0,120,129.0
103794,2025-11-02,12,6,128,1,279,26.57,252.43,140,112.43
103795,2025-01-05,2,9,243,1,799,0.0,799.0,480,319.0
103796,2025-04-05,18,10,39,1,24,0.0,24.0,8,16.0
103797,2024-07-26,8,9,237,1,349,0.0,349.0,150,199.0
103798,2026-01-18,1,10,38,2,999,0.0,1998.0,1240,758.0
103799,2024-06-29,11,8,338,2,129,0.0,258.0,90,168.0
103800,2026-02-09,19,2,143,1,99,0.0,99.0,35,64.0
103801,2026-03-02,17,1,158,2,89,0.0,178.0,60,118.0
103801,2026-03-02,5,1,158,1,349,0.0,349.0,180,169.0
103802,2026-01-08,14,1,331,2,49,0.0,98.0,36,62.0
103802,2026-01-08,19,1,331,1,99,8.84,90.16,35,55.16
103803,2024-01-24,14,10,114,1,49,0.0,49.0,18,31.0
103803,2024-01-24,13,10,114,3,199,80.16,516.84,285,231.84
103804,2024-10-31,13,1,358,1,199,0.0,199.0,95,104.0
103805,2025-05-05,5,4,29,2,349,0.0,698.0,360,338.0
103806,2025-09-11,1,6,155,1,999,0.0,999.0,620,379.0
103806,2025-09-11,12,6,155,1,279,0.0,279.0,140,139.0
103807,2026-06-19,7,2,217,2,599,0.0,1198.0,520,678.0
103807,2026-06-19,13,2,217,1,199,0.0,199.0,95,104.0
103808,2025-01-23,17,6,240,2,89,35.21,142.79,60,82.79
103808,2025-01-23,1,6,240,1,999,0.0,999.0,620,379.0
103809,2026-05-11,13,7,331,1,199,0.0,199.0,95,104.0
103809,2026-05-11,15,7,331,1,35,6.85,28.15,12,16.15
103810,2024-07-07,1,1,329,1,999,0.0,999.0,620,379.0
103811,2025-01-18,2,5,82,1,799,0.0,799.0,480,319.0
103811,2025-01-18,17,5,82,1,89,0.0,89.0,30,59.0
103812,2024-03-06,9,1,211,1,79,0.0,79.0,25,54.0
103812,2024-03-06,8,1,211,1,349,0.0,349.0,150,199.0
103813,2026-01-04,18,5,27,1,24,0.0,24.0,8,16.0
103814,2024-06-22,10,8,96,1,149,20.19,128.81,60,68.81
103814,2024-06-22,17,8,96,1,89,0.0,89.0,30,59.0
103815,2024-10-15,9,8,249,2,79,0.0,158.0,50,108.0
103816,2026-02-06,1,2,237,1,999,188.57,810.43,620,190.43
103817,2025-07-10,12,8,111,2,279,131.89,426.11,280,146.11
103818,2024-01-18,19,6,356,1,99,0.0,99.0,35,64.0
103819,2024-01-03,1,10,245,1,999,0.0,999.0,620,379.0
103820,2025-06-15,15,8,109,1,35,0.0,35.0,12,23.0
103821,2024-11-24,7,5,29,1,599,82.1,516.9,260,256.9
103821,2024-11-24,10,5,29,1,149,0.0,149.0,60,89.0
103822,2024-07-26,15,7,253,3,35,0.0,105.0,36,69.0
103823,2025-09-29,12,8,127,1,279,38.34,240.66,140,100.66
103823,2025-09-29,1,8,127,1,999,0.0,999.0,620,379.0
103824,2024-09-17,13,2,165,2,199,0.0,398.0,190,208.0
103825,2025-09-08,7,10,55,1,599,0.0,599.0,260,339.0
103825,2025-09-08,19,10,55,1,99,0.0,99.0,35,64.0
103826,2025-01-27,7,10,39,2,599,0.0,1198.0,520,678.0
103827,2024-08-03,7,8,265,1,599,0.0,599.0,260,339.0
103828,2024-06-09,15,4,91,2,35,0.0,70.0,24,46.0
103829,2024-09-26,6,1,372,2,249,0.0,498.0,240,258.0
103830,2024-02-07,7,10,50,2,599,0.0,1198.0,520,678.0
103830,2024-02-07,20,10,50,1,179,0.0,179.0,70,109.0
103831,2024-11-27,15,8,1,1,35,8.13,26.87,12,14.87
103831,2024-11-27,20,8,1,1,179,0.0,179.0,70,109.0
103832,2026-06-03,17,8,216,2,89,0.0,178.0,60,118.0
103833,2026-04-03,3,2,62,1,649,0.0,649.0,350,299.0
103834,2025-01-19,16,6,327,1,39,0.0,39.0,15,24.0
103834,2025-01-19,14,6,327,1,49,5.94,43.06,18,25.06
103834,2025-01-19,5,6,327,1,349,0.0,349.0,180,169.0
103835,2025-08-22,12,5,247,1,279,0.0,279.0,140,139.0
103836,2025-08-14,11,3,22,1,129,0.0,129.0,45,84.0
103836,2025-08-14,20,3,22,1,179,0.0,179.0,70,109.0
103837,2026-03-31,13,1,168,1,199,0.0,199.0,95,104.0
103837,2026-03-31,10,1,168,1,149,0.0,149.0,60,89.0
103837,2026-03-31,16,1,168,1,39,0.0,39.0,15,24.0
103838,2024-09-25,7,1,129,1,599,0.0,599.0,260,339.0
103839,2024-11-18,14,10,321,2,49,0.0,98.0,36,62.0
103840,2024-11-22,12,9,289,2,279,0.0,558.0,280,278.0
103841,2024-02-21,10,6,72,1,149,0.0,149.0,60,89.0
103842,2024-12-02,20,1,14,1,179,16.51,162.49,70,92.49
103843,2026-05-14,1,5,233,1,999,84.85,914.15,620,294.15
103844,2026-06-12,2,6,384,1,799,0.0,799.0,480,319.0
103844,2026-06-12,11,6,384,1,129,12.11,116.89,45,71.89
103844,2026-06-12,12,6,384,3,279,0.0,837.0,420,417.0
103845,2024-05-09,15,2,212,1,35,0.0,35.0,12,23.0
103846,2025-04-24,10,3,138,1,149,0.0,149.0,60,89.0
103847,2025-01-30,13,10,205,1,199,0.0,199.0,95,104.0
103848,2025-05-25,8,8,115,1,349,0.0,349.0,150,199.0
103848,2025-05-25,7,8,115,1,599,0.0,599.0,260,339.0
103849,2025-08-01,4,4,212,1,399,0.0,399.0,210,189.0
103849,2025-08-01,1,4,212,1,999,0.0,999.0,620,379.0
103850,2024-01-25,20,5,141,2,179,0.0,358.0,140,218.0
103851,2026-04-12,1,1,43,1,999,0.0,999.0,620,379.0
103852,2026-08-08,11,8,248,2,129,61.76,196.24,90,106.24
103852,2026-08-08,14,8,248,1,49,7.97,41.03,18,23.03
103853,2025-11-02,14,1,187,1,49,7.68,41.32,18,23.32
103854,2025-11-07,9,2,103,1,79,0.0,79.0,25,54.0
103855,2025-07-03,11,8,353,1,129,0.0,129.0,45,84.0
103856,2024-12-16,18,1,363,1,24,0.0,24.0,8,16.0
103857,2024-06-21,10,2,182,1,149,0.0,149.0,60,89.0
103858,2025-08-31,10,8,80,1,149,22.48,126.52,60,66.52
103859,2024-02-26,12,8,386,1,279,0.0,279.0,140,139.0
103860,2026-03-27,15,5,300,1,35,0.0,35.0,12,23.0
103861,2025-03-17,3,8,12,1,649,0.0,649.0,350,299.0
103861,2025-03-17,14,8,12,2,49,0.0,98.0,36,62.0
103861,2025-03-17,5,8,12,1,349,0.0,349.0,180,169.0
103862,2025-03-10,12,10,44,1,279,27.88,251.12,140,111.12
103863,2024-12-11,11,8,145,2,129,29.56,228.44,90,138.44
103864,2026-08-04,11,7,98,1,129,24.41,104.59,45,59.59
103865,2024-07-20,14,9,189,2,49,0.0,98.0,36,62.0
103865,2024-07-20,4,9,189,1,399,0.0,399.0,210,189.0
103866,2024-06-23,19,10,292,2,99,0.0,198.0,70,128.0
103866,2024-06-23,14,10,292,1,49,0.0,49.0,18,31.0
103867,2024-07-09,13,4,244,1,199,0.0,199.0,95,104.0
103868,2025-11-06,19,8,391,2,99,32.46,165.54,70,95.54
103869,2026-08-24,3,3,7,1,649,73.07,575.93,350,225.93
103869,2026-08-24,13,3,7,1,199,0.0,199.0,95,104.0
103870,2024-09-24,11,5,120,1,129,0.0,129.0,45,84.0
103871,2026-06-06,3,10,99,1,649,0.0,649.0,350,299.0
103872,2024-11-04,14,10,104,1,49,4.99,44.01,18,26.01
103873,2025-10-29,19,5,62,1,99,0.0,99.0,35,64.0
103874,2024-02-21,2,4,279,1,799,0.0,799.0,480,319.0
103875,2025-05-31,6,2,57,1,249,57.25,191.75,120,71.75
103876,2025-11-03,15,6,342,1,35,6.06,28.94,12,16.94
103877,2025-07-12,19,1,99,2,99,45.4,152.6,70,82.6
103878,2024-09-27,9,9,125,1,79,0.0,79.0,25,54.0
103879,2026-03-31,3,10,153,2,649,109.55,1188.45,700,488.45
103880,2026-08-05,12,4,213,1,279,0.0,279.0,140,139.0
103881,2025-04-25,7,6,168,1,599,0.0,599.0,260,339.0
103882,2025-10-18,7,4,83,1,599,0.0,599.0,260,339.0
103883,2026-02-22,3,9,126,1,649,81.95,567.05,350,217.05
103884,2024-10-01,8,10,392,1,349,0.0,349.0,150,199.0
103884,2024-10-01,9,10,392,1,79,0.0,79.0,25,54.0
103885,2026-05-02,6,1,106,2,249,54.94,443.06,240,203.06
103886,2024-11-05,19,2,155,1,99,0.0,99.0,35,64.0
103887,2026-02-07,14,1,289,1,49,0.0,49.0,18,31.0
103887,2026-02-07,3,1,289,1,649,0.0,649.0,350,299.0
103888,2024-05-12,5,10,393,1,349,18.47,330.53,180,150.53
103889,2024-11-12,4,6,160,1,399,74.31,324.69,210,114.69
103890,2025-07-09,12,8,18,1,279,0.0,279.0,140,139.0
103891,2025-06-30,8,8,311,1,349,0.0,349.0,150,199.0
103892,2026-04-20,3,8,364,1,649,62.84,586.16,350,236.16
103893,2026-08-28,13,7,185,2,199,0.0,398.0,190,208.0
103894,2024-05-07,3,10,285,1,649,0.0,649.0,350,299.0
103894,2024-05-07,12,10,285,3,279,0.0,837.0,420,417.0
103895,2024-10-29,17,9,236,1,89,0.0,89.0,30,59.0
103895,2024-10-29,10,9,236,1,149,0.0,149.0,60,89.0
103896,2025-01-03,20,6,281,1,179,0.0,179.0,70,109.0
103897,2025-05-15,12,1,353,1,279,0.0,279.0,140,139.0
103898,2025-05-29,18,1,155,1,24,0.0,24.0,8,16.0
103899,2026-04-25,19,10,59,1,99,0.0,99.0,35,64.0
103900,2026-02-01,6,10,32,1,249,0.0,249.0,120,129.0
103900,2026-02-01,13,10,32,1,199,0.0,199.0,95,104.0
103900,2026-02-01,10,10,32,2,149,0.0,298.0,120,178.0
103901,2024-01-24,4,2,43,1,399,0.0,399.0,210,189.0
103901,2024-01-24,19,2,43,1,99,0.0,99.0,35,64.0
103902,2025-04-21,17,3,359,1,89,0.0,89.0,30,59.0
103902,2025-04-21,16,3,359,1,39,0.0,39.0,15,24.0
103903,2025-10-03,1,4,34,1,999,0.0,999.0,620,379.0
103904,2025-04-27,18,2,207,1,24,0.0,24.0,8,16.0
103905,2024-05-31,9,10,356,1,79,0.0,79.0,25,54.0
103906,2025-02-18,6,3,54,1,249,0.0,249.0,120,129.0
103906,2025-02-18,14,3,54,1,49,0.0,49.0,18,31.0
103907,2025-03-07,18,6,102,1,24,0.0,24.0,8,16.0
103907,2025-03-07,5,6,102,1,349,82.38,266.62,180,86.62
103908,2024-08-04,17,5,76,2,89,19.83,158.17,60,98.17
103909,2026-01-18,7,4,278,1,599,44.26,554.74,260,294.74
103910,2024-12-07,11,1,171,1,129,28.05,100.95,45,55.95
103911,2025-09-05,20,10,37,1,179,0.0,179.0,70,109.0
103912,2025-06-21,11,8,202,1,129,30.59,98.41,45,53.41
103913,2026-05-13,20,9,275,2,179,0.0,358.0,140,218.0
103914,2024-05-22,11,7,30,1,129,0.0,129.0,45,84.0
103915,2024-05-14,3,3,180,1,649,0.0,649.0,350,299.0
103915,2024-05-14,8,3,180,1,349,0.0,349.0,150,199.0
103916,2024-11-21,7,10,344,1,599,0.0,599.0,260,339.0
103917,2025-03-28,4,10,172,1,399,0.0,399.0,210,189.0
103918,2024-11-20,3,1,275,3,649,0.0,1947.0,1050,897.0
103919,2026-01-25,15,8,118,1,35,0.0,35.0,12,23.0
103920,2024-10-04,8,2,243,1,349,0.0,349.0,150,199.0
103920,2024-10-04,10,2,243,1,149,36.96,112.04,60,52.04
103921,2024-04-12,9,5,1,1,79,0.0,79.0,25,54.0
103922,2025-03-09,11,7,304,2,129,0.0,258.0,90,168.0
103923,2026-02-04,16,8,144,2,39,0.0,78.0,30,48.0
103924,2026-04-20,6,5,68,2,249,80.11,417.89,240,177.89
103924,2026-04-20,11,5,68,1,129,0.0,129.0,45,84.0
103925,2025-12-28,15,3,268,1,35,0.0,35.0,12,23.0
103926,2025-08-04,2,9,250,1,799,0.0,799.0,480,319.0
103927,2025-12-22,9,5,145,1,79,19.0,60.0,25,35.0
103927,2025-12-22,16,5,145,2,39,17.27,60.73,30,30.73
103928,2025-11-22,13,9,197,1,199,0.0,199.0,95,104.0
103929,2024-09-23,14,2,339,1,49,0.0,49.0,18,31.0
103929,2024-09-23,18,2,339,1,24,0.0,24.0,8,16.0
103930,2025-07-28,12,6,165,1,279,25.01,253.99,140,113.99
103931,2026-02-01,3,10,381,1,649,0.0,649.0,350,299.0
103932,2024-12-04,5,1,127,1,349,0.0,349.0,180,169.0
103932,2024-12-04,3,1,127,1,649,0.0,649.0,350,299.0
103933,2025-11-03,20,9,262,1,179,34.42,144.58,70,74.58
103934,2025-05-17,6,1,158,1,249,0.0,249.0,120,129.0
103935,2025-06-08,15,8,371,2,35,0.0,70.0,24,46.0
103935,2025-06-08,6,8,371,1,249,0.0,249.0,120,129.0
103936,2024-04-18,19,9,226,1,99,0.0,99.0,35,64.0
103936,2024-04-18,12,9,226,1,279,0.0,279.0,140,139.0
103937,2025-11-12,10,1,314,2,149,52.75,245.25,120,125.25
103938,2026-05-03,15,6,365,1,35,0.0,35.0,12,23.0
103939,2024-06-12,18,4,330,2,24,0.0,48.0,16,32.0
103940,2025-01-12,7,5,34,1,599,0.0,599.0,260,339.0
103941,2024-03-02,15,2,45,1,35,0.0,35.0,12,23.0
103941,2024-03-02,18,2,45,1,24,0.0,24.0,8,16.0
103942,2024-02-06,11,3,211,1,129,0.0,129.0,45,84.0
103943,2026-08-22,8,1,90,1,349,0.0,349.0,150,199.0
103944,2025-05-29,19,7,364,2,99,0.0,198.0,70,128.0
103945,2024-12-31,4,3,295,2,399,0.0,798.0,420,378.0
103946,2024-11-01,1,6,394,1,999,0.0,999.0,620,379.0
103947,2026-08-14,16,5,312,2,39,0.0,78.0,30,48.0
103948,2024-10-11,13,5,106,1,199,0.0,199.0,95,104.0
103949,2025-12-23,8,1,328,1,349,0.0,349.0,150,199.0
103950,2024-11-08,9,3,46,1,79,17.63,61.37,25,36.37
103951,2024-03-27,1,1,293,1,999,178.53,820.47,620,200.47
103952,2025-11-24,6,2,368,1,249,0.0,249.0,120,129.0
103952,2025-11-24,18,2,368,1,24,2.25,21.75,8,13.75
103953,2024-01-03,18,7,353,1,24,0.0,24.0,8,16.0
103953,2024-01-03,19,7,353,1,99,0.0,99.0,35,64.0
103953,2024-01-03,6,7,353,1,249,0.0,249.0,120,129.0
103954,2025-11-18,17,2,329,1,89,0.0,89.0,30,59.0
103954,2025-11-18,20,2,329,2,179,0.0,358.0,140,218.0
103955,2024-10-09,7,7,1,1,599,0.0,599.0,260,339.0
103956,2026-01-08,19,1,42,1,99,14.93,84.07,35,49.07
103956,2026-01-08,1,1,42,2,999,0.0,1998.0,1240,758.0
103956,2026-01-08,13,1,42,1,199,0.0,199.0,95,104.0
103957,2026-01-31,16,10,169,2,39,0.0,78.0,30,48.0
103957,2026-01-31,6,10,169,1,249,35.13,213.87,120,93.87
103958,2025-12-22,1,10,375,1,999,0.0,999.0,620,379.0
103959,2024-01-31,20,8,147,1,179,0.0,179.0,70,109.0
103959,2024-01-31,14,8,147,2,49,0.0,98.0,36,62.0
103960,2025-12-08,11,3,85,1,129,16.53,112.47,45,67.47
103961,2026-08-23,7,7,18,1,599,0.0,599.0,260,339.0
103962,2024-10-02,19,3,247,1,99,0.0,99.0,35,64.0
103963,2024-11-01,14,7,231,1,49,0.0,49.0,18,31.0
103964,2026-03-17,19,6,118,1,99,0.0,99.0,35,64.0
103965,2024-07-03,15,5,121,1,35,3.32,31.68,12,19.68
103966,2025-11-08,4,10,389,1,399,36.14,362.86,210,152.86
103967,2026-01-17,2,2,204,1,799,0.0,799.0,480,319.0
103968,2024-02-16,4,8,234,1,399,0.0,399.0,210,189.0
103969,2025-07-31,6,5,192,1,249,0.0,249.0,120,129.0
103970,2025-08-23,10,4,70,1,149,0.0,149.0,60,89.0
103971,2024-11-23,10,8,140,1,149,34.5,114.5,60,54.5
103971,2024-11-23,6,8,140,2,249,104.73,393.27,240,153.27
103972,2026-05-12,20,1,151,2,179,0.0,358.0,140,218.0
103973,2024-07-06,15,1,213,2,35,0.0,70.0,24,46.0
103973,2024-07-06,10,1,213,1,149,0.0,149.0,60,89.0
103974,2025-01-10,7,10,57,1,599,0.0,599.0,260,339.0
103975,2026-04-18,8,2,13,2,349,120.69,577.31,300,277.31
103976,2024-08-07,10,7,230,2,149,0.0,298.0,120,178.0
103977,2026-03-24,10,2,291,1,149,0.0,149.0,60,89.0
103978,2024-04-06,9,9,133,1,79,15.17,63.83,25,38.83
103979,2025-05-25,13,5,95,1,199,27.57,171.43,95,76.43
103979,2025-05-25,1,5,95,2,999,299.03,1698.97,1240,458.97
103979,2025-05-25,19,5,95,1,99,0.0,99.0,35,64.0
103980,2024-04-02,18,8,223,1,24,3.32,20.68,8,12.68
103981,2025-11-20,16,8,243,2,39,19.2,58.8,30,28.8
103982,2026-02-22,16,1,218,1,39,0.0,39.0,15,24.0
103982,2026-02-22,6,1,218,1,249,0.0,249.0,120,129.0
103982,2026-02-22,13,1,218,2,199,0.0,398.0,190,208.0
103983,2026-04-19,3,9,115,1,649,0.0,649.0,350,299.0
103984,2026-08-15,7,7,16,1,599,0.0,599.0,260,339.0
103984,2026-08-15,3,7,16,1,649,0.0,649.0,350,299.0
103985,2025-11-16,5,4,30,1,349,30.31,318.69,180,138.69
103986,2026-01-31,10,5,273,2,149,0.0,298.0,120,178.0
103987,2025-06-10,11,7,275,1,129,0.0,129.0,45,84.0
103988,2026-06-13,12,6,139,2,279,0.0,558.0,280,278.0
103989,2025-10-25,16,5,198,1,39,0.0,39.0,15,24.0
103990,2026-05-18,7,2,73,1,599,0.0,599.0,260,339.0
103990,2026-05-18,12,2,73,1,279,40.65,238.35,140,98.35
103991,2024-09-24,1,7,45,1,999,0.0,999.0,620,379.0
103991,2024-09-24,3,7,45,1,649,0.0,649.0,350,299.0
103992,2025-06-01,10,8,398,1,149,0.0,149.0,60,89.0
103992,2025-06-01,12,8,398,2,279,0.0,558.0,280,278.0
103993,2025-12-25,8,8,233,1,349,0.0,349.0,150,199.0
103994,2024-08-20,20,10,2,1,179,0.0,179.0,70,109.0
103994,2024-08-20,17,10,2,1,89,0.0,89.0,30,59.0
103995,2024-08-30,15,3,66,2,35,0.0,70.0,24,46.0
103996,2026-08-12,12,5,21,1,279,43.28,235.72,140,95.72
103997,2025-03-31,14,1,293,2,49,0.0,98.0,36,62.0
103997,2025-03-31,2,1,293,2,799,0.0,1598.0,960,638.0
103998,2024-07-28,1,1,136,1,999,0.0,999.0,620,379.0
103999,2024-12-14,3,9,143,1,649,0.0,649.0,350,299.0
104000,2025-02-18,2,6,109,2,799,0.0,1598.0,960,638.0
104001,2025-10-07,15,2,154,1,35,0.0,35.0,12,23.0
104002,2026-06-22,4,1,32,1,399,29.39,369.61,210,159.61
104003,2026-08-19,13,6,149,1,199,0.0,199.0,95,104.0
104003,2026-08-19,12,6,149,1,279,0.0,279.0,140,139.0
104004,2025-11-01,15,5,124,2,35,0.0,70.0,24,46.0
104005,2025-12-05,12,2,253,1,279,0.0,279.0,140,139.0
104006,2024-12-07,18,3,278,3,24,6.56,65.44,24,41.44
104007,2026-04-26,2,1,260,2,799,159.0,1439.0,960,479.0
104008,2024-09-06,17,1,371,2,89,0.0,178.0,60,118.0
104009,2024-05-06,14,10,280,1,49,0.0,49.0,18,31.0
104010,2026-08-08,9,3,263,1,79,0.0,79.0,25,54.0
104011,2026-05-02,16,8,117,1,39,0.0,39.0,15,24.0
104012,2024-11-23,2,9,174,2,799,0.0,1598.0,960,638.0
104012,2024-11-23,16,9,174,1,39,0.0,39.0,15,24.0
104013,2025-11-18,1,3,276,1,999,0.0,999.0,620,379.0
104014,2025-05-03,9,4,326,1,79,0.0,79.0,25,54.0
104015,2024-12-08,2,4,193,2,799,0.0,1598.0,960,638.0
104016,2024-11-10,14,5,246,1,49,0.0,49.0,18,31.0
104016,2024-11-10,3,5,246,2,649,168.77,1129.23,700,429.23
104017,2024-06-06,12,4,381,1,279,54.71,224.29,140,84.29
104018,2025-07-26,14,4,324,1,49,0.0,49.0,18,31.0
104019,2025-04-13,20,4,302,2,179,65.97,292.03,140,152.03
104019,2025-04-13,9,4,302,1,79,0.0,79.0,25,54.0
104020,2025-06-17,9,3,382,1,79,0.0,79.0,25,54.0
104020,2025-06-17,20,3,382,1,179,0.0,179.0,70,109.0
104020,2025-06-17,11,3,382,1,129,0.0,129.0,45,84.0
104021,2024-09-03,13,1,132,1,199,0.0,199.0,95,104.0
104022,2026-07-06,5,2,227,1,349,0.0,349.0,180,169.0
104023,2025-10-21,9,1,193,1,79,0.0,79.0,25,54.0
104024,2026-06-01,3,2,180,2,649,0.0,1298.0,700,598.0
104024,2026-06-01,15,2,180,1,35,0.0,35.0,12,23.0
104025,2024-05-09,9,10,16,2,79,0.0,158.0,50,108.0
104025,2024-05-09,12,10,16,1,279,0.0,279.0,140,139.0
104025,2024-05-09,8,10,16,1,349,0.0,349.0,150,199.0
104026,2025-10-07,5,10,20,1,349,0.0,349.0,180,169.0
104026,2025-10-07,3,10,20,1,649,0.0,649.0,350,299.0
104027,2026-04-19,1,7,63,1,999,0.0,999.0,620,379.0
104027,2026-04-19,11,7,63,2,129,0.0,258.0,90,168.0
104027,2026-04-19,13,7,63,1,199,0.0,199.0,95,104.0
104028,2024-12-14,7,2,178,2,599,0.0,1198.0,520,678.0
104029,2024-08-12,2,10,393,1,799,84.02,714.98,480,234.98
104029,2024-08-12,5,10,393,1,349,0.0,349.0,180,169.0
104030,2024-10-23,11,7,243,2,129,0.0,258.0,90,168.0
104030,2024-10-23,20,7,243,1,179,0.0,179.0,70,109.0
104031,2024-10-30,3,6,124,2,649,0.0,1298.0,700,598.0
104032,2025-04-13,2,3,177,1,799,0.0,799.0,480,319.0
104032,2025-04-13,14,3,177,2,49,0.0,98.0,36,62.0
104032,2025-04-13,3,3,177,1,649,0.0,649.0,350,299.0
104033,2024-12-10,9,6,125,1,79,0.0,79.0,25,54.0
104034,2024-10-29,20,6,252,1,179,0.0,179.0,70,109.0
104035,2025-10-29,18,3,9,1,24,0.0,24.0,8,16.0
104035,2025-10-29,2,3,9,1,799,0.0,799.0,480,319.0
104036,2024-03-07,6,3,182,1,249,0.0,249.0,120,129.0
104036,2024-03-07,10,3,182,1,149,0.0,149.0,60,89.0
104037,2024-12-20,20,7,245,1,179,0.0,179.0,70,109.0
104037,2024-12-20,14,7,245,2,49,0.0,98.0,36,62.0
104038,2025-11-28,15,4,3,1,35,4.8,30.2,12,18.2
104039,2024-07-21,16,4,372,1,39,0.0,39.0,15,24.0
104040,2024-09-09,15,2,161,1,35,0.0,35.0,12,23.0
104041,2024-08-18,4,9,244,1,399,0.0,399.0,210,189.0
104042,2024-01-02,2,7,200,1,799,0.0,799.0,480,319.0
104042,2024-01-02,14,7,200,1,49,0.0,49.0,18,31.0
104043,2025-05-10,18,7,144,1,24,0.0,24.0,8,16.0
104044,2024-02-19,16,7,227,1,39,0.0,39.0,15,24.0
104045,2024-10-30,12,1,99,1,279,0.0,279.0,140,139.0
104046,2026-08-27,16,1,359,1,39,0.0,39.0,15,24.0
104047,2026-06-18,20,9,134,1,179,0.0,179.0,70,109.0
104047,2026-06-18,5,9,134,1,349,0.0,349.0,180,169.0
104048,2024-09-03,15,4,367,1,35,0.0,35.0,12,23.0
104048,2024-09-03,16,4,367,1,39,0.0,39.0,15,24.0
104049,2024-11-28,15,10,214,1,35,0.0,35.0,12,23.0
104050,2025-04-30,7,5,20,1,599,0.0,599.0,260,339.0
104050,2025-04-30,12,5,20,1,279,0.0,279.0,140,139.0
104051,2026-04-14,18,1,205,1,24,0.0,24.0,8,16.0
104052,2026-03-07,1,6,215,3,999,0.0,2997.0,1860,1137.0
104052,2026-03-07,5,6,215,2,349,0.0,698.0,360,338.0
104053,2024-05-27,9,8,229,2,79,0.0,158.0,50,108.0
104054,2024-05-25,8,2,310,1,349,0.0,349.0,150,199.0
104055,2025-03-12,15,9,216,1,35,2.39,32.61,12,20.61
104055,2025-03-12,11,9,216,1,129,0.0,129.0,45,84.0
104056,2026-05-07,18,1,380,1,24,2.74,21.26,8,13.26
104056,2026-05-07,2,1,380,1,799,0.0,799.0,480,319.0
104057,2026-05-17,7,3,60,1,599,0.0,599.0,260,339.0
104058,2024-05-07,20,8,127,1,179,0.0,179.0,70,109.0
104059,2025-08-21,14,10,133,1,49,2.76,46.24,18,28.24
104059,2025-08-21,15,10,133,1,35,0.0,35.0,12,23.0
104060,2024-06-28,8,8,276,1,349,80.97,268.03,150,118.03
104060,2024-06-28,10,8,276,1,149,7.53,141.47,60,81.47
104061,2025-11-26,20,7,348,1,179,36.85,142.15,70,72.15
104062,2026-06-16,19,4,296,1,99,0.0,99.0,35,64.0
104063,2025-04-21,15,3,9,1,35,0.0,35.0,12,23.0
104063,2025-04-21,1,3,9,3,999,0.0,2997.0,1860,1137.0
104063,2025-04-21,5,3,9,2,349,0.0,698.0,360,338.0
104064,2024-04-11,11,2,2,1,129,30.49,98.51,45,53.51
104065,2025-08-26,2,8,52,1,799,0.0,799.0,480,319.0
104066,2025-03-03,12,1,119,1,279,0.0,279.0,140,139.0
104067,2026-03-14,6,1,347,2,249,0.0,498.0,240,258.0
104068,2024-12-20,17,8,247,1,89,0.0,89.0,30,59.0
104069,2026-05-11,1,2,358,2,999,0.0,1998.0,1240,758.0
104070,2024-10-31,8,7,212,1,349,0.0,349.0,150,199.0
104071,2024-06-30,9,6,51,1,79,0.0,79.0,25,54.0
104072,2024-11-26,4,6,7,2,399,88.98,709.02,420,289.02
104072,2024-11-26,2,6,7,1,799,0.0,799.0,480,319.0
104073,2024-02-13,16,4,38,2,39,0.0,78.0,30,48.0
104073,2024-02-13,19,4,38,2,99,0.0,198.0,70,128.0
104074,2024-11-06,14,7,225,1,49,0.0,49.0,18,31.0
104074,2024-11-06,5,7,225,1,349,34.55,314.45,180,134.45
104075,2025-11-07,20,4,62,1,179,0.0,179.0,70,109.0
104075,2025-11-07,11,4,62,1,129,0.0,129.0,45,84.0
104076,2024-06-13,5,10,304,1,349,0.0,349.0,180,169.0
104077,2024-05-11,1,6,300,1,999,0.0,999.0,620,379.0
104077,2024-05-11,3,6,300,1,649,0.0,649.0,350,299.0
104078,2024-06-02,2,10,381,3,799,0.0,2397.0,1440,957.0
104079,2024-04-04,5,8,27,1,349,0.0,349.0,180,169.0
104079,2024-04-04,3,8,27,1,649,0.0,649.0,350,299.0
104079,2024-04-04,16,8,27,1,39,0.0,39.0,15,24.0
104080,2026-05-11,9,8,231,1,79,0.0,79.0,25,54.0
104080,2026-05-11,3,8,231,1,649,0.0,649.0,350,299.0
104081,2026-07-11,3,3,259,2,649,0.0,1298.0,700,598.0
104082,2024-02-28,10,6,31,1,149,0.0,149.0,60,89.0
104083,2026-01-22,9,1,175,1,79,0.0,79.0,25,54.0
104084,2025-12-30,9,3,113,1,79,0.0,79.0,25,54.0
104084,2025-12-30,13,3,113,3,199,0.0,597.0,285,312.0
104084,2025-12-30,14,3,113,1,49,6.49,42.51,18,24.51
104085,2026-08-29,20,9,228,2,179,0.0,358.0,140,218.0
104086,2024-12-26,3,4,210,1,649,40.16,608.84,350,258.84
104087,2024-11-09,13,9,158,2,199,0.0,398.0,190,208.0
104087,2024-11-09,18,9,158,1,24,0.0,24.0,8,16.0
104088,2025-04-19,16,5,312,1,39,0.0,39.0,15,24.0
104089,2026-04-25,19,8,375,1,99,0.0,99.0,35,64.0
104090,2025-12-25,14,1,150,1,49,6.46,42.54,18,24.54
104091,2025-05-08,20,3,341,2,179,0.0,358.0,140,218.0
104092,2024-10-03,1,4,108,1,999,0.0,999.0,620,379.0
104093,2025-12-24,2,5,383,2,799,202.28,1395.72,960,435.72
104094,2026-04-23,12,4,147,1,279,0.0,279.0,140,139.0
104095,2025-02-21,15,10,140,2,35,0.0,70.0,24,46.0
104096,2025-11-13,3,8,292,1,649,0.0,649.0,350,299.0
104096,2025-11-13,10,8,292,1,149,0.0,149.0,60,89.0
104097,2025-02-22,8,9,358,1,349,0.0,349.0,150,199.0
104097,2025-02-22,6,9,358,1,249,0.0,249.0,120,129.0
104098,2025-05-14,13,9,175,1,199,37.3,161.7,95,66.7
104099,2025-06-30,15,2,92,1,35,4.72,30.28,12,18.28
104100,2026-02-07,2,7,186,1,799,0.0,799.0,480,319.0
104101,2026-08-11,6,1,26,1,249,60.22,188.78,120,68.78
104102,2025-04-10,9,4,23,1,79,0.0,79.0,25,54.0
104102,2025-04-10,20,4,23,1,179,0.0,179.0,70,109.0
104102,2025-04-10,13,4,23,1,199,0.0,199.0,95,104.0
104103,2024-12-22,3,10,64,1,649,129.93,519.07,350,169.07
104104,2025-01-21,16,6,117,3,39,0.0,117.0,45,72.0
104105,2024-06-04,6,4,220,1,249,0.0,249.0,120,129.0
104105,2024-06-04,3,4,220,1,649,0.0,649.0,350,299.0
104106,2024-11-18,19,1,245,2,99,0.0,198.0,70,128.0
104107,2024-04-14,20,1,397,1,179,0.0,179.0,70,109.0
104108,2025-03-24,3,10,199,2,649,0.0,1298.0,700,598.0
104109,2024-07-11,18,1,223,1,24,0.0,24.0,8,16.0
104110,2024-12-25,11,10,19,1,129,27.46,101.54,45,56.54
104111,2026-02-26,14,7,103,2,49,0.0,98.0,36,62.0
104112,2024-10-05,13,6,238,1,199,0.0,199.0,95,104.0
104113,2025-09-27,14,6,202,2,49,0.0,98.0,36,62.0
104113,2025-09-27,3,6,202,1,649,0.0,649.0,350,299.0
104114,2026-06-02,19,10,340,1,99,0.0,99.0,35,64.0
104115,2025-08-13,17,4,242,1,89,0.0,89.0,30,59.0
104116,2024-08-11,15,7,39,2,35,0.0,70.0,24,46.0
104117,2024-12-24,2,8,80,1,799,59.96,739.04,480,259.04
104117,2024-12-24,18,8,80,1,24,5.84,18.16,8,10.16
104118,2025-09-06,10,10,314,1,149,0.0,149.0,60,89.0
104119,2025-06-11,20,1,170,2,179,0.0,358.0,140,218.0
104119,2025-06-11,19,1,170,1,99,12.4,86.6,35,51.6
104119,2025-06-11,13,1,170,1,199,0.0,199.0,95,104.0
104120,2024-06-20,11,8,307,1,129,0.0,129.0,45,84.0
104120,2024-06-20,15,8,307,1,35,0.0,35.0,12,23.0
104120,2024-06-20,8,8,307,1,349,0.0,349.0,150,199.0
104121,2025-04-13,5,8,73,1,349,0.0,349.0,180,169.0
104122,2025-07-19,5,10,96,1,349,47.36,301.64,180,121.64
104122,2025-07-19,8,10,96,1,349,0.0,349.0,150,199.0
104123,2024-10-25,3,10,228,1,649,135.47,513.53,350,163.53
104123,2024-10-25,19,10,228,2,99,0.0,198.0,70,128.0
104124,2025-09-27,17,1,84,1,89,0.0,89.0,30,59.0
104124,2025-09-27,6,1,84,1,249,12.66,236.34,120,116.34
104125,2024-03-27,9,10,365,1,79,0.0,79.0,25,54.0
104125,2024-03-27,18,10,365,1,24,0.0,24.0,8,16.0
104126,2024-12-18,2,9,3,1,799,0.0,799.0,480,319.0
104126,2024-12-18,17,9,3,1,89,0.0,89.0,30,59.0
104127,2026-03-08,18,1,309,1,24,0.0,24.0,8,16.0
104128,2024-10-17,20,8,264,1,179,0.0,179.0,70,109.0
104128,2024-10-17,14,8,264,1,49,0.0,49.0,18,31.0
104129,2025-09-20,10,4,137,1,149,34.23,114.77,60,54.77
104130,2025-03-05,14,6,14,1,49,0.0,49.0,18,31.0
104131,2024-12-03,4,2,339,1,399,0.0,399.0,210,189.0
104132,2026-06-16,14,2,3,1,49,0.0,49.0,18,31.0
104133,2024-12-23,6,7,5,1,249,0.0,249.0,120,129.0
104134,2024-09-25,16,1,236,1,39,0.0,39.0,15,24.0
104134,2024-09-25,10,1,236,1,149,35.04,113.96,60,53.96
104134,2024-09-25,9,1,236,1,79,0.0,79.0,25,54.0
104135,2026-06-10,8,1,14,2,349,71.57,626.43,300,326.43
104136,2026-01-08,2,1,400,2,799,0.0,1598.0,960,638.0
104137,2025-11-23,1,3,385,1,999,233.18,765.82,620,145.82
104138,2024-03-03,14,4,125,1,49,0.0,49.0,18,31.0
104139,2024-06-01,19,1,145,1,99,0.0,99.0,35,64.0
104139,2024-06-01,17,1,145,1,89,10.75,78.25,30,48.25
104140,2025-10-21,11,8,74,1,129,0.0,129.0,45,84.0
104140,2025-10-21,9,8,74,1,79,0.0,79.0,25,54.0
104141,2024-08-28,15,8,173,1,35,0.0,35.0,12,23.0
104142,2024-09-14,19,9,350,2,99,0.0,198.0,70,128.0
104143,2026-02-10,10,2,224,1,149,0.0,149.0,60,89.0
104143,2026-02-10,4,2,224,1,399,0.0,399.0,210,189.0
104144,2024-11-10,9,2,150,1,79,11.08,67.92,25,42.92
104145,2024-03-29,2,7,229,3,799,436.48,1960.52,1440,520.52
104146,2024-02-15,14,10,111,2,49,0.0,98.0,36,62.0
104146,2024-02-15,10,10,111,2,149,0.0,298.0,120,178.0
104147,2025-04-09,15,10,353,1,35,0.0,35.0,12,23.0
104147,2025-04-09,20,10,353,1,179,0.0,179.0,70,109.0
104148,2025-10-02,13,3,183,1,199,0.0,199.0,95,104.0
104149,2026-05-06,6,2,145,1,249,0.0,249.0,120,129.0
104149,2026-05-06,16,2,145,1,39,9.43,29.57,15,14.57
104150,2024-05-11,10,4,381,1,149,0.0,149.0,60,89.0
104151,2024-08-14,8,6,261,1,349,0.0,349.0,150,199.0
104151,2024-08-14,15,6,261,3,35,0.0,105.0,36,69.0
104152,2025-07-05,17,6,331,1,89,0.0,89.0,30,59.0
104153,2025-01-10,20,2,247,1,179,0.0,179.0,70,109.0
104154,2025-05-18,8,10,108,2,349,0.0,698.0,300,398.0
104155,2026-06-23,5,4,180,2,349,114.5,583.5,360,223.5
104155,2026-06-23,15,4,180,1,35,0.0,35.0,12,23.0
104156,2025-07-21,17,1,52,1,89,0.0,89.0,30,59.0
104157,2025-03-10,13,10,366,1,199,0.0,199.0,95,104.0
104158,2026-08-22,4,5,93,1,399,91.72,307.28,210,97.28
104158,2026-08-22,11,5,93,1,129,0.0,129.0,45,84.0
104159,2024-03-21,4,10,148,1,399,0.0,399.0,210,189.0
104160,2026-06-30,8,5,219,1,349,0.0,349.0,150,199.0
104160,2026-06-30,9,5,219,1,79,0.0,79.0,25,54.0
104160,2026-06-30,19,5,219,1,99,0.0,99.0,35,64.0
104161,2025-06-06,3,8,82,1,649,0.0,649.0,350,299.0
104161,2025-06-06,11,8,82,1,129,0.0,129.0,45,84.0
104162,2025-06-08,11,1,178,2,129,0.0,258.0,90,168.0
104162,2025-06-08,8,1,178,1,349,0.0,349.0,150,199.0
104163,2026-06-21,2,2,379,2,799,0.0,1598.0,960,638.0
104163,2026-06-21,1,2,379,1,999,0.0,999.0,620,379.0
104164,2025-06-12,15,7,365,1,35,0.0,35.0,12,23.0
104165,2025-04-04,19,10,94,3,99,0.0,297.0,105,192.0
104165,2025-04-04,14,10,94,1,49,0.0,49.0,18,31.0
104166,2024-10-30,16,2,209,1,39,0.0,39.0,15,24.0
104167,2025-11-06,11,1,124,1,129,7.42,121.58,45,76.58
104167,2025-11-06,6,1,124,1,249,0.0,249.0,120,129.0
104168,2025-08-16,12,8,133,1,279,0.0,279.0,140,139.0
104168,2025-08-16,8,8,133,1,349,0.0,349.0,150,199.0
104169,2024-09-02,17,2,333,1,89,0.0,89.0,30,59.0
104170,2025-12-12,11,6,235,1,129,12.04,116.96,45,71.96
104170,2025-12-12,19,6,235,1,99,18.58,80.42,35,45.42
104171,2025-10-26,8,8,339,2,349,0.0,698.0,300,398.0
104171,2025-10-26,17,8,339,1,89,0.0,89.0,30,59.0
104172,2025-02-18,1,3,237,1,999,139.7,859.3,620,239.3
104173,2024-01-06,8,3,133,2,349,0.0,698.0,300,398.0
104174,2025-04-13,14,8,380,1,49,0.0,49.0,18,31.0
104174,2025-04-13,6,8,380,1,249,0.0,249.0,120,129.0
104175,2024-01-08,8,7,158,1,349,0.0,349.0,150,199.0
104175,2024-01-08,11,7,158,1,129,0.0,129.0,45,84.0
104176,2024-04-02,4,4,161,1,399,0.0,399.0,210,189.0
104177,2025-03-27,3,3,26,1,649,43.61,605.39,350,255.39
104178,2024-04-09,4,5,369,1,399,0.0,399.0,210,189.0
104178,2024-04-09,15,5,369,2,35,0.0,70.0,24,46.0
104178,2024-04-09,5,5,369,1,349,0.0,349.0,180,169.0
104179,2024-11-02,8,7,261,1,349,53.67,295.33,150,145.33
104179,2024-11-02,9,7,261,1,79,0.0,79.0,25,54.0
104180,2025-11-04,7,5,182,1,599,0.0,599.0,260,339.0
104181,2024-11-27,2,4,202,1,799,0.0,799.0,480,319.0
104182,2026-08-29,6,4,333,1,249,61.95,187.05,120,67.05
104183,2026-06-16,4,7,2,2,399,0.0,798.0,420,378.0
104184,2025-09-01,7,8,178,2,599,0.0,1198.0,520,678.0
104185,2026-08-02,10,10,289,1,149,0.0,149.0,60,89.0
104185,2026-08-02,1,10,289,1,999,0.0,999.0,620,379.0
104186,2026-05-05,13,7,83,1,199,0.0,199.0,95,104.0
104187,2024-12-05,3,7,184,1,649,0.0,649.0,350,299.0
104188,2026-01-11,19,6,11,1,99,0.0,99.0,35,64.0
104188,2026-01-11,5,6,11,1,349,0.0,349.0,180,169.0
104188,2026-01-11,12,6,11,1,279,0.0,279.0,140,139.0
104189,2024-06-07,14,2,30,1,49,7.73,41.27,18,23.27
104189,2024-06-07,13,2,30,2,199,0.0,398.0,190,208.0
104190,2025-11-25,13,8,59,1,199,31.92,167.08,95,72.08
104191,2025-05-27,9,4,278,1,79,0.0,79.0,25,54.0
104192,2024-01-21,6,5,160,1,249,0.0,249.0,120,129.0
104192,2024-01-21,17,5,160,1,89,0.0,89.0,30,59.0
104192,2024-01-21,5,5,160,1,349,0.0,349.0,180,169.0
104193,2024-11-01,6,5,245,1,249,0.0,249.0,120,129.0
104194,2026-07-22,18,3,307,1,24,0.0,24.0,8,16.0
104194,2026-07-22,6,3,307,2,249,0.0,498.0,240,258.0
104195,2024-12-03,19,4,287,1,99,0.0,99.0,35,64.0
104196,2024-07-28,14,4,112,1,49,0.0,49.0,18,31.0
104196,2024-07-28,17,4,112,2,89,0.0,178.0,60,118.0
104197,2024-08-04,15,7,303,1,35,0.0,35.0,12,23.0
104198,2025-05-15,4,6,89,2,399,117.55,680.45,420,260.45
104199,2026-04-13,10,6,330,1,149,0.0,149.0,60,89.0
104199,2026-04-13,15,6,330,2,35,0.0,70.0,24,46.0
104200,2026-01-20,17,2,33,1,89,0.0,89.0,30,59.0
104201,2025-04-03,3,2,284,2,649,0.0,1298.0,700,598.0
104202,2024-08-27,20,10,279,2,179,0.0,358.0,140,218.0
104203,2024-02-28,19,2,126,1,99,0.0,99.0,35,64.0
104203,2024-02-28,8,2,126,2,349,0.0,698.0,300,398.0
104203,2024-02-28,16,2,126,1,39,0.0,39.0,15,24.0
104204,2025-04-29,2,1,313,1,799,0.0,799.0,480,319.0
104204,2025-04-29,14,1,313,2,49,11.73,86.27,36,50.27
104205,2026-03-18,19,8,106,1,99,0.0,99.0,35,64.0
104206,2025-12-25,12,2,120,1,279,0.0,279.0,140,139.0
104207,2025-03-03,19,3,132,2,99,0.0,198.0,70,128.0
104208,2025-09-10,2,10,329,1,799,0.0,799.0,480,319.0
104208,2025-09-10,18,10,329,1,24,0.0,24.0,8,16.0
104209,2025-04-02,17,5,348,1,89,0.0,89.0,30,59.0
104210,2025-08-26,15,6,126,1,35,0.0,35.0,12,23.0
104211,2025-06-22,14,7,5,1,49,0.0,49.0,18,31.0
104212,2025-11-22,9,10,203,1,79,15.82,63.18,25,38.18
104213,2025-06-12,18,2,113,2,24,0.0,48.0,16,32.0
104214,2026-07-08,4,4,126,1,399,0.0,399.0,210,189.0
104215,2025-03-24,12,5,68,1,279,62.33,216.67,140,76.67
104216,2024-01-20,19,7,84,1,99,0.0,99.0,35,64.0
104217,2024-09-25,17,10,62,1,89,0.0,89.0,30,59.0
104217,2024-09-25,8,10,62,1,349,0.0,349.0,150,199.0
104218,2025-06-05,12,5,369,1,279,0.0,279.0,140,139.0
104218,2025-06-05,16,5,369,1,39,7.98,31.02,15,16.02
104218,2025-06-05,5,5,369,1,349,0.0,349.0,180,169.0
104219,2025-07-17,6,9,201,1,249,0.0,249.0,120,129.0
104219,2025-07-17,19,9,201,1,99,0.0,99.0,35,64.0
104219,2025-07-17,10,9,201,2,149,23.96,274.04,120,154.04
104220,2025-07-29,10,1,39,1,149,0.0,149.0,60,89.0
104220,2025-07-29,1,1,39,1,999,0.0,999.0,620,379.0
104221,2025-12-15,6,1,170,1,249,61.86,187.14,120,67.14
104221,2025-12-15,18,1,170,1,24,0.0,24.0,8,16.0
104222,2024-11-01,5,7,124,1,349,0.0,349.0,180,169.0
104223,2025-11-11,2,1,13,2,799,0.0,1598.0,960,638.0
104224,2025-12-08,14,4,322,2,49,0.0,98.0,36,62.0
104225,2025-03-06,16,2,394,2,39,0.0,78.0,30,48.0
104226,2025-02-24,7,2,387,2,599,242.58,955.42,520,435.42
104227,2024-07-25,12,3,300,1,279,0.0,279.0,140,139.0
104228,2025-03-09,20,8,84,1,179,39.34,139.66,70,69.66
104229,2026-02-18,18,2,79,1,24,0.0,24.0,8,16.0
104230,2026-06-09,13,8,287,1,199,0.0,199.0,95,104.0
104231,2025-09-09,17,1,185,2,89,0.0,178.0,60,118.0
104232,2024-11-20,12,5,137,1,279,0.0,279.0,140,139.0
104232,2024-11-20,8,5,137,1,349,0.0,349.0,150,199.0
104233,2025-11-23,15,4,79,2,35,0.0,70.0,24,46.0
104233,2025-11-23,19,4,79,2,99,0.0,198.0,70,128.0
104234,2026-01-02,19,8,143,1,99,0.0,99.0,35,64.0
104234,2026-01-02,2,8,143,1,799,135.24,663.76,480,183.76
104235,2024-12-15,19,7,89,1,99,0.0,99.0,35,64.0
104236,2026-03-29,8,1,222,1,349,0.0,349.0,150,199.0
104237,2024-03-31,10,5,80,3,149,40.72,406.28,180,226.28
104238,2024-01-14,8,8,164,1,349,0.0,349.0,150,199.0
104239,2024-05-23,7,1,384,1,599,0.0,599.0,260,339.0
104240,2024-06-28,4,1,230,1,399,0.0,399.0,210,189.0
104240,2024-06-28,10,1,230,1,149,0.0,149.0,60,89.0
104241,2026-05-14,19,3,318,1,99,0.0,99.0,35,64.0
104242,2025-03-21,15,7,276,1,35,0.0,35.0,12,23.0
104243,2024-11-01,17,2,45,1,89,11.95,77.05,30,47.05
104243,2024-11-01,3,2,45,1,649,0.0,649.0,350,299.0
104243,2024-11-01,10,2,45,1,149,0.0,149.0,60,89.0
104244,2025-03-25,12,7,298,1,279,0.0,279.0,140,139.0
104244,2025-03-25,19,7,298,1,99,0.0,99.0,35,64.0
104245,2025-02-15,6,7,83,1,249,0.0,249.0,120,129.0
104246,2024-11-22,3,6,332,2,649,0.0,1298.0,700,598.0
104247,2024-06-08,6,6,156,1,249,0.0,249.0,120,129.0
104247,2024-06-08,14,6,156,1,49,0.0,49.0,18,31.0
104248,2025-11-04,18,1,251,1,24,3.94,20.06,8,12.06
104248,2025-11-04,12,1,251,1,279,42.27,236.73,140,96.73
104249,2024-06-07,19,2,282,1,99,0.0,99.0,35,64.0
104250,2026-02-06,18,10,239,1,24,0.0,24.0,8,16.0
104251,2024-08-19,2,1,7,2,799,0.0,1598.0,960,638.0
104252,2025-12-26,19,1,13,3,99,53.85,243.15,105,138.15
104253,2026-03-09,10,10,101,1,149,0.0,149.0,60,89.0
104254,2024-05-26,2,5,115,2,799,0.0,1598.0,960,638.0
104255,2024-04-15,10,6,238,1,149,20.37,128.63,60,68.63
104256,2026-07-17,1,10,89,1,999,0.0,999.0,620,379.0
104257,2025-04-29,6,5,264,1,249,0.0,249.0,120,129.0
104257,2025-04-29,4,5,264,1,399,0.0,399.0,210,189.0
104258,2025-10-13,14,1,289,3,49,0.0,147.0,54,93.0
104259,2024-01-29,11,6,140,3,129,0.0,387.0,135,252.0
104259,2024-01-29,14,6,140,1,49,7.75,41.25,18,23.25
104260,2024-11-04,4,7,178,1,399,80.2,318.8,210,108.8
104261,2025-06-10,8,5,329,1,349,0.0,349.0,150,199.0
104262,2026-05-21,6,6,284,1,249,0.0,249.0,120,129.0
104262,2026-05-21,5,6,284,1,349,0.0,349.0,180,169.0
104262,2026-05-21,8,6,284,2,349,131.15,566.85,300,266.85
104263,2024-10-29,2,1,125,1,799,176.75,622.25,480,142.25
104264,2026-02-06,14,4,7,1,49,6.82,42.18,18,24.18
104265,2025-11-09,10,5,319,1,149,0.0,149.0,60,89.0
104266,2024-05-15,2,9,6,1,799,0.0,799.0,480,319.0
104267,2024-11-15,3,1,289,1,649,82.44,566.56,350,216.56
104268,2024-09-27,13,2,237,1,199,19.65,179.35,95,84.35
104269,2025-04-08,16,7,342,1,39,0.0,39.0,15,24.0
104270,2025-10-18,15,9,335,1,35,0.0,35.0,12,23.0
104271,2025-03-30,6,10,179,1,249,0.0,249.0,120,129.0
104272,2024-10-03,3,8,370,1,649,0.0,649.0,350,299.0
104273,2025-12-03,13,10,345,1,199,0.0,199.0,95,104.0
104273,2025-12-03,9,10,345,2,79,0.0,158.0,50,108.0
104273,2025-12-03,11,10,345,1,129,0.0,129.0,45,84.0
104274,2025-08-31,4,10,192,1,399,26.45,372.55,210,162.55
104274,2025-08-31,13,10,192,1,199,0.0,199.0,95,104.0
104274,2025-08-31,11,10,192,2,129,0.0,258.0,90,168.0
104275,2025-06-24,3,10,345,1,649,132.93,516.07,350,166.07
104276,2025-08-01,18,9,179,2,24,0.0,48.0,16,32.0
104276,2025-08-01,20,9,179,2,179,0.0,358.0,140,218.0
104277,2024-09-10,6,1,325,2,249,0.0,498.0,240,258.0
104278,2025-11-22,8,10,162,1,349,0.0,349.0,150,199.0
104279,2025-02-06,15,5,167,1,35,0.0,35.0,12,23.0
104280,2025-01-09,11,10,268,2,129,0.0,258.0,90,168.0
104281,2024-06-21,9,4,38,1,79,0.0,79.0,25,54.0
104282,2025-09-12,6,8,187,2,249,0.0,498.0,240,258.0
104283,2025-09-18,5,2,377,1,349,0.0,349.0,180,169.0
104284,2024-12-20,3,8,51,2,649,0.0,1298.0,700,598.0
104284,2024-12-20,13,8,51,1,199,0.0,199.0,95,104.0
104285,2026-04-28,6,1,318,1,249,0.0,249.0,120,129.0
104285,2026-04-28,12,1,318,1,279,0.0,279.0,140,139.0
104286,2026-04-15,19,5,206,1,99,0.0,99.0,35,64.0
104287,2024-05-09,15,10,326,1,35,0.0,35.0,12,23.0
104288,2025-12-02,19,3,258,2,99,15.37,182.63,70,112.63
104289,2025-02-14,13,9,215,1,199,0.0,199.0,95,104.0
104290,2026-08-31,3,3,261,1,649,0.0,649.0,350,299.0
104290,2026-08-31,13,3,261,2,199,0.0,398.0,190,208.0
104290,2026-08-31,6,3,261,1,249,0.0,249.0,120,129.0
104291,2024-09-13,6,7,309,2,249,0.0,498.0,240,258.0
104292,2024-11-06,12,8,304,1,279,63.38,215.62,140,75.62
104293,2025-04-08,15,8,191,1,35,0.0,35.0,12,23.0
104293,2025-04-08,6,8,191,1,249,44.29,204.71,120,84.71
104293,2025-04-08,1,8,191,1,999,0.0,999.0,620,379.0
104294,2024-10-26,12,7,348,1,279,0.0,279.0,140,139.0
104295,2025-11-30,9,7,135,1,79,0.0,79.0,25,54.0
104296,2025-05-17,14,2,135,1,49,0.0,49.0,18,31.0
104297,2024-09-09,8,9,170,1,349,0.0,349.0,150,199.0
104298,2025-06-11,3,9,319,1,649,161.64,487.36,350,137.36
104299,2026-05-23,15,8,292,2,35,0.0,70.0,24,46.0
104299,2026-05-23,9,8,292,1,79,0.0,79.0,25,54.0
104300,2026-02-24,16,9,234,2,39,0.0,78.0,30,48.0
104301,2025-06-03,17,7,199,1,89,0.0,89.0,30,59.0
104302,2024-11-12,6,8,297,2,249,83.71,414.29,240,174.29
104302,2024-11-12,14,8,297,1,49,0.0,49.0,18,31.0
104302,2024-11-12,17,8,297,1,89,0.0,89.0,30,59.0
104303,2024-07-26,20,4,328,1,179,0.0,179.0,70,109.0
104304,2026-05-14,17,2,128,2,89,0.0,178.0,60,118.0
104304,2026-05-14,6,2,128,1,249,0.0,249.0,120,129.0
104305,2025-12-12,11,6,179,1,129,29.87,99.13,45,54.13
104306,2025-08-19,20,2,55,1,179,0.0,179.0,70,109.0
104307,2026-05-15,2,10,381,2,799,0.0,1598.0,960,638.0
104308,2024-05-22,17,2,12,1,89,16.43,72.57,30,42.57
104309,2025-11-23,12,6,10,1,279,0.0,279.0,140,139.0
104310,2024-09-05,5,10,220,1,349,0.0,349.0,180,169.0
104311,2024-05-21,4,4,311,1,399,0.0,399.0,210,189.0
104311,2024-05-21,17,4,311,1,89,0.0,89.0,30,59.0
104312,2025-05-02,12,6,158,1,279,0.0,279.0,140,139.0
104313,2025-02-06,2,2,127,2,799,0.0,1598.0,960,638.0
104314,2026-07-09,13,3,91,1,199,0.0,199.0,95,104.0
104315,2024-12-09,4,6,117,1,399,20.43,378.57,210,168.57
104316,2026-03-18,1,1,85,2,999,355.46,1642.54,1240,402.54
104316,2026-03-18,6,1,85,1,249,0.0,249.0,120,129.0
104316,2026-03-18,18,1,85,1,24,0.0,24.0,8,16.0
104317,2026-01-10,7,7,24,1,599,0.0,599.0,260,339.0
104318,2025-11-13,1,10,89,2,999,121.15,1876.85,1240,636.85
104318,2025-11-13,14,10,89,1,49,0.0,49.0,18,31.0
104319,2026-06-20,2,3,269,1,799,0.0,799.0,480,319.0
104320,2025-03-03,17,5,393,1,89,0.0,89.0,30,59.0
104321,2025-02-09,16,8,358,1,39,0.0,39.0,15,24.0
104322,2024-07-04,11,10,175,1,129,0.0,129.0,45,84.0
104323,2024-11-02,18,6,168,2,24,0.0,48.0,16,32.0
104324,2026-05-15,11,10,340,1,129,0.0,129.0,45,84.0
104324,2026-05-15,19,10,340,1,99,0.0,99.0,35,64.0
104325,2025-05-10,5,1,46,1,349,0.0,349.0,180,169.0
104326,2024-12-21,2,6,21,1,799,0.0,799.0,480,319.0
104327,2024-09-04,9,10,31,1,79,0.0,79.0,25,54.0
104328,2025-05-21,15,1,227,1,35,0.0,35.0,12,23.0
104329,2025-12-17,14,6,392,2,49,0.0,98.0,36,62.0
104330,2024-11-10,10,8,147,1,149,0.0,149.0,60,89.0
104331,2026-01-19,11,8,247,2,129,0.0,258.0,90,168.0
104332,2025-10-13,1,2,314,1,999,0.0,999.0,620,379.0
104333,2026-02-19,7,8,399,1,599,0.0,599.0,260,339.0
104334,2024-10-09,18,4,286,2,24,0.0,48.0,16,32.0
104334,2024-10-09,8,4,286,2,349,0.0,698.0,300,398.0
104335,2025-10-14,5,2,187,2,349,0.0,698.0,360,338.0
104336,2024-06-26,10,2,216,2,149,0.0,298.0,120,178.0
104337,2025-01-10,3,1,378,1,649,0.0,649.0,350,299.0
104338,2025-12-22,15,7,167,1,35,0.0,35.0,12,23.0
104338,2025-12-22,2,7,167,1,799,0.0,799.0,480,319.0
104339,2025-10-15,5,10,117,1,349,38.15,310.85,180,130.85
104340,2024-08-04,12,2,329,2,279,0.0,558.0,280,278.0
104341,2026-04-27,16,8,46,3,39,0.0,117.0,45,72.0
104341,2026-04-27,19,8,46,1,99,0.0,99.0,35,64.0
104342,2024-03-08,9,2,86,2,79,0.0,158.0,50,108.0
104343,2025-09-11,13,3,208,1,199,0.0,199.0,95,104.0
104344,2026-08-17,4,8,100,1,399,61.98,337.02,210,127.02
104345,2025-07-07,18,6,316,1,24,0.0,24.0,8,16.0
104346,2026-03-05,11,10,294,2,129,0.0,258.0,90,168.0
104347,2025-09-11,6,10,285,1,249,0.0,249.0,120,129.0
104347,2025-09-11,12,10,285,2,279,0.0,558.0,280,278.0
104347,2025-09-11,17,10,285,1,89,0.0,89.0,30,59.0
104348,2026-02-14,13,3,65,3,199,0.0,597.0,285,312.0
104349,2025-11-04,1,9,46,1,999,0.0,999.0,620,379.0
104350,2025-11-29,8,7,145,1,349,75.75,273.25,150,123.25
104350,2025-11-29,11,7,145,1,129,0.0,129.0,45,84.0
104350,2025-11-29,12,7,145,1,279,22.87,256.13,140,116.13
104351,2024-09-16,13,2,148,1,199,0.0,199.0,95,104.0
104352,2026-01-03,13,8,17,1,199,0.0,199.0,95,104.0
104352,2026-01-03,8,8,17,1,349,0.0,349.0,150,199.0
104353,2024-09-27,20,5,246,1,179,0.0,179.0,70,109.0
104353,2024-09-27,19,5,246,2,99,0.0,198.0,70,128.0
104354,2026-08-14,2,7,114,2,799,0.0,1598.0,960,638.0
104355,2024-09-16,15,3,249,1,35,0.0,35.0,12,23.0
104356,2024-09-25,18,10,10,1,24,0.0,24.0,8,16.0
104357,2026-04-27,13,3,140,1,199,36.22,162.78,95,67.78
104358,2024-10-02,16,1,195,2,39,0.0,78.0,30,48.0
104358,2024-10-02,1,1,195,1,999,0.0,999.0,620,379.0
104358,2024-10-02,2,1,195,3,799,0.0,2397.0,1440,957.0
104359,2025-01-06,2,7,75,2,799,0.0,1598.0,960,638.0
104359,2025-01-06,19,7,75,1,99,0.0,99.0,35,64.0
104360,2025-12-15,4,6,124,2,399,0.0,798.0,420,378.0
104361,2024-07-01,15,8,270,1,35,0.0,35.0,12,23.0
104362,2024-07-02,7,9,299,1,599,0.0,599.0,260,339.0
104363,2025-05-22,16,10,235,2,39,0.0,78.0,30,48.0
104364,2024-10-03,4,7,389,1,399,0.0,399.0,210,189.0
104365,2024-09-24,6,4,278,1,249,0.0,249.0,120,129.0
104366,2024-01-12,15,8,350,1,35,0.0,35.0,12,23.0
104367,2025-01-17,6,2,286,1,249,0.0,249.0,120,129.0
104367,2025-01-17,16,2,286,2,39,0.0,78.0,30,48.0
104367,2025-01-17,4,2,286,1,399,0.0,399.0,210,189.0
104368,2024-12-04,5,4,333,1,349,0.0,349.0,180,169.0
104369,2024-02-08,6,7,259,2,249,0.0,498.0,240,258.0
104370,2025-10-05,5,4,166,1,349,0.0,349.0,180,169.0
104371,2025-10-10,9,1,352,1,79,0.0,79.0,25,54.0
104371,2025-10-10,7,1,352,2,599,0.0,1198.0,520,678.0
104371,2025-10-10,8,1,352,1,349,0.0,349.0,150,199.0
104372,2024-03-28,17,9,273,1,89,0.0,89.0,30,59.0
104372,2024-03-28,1,9,273,2,999,0.0,1998.0,1240,758.0
104373,2024-12-04,14,1,125,1,49,4.41,44.59,18,26.59
104374,2026-05-09,5,5,374,1,349,18.58,330.42,180,150.42
104375,2025-08-29,3,3,141,1,649,0.0,649.0,350,299.0
104376,2025-03-07,4,9,179,1,399,0.0,399.0,210,189.0
104376,2025-03-07,14,9,179,1,49,6.75,42.25,18,24.25
104377,2025-05-01,7,2,335,1,599,63.99,535.01,260,275.01
104378,2024-08-27,4,3,306,1,399,0.0,399.0,210,189.0
104378,2024-08-27,20,3,306,1,179,37.88,141.12,70,71.12
104379,2026-03-15,5,8,40,3,349,0.0,1047.0,540,507.0
104379,2026-03-15,7,8,40,2,599,0.0,1198.0,520,678.0
104380,2026-06-14,18,2,242,2,24,0.0,48.0,16,32.0
104380,2026-06-14,14,2,242,2,49,0.0,98.0,36,62.0
104381,2026-06-11,15,9,287,1,35,0.0,35.0,12,23.0
104382,2024-09-12,14,1,292,2,49,0.0,98.0,36,62.0
104382,2024-09-12,12,1,292,1,279,50.74,228.26,140,88.26
104383,2024-11-29,14,7,109,1,49,0.0,49.0,18,31.0
104383,2024-11-29,11,7,109,1,129,19.58,109.42,45,64.42
104384,2024-07-04,12,6,3,2,279,84.88,473.12,280,193.12
104384,2024-07-04,19,6,3,1,99,0.0,99.0,35,64.0
104385,2024-11-26,12,2,184,1,279,66.57,212.43,140,72.43
104386,2024-12-15,2,1,190,1,799,103.02,695.98,480,215.98
104387,2025-10-16,9,6,89,1,79,0.0,79.0,25,54.0
104388,2024-08-06,14,5,27,2,49,0.0,98.0,36,62.0
104388,2024-08-06,7,5,27,1,599,0.0,599.0,260,339.0
104388,2024-08-06,18,5,27,2,24,0.0,48.0,16,32.0
104389,2026-06-19,11,8,68,1,129,21.86,107.14,45,62.14
104389,2026-06-19,10,8,68,1,149,0.0,149.0,60,89.0
104390,2024-05-02,15,2,285,1,35,0.0,35.0,12,23.0
104390,2024-05-02,19,2,285,1,99,0.0,99.0,35,64.0
104391,2024-01-09,5,6,298,2,349,0.0,698.0,360,338.0
104392,2026-04-24,5,4,163,2,349,0.0,698.0,360,338.0
104393,2025-12-08,7,9,291,1,599,136.98,462.02,260,202.02
104393,2025-12-08,2,9,291,1,799,141.35,657.65,480,177.65
104394,2024-12-31,8,7,392,1,349,49.86,299.14,150,149.14
104395,2025-09-11,17,7,173,1,89,18.0,71.0,30,41.0
104396,2024-09-12,12,4,312,1,279,56.38,222.62,140,82.62
104397,2024-07-13,16,9,201,1,39,0.0,39.0,15,24.0
104398,2025-05-07,15,10,84,1,35,0.0,35.0,12,23.0
104399,2024-12-30,10,8,281,2,149,72.32,225.68,120,105.68
104400,2025-09-30,5,1,277,2,349,0.0,698.0,360,338.0
104401,2024-09-06,5,10,201,1,349,48.33,300.67,180,120.67
104402,2025-11-09,3,2,304,1,649,106.99,542.01,350,192.01
104403,2026-01-28,1,2,148,1,999,0.0,999.0,620,379.0
104404,2024-07-11,20,7,240,2,179,0.0,358.0,140,218.0
104405,2024-02-25,10,6,99,1,149,0.0,149.0,60,89.0
104405,2024-02-25,17,6,99,1,89,0.0,89.0,30,59.0
104406,2025-04-05,6,8,227,1,249,0.0,249.0,120,129.0
104407,2026-02-05,12,1,259,1,279,30.48,248.52,140,108.52
104408,2025-10-31,16,3,360,1,39,0.0,39.0,15,24.0
104409,2025-12-07,16,10,32,1,39,0.0,39.0,15,24.0
104410,2025-02-25,9,1,103,1,79,0.0,79.0,25,54.0
104411,2024-09-24,18,8,94,2,24,0.0,48.0,16,32.0
104412,2025-07-07,8,6,93,1,349,79.85,269.15,150,119.15
104413,2024-08-22,6,2,336,2,249,0.0,498.0,240,258.0
104414,2025-12-23,14,4,266,1,49,0.0,49.0,18,31.0
104415,2024-08-14,4,4,100,1,399,0.0,399.0,210,189.0
104416,2024-11-14,1,10,123,2,999,0.0,1998.0,1240,758.0
104417,2025-06-11,2,6,183,1,799,0.0,799.0,480,319.0
104417,2025-06-11,13,6,183,1,199,0.0,199.0,95,104.0
104418,2025-05-22,13,4,38,1,199,0.0,199.0,95,104.0
104419,2025-09-16,20,1,142,1,179,0.0,179.0,70,109.0
104419,2025-09-16,5,1,142,2,349,0.0,698.0,360,338.0
104420,2025-04-03,7,1,205,1,599,0.0,599.0,260,339.0
104421,2026-06-19,10,9,51,2,149,0.0,298.0,120,178.0
104422,2026-04-10,15,4,54,1,35,0.0,35.0,12,23.0
104422,2026-04-10,7,4,54,3,599,0.0,1797.0,780,1017.0
104423,2026-05-15,14,3,152,1,49,3.37,45.63,18,27.63
104424,2025-10-13,20,4,8,1,179,0.0,179.0,70,109.0
104424,2025-10-13,18,4,8,2,24,0.0,48.0,16,32.0
104425,2025-10-18,9,2,16,1,79,0.0,79.0,25,54.0
104426,2025-09-24,17,10,73,1,89,0.0,89.0,30,59.0
104427,2025-04-01,9,1,372,2,79,21.18,136.82,50,86.82
104428,2024-12-07,18,4,159,1,24,0.0,24.0,8,16.0
104428,2024-12-07,7,4,159,1,599,0.0,599.0,260,339.0
104429,2025-09-08,18,1,322,1,24,0.0,24.0,8,16.0
104429,2025-09-08,13,1,322,1,199,0.0,199.0,95,104.0
104430,2024-02-01,2,1,150,1,799,88.12,710.88,480,230.88
104431,2024-01-10,7,2,67,1,599,57.02,541.98,260,281.98
104432,2026-04-21,3,5,296,1,649,0.0,649.0,350,299.0
104433,2024-02-28,19,4,364,2,99,0.0,198.0,70,128.0
104434,2025-06-30,9,1,163,1,79,0.0,79.0,25,54.0
104435,2025-09-30,18,1,74,2,24,0.0,48.0,16,32.0
104435,2025-09-30,16,1,74,1,39,0.0,39.0,15,24.0
104435,2025-09-30,5,1,74,1,349,0.0,349.0,180,169.0
104436,2024-08-15,5,10,362,1,349,0.0,349.0,180,169.0
104436,2024-08-15,14,10,362,1,49,0.0,49.0,18,31.0
104437,2026-05-29,2,6,208,1,799,0.0,799.0,480,319.0
104437,2026-05-29,10,6,208,2,149,35.65,262.35,120,142.35
104438,2024-08-06,16,1,305,1,39,6.87,32.13,15,17.13
104439,2026-05-19,4,8,294,1,399,55.09,343.91,210,133.91
104440,2026-01-25,1,7,294,1,999,0.0,999.0,620,379.0
104440,2026-01-25,17,7,294,1,89,0.0,89.0,30,59.0
104441,2024-09-30,9,7,197,1,79,0.0,79.0,25,54.0
104442,2024-06-22,11,7,16,1,129,0.0,129.0,45,84.0
104442,2024-06-22,18,7,16,1,24,5.62,18.38,8,10.38
104443,2024-12-03,7,8,200,2,599,0.0,1198.0,520,678.0
104444,2025-02-19,20,5,230,1,179,36.78,142.22,70,72.22
104445,2024-10-05,17,3,308,3,89,34.2,232.8,90,142.8
104446,2026-08-31,18,10,3,2,24,2.88,45.12,16,29.12
104447,2024-09-18,3,2,216,1,649,0.0,649.0,350,299.0
104448,2026-04-02,2,9,259,2,799,0.0,1598.0,960,638.0
104449,2024-07-02,16,7,245,1,39,0.0,39.0,15,24.0
104450,2026-08-14,18,7,32,1,24,0.0,24.0,8,16.0
104451,2024-09-14,17,6,317,3,89,0.0,267.0,90,177.0
104452,2025-03-17,6,8,6,1,249,0.0,249.0,120,129.0
104452,2025-03-17,15,8,6,1,35,0.0,35.0,12,23.0
104453,2025-08-05,15,10,141,1,35,0.0,35.0,12,23.0
104453,2025-08-05,17,10,141,2,89,0.0,178.0,60,118.0
104453,2025-08-05,12,10,141,1,279,44.49,234.51,140,94.51
104454,2024-05-20,18,8,351,1,24,5.64,18.36,8,10.36
104455,2026-03-20,17,8,304,1,89,17.54,71.46,30,41.46
104456,2024-11-01,13,4,249,1,199,16.63,182.37,95,87.37
104456,2024-11-01,15,4,249,2,35,0.0,70.0,24,46.0
104456,2024-11-01,6,4,249,1,249,56.02,192.98,120,72.98
104457,2025-07-26,13,7,296,2,199,0.0,398.0,190,208.0
104458,2025-07-26,14,1,7,1,49,0.0,49.0,18,31.0
104458,2025-07-26,9,1,7,1,79,0.0,79.0,25,54.0
104459,2025-09-18,14,3,163,2,49,17.0,81.0,36,45.0
104459,2025-09-18,10,3,163,1,149,0.0,149.0,60,89.0
104460,2024-03-10,1,3,119,2,999,231.05,1766.95,1240,526.95
104461,2024-07-13,14,7,80,3,49,0.0,147.0,54,93.0
104462,2024-07-04,11,2,105,1,129,0.0,129.0,45,84.0
104463,2024-11-22,18,5,359,2,24,0.0,48.0,16,32.0
104464,2024-06-16,12,3,54,1,279,0.0,279.0,140,139.0
104465,2026-06-21,4,6,56,2,399,0.0,798.0,420,378.0
104465,2026-06-21,2,6,56,1,799,0.0,799.0,480,319.0
104466,2025-06-18,2,8,352,1,799,84.24,714.76,480,234.76
104467,2025-10-08,11,10,35,2,129,0.0,258.0,90,168.0
104468,2025-01-03,9,6,159,1,79,0.0,79.0,25,54.0
104468,2025-01-03,6,6,159,2,249,116.21,381.79,240,141.79
104469,2024-11-02,17,8,175,1,89,17.91,71.09,30,41.09
104470,2025-06-08,16,6,387,1,39,9.42,29.58,15,14.58
104471,2024-11-16,7,7,39,3,599,153.86,1643.14,780,863.14
104472,2024-12-23,5,8,155,1,349,0.0,349.0,180,169.0
104473,2025-04-19,14,2,41,1,49,0.0,49.0,18,31.0
104474,2025-06-10,14,10,346,1,49,0.0,49.0,18,31.0
104475,2026-08-17,15,6,163,1,35,0.0,35.0,12,23.0
104476,2024-09-12,3,3,281,1,649,0.0,649.0,350,299.0
104477,2025-05-24,5,9,21,1,349,0.0,349.0,180,169.0
104478,2024-06-21,1,1,91,3,999,0.0,2997.0,1860,1137.0
104479,2024-12-27,8,8,372,2,349,0.0,698.0,300,398.0
104480,2025-12-17,4,10,193,1,399,0.0,399.0,210,189.0
104481,2024-07-20,11,2,381,1,129,0.0,129.0,45,84.0
104481,2024-07-20,3,2,381,1,649,0.0,649.0,350,299.0
104482,2025-08-28,9,10,209,1,79,0.0,79.0,25,54.0
104482,2025-08-28,2,10,209,1,799,174.79,624.21,480,144.21
104483,2025-03-12,11,4,388,1,129,0.0,129.0,45,84.0
104484,2024-03-05,6,6,87,2,249,0.0,498.0,240,258.0
104484,2024-03-05,2,6,87,1,799,0.0,799.0,480,319.0
104484,2024-03-05,19,6,87,1,99,0.0,99.0,35,64.0
104485,2026-07-01,19,9,179,1,99,0.0,99.0,35,64.0
104486,2025-03-09,5,3,397,1,349,0.0,349.0,180,169.0
104487,2026-02-15,1,10,391,1,999,247.06,751.94,620,131.94
104488,2025-03-12,3,2,318,1,649,0.0,649.0,350,299.0
104489,2026-07-05,8,4,83,1,349,0.0,349.0,150,199.0
104490,2024-11-13,4,8,105,1,399,0.0,399.0,210,189.0
104491,2025-03-07,16,6,18,2,39,0.0,78.0,30,48.0
104491,2025-03-07,5,6,18,2,349,0.0,698.0,360,338.0
104492,2026-01-20,1,6,149,1,999,0.0,999.0,620,379.0
104493,2024-12-23,18,5,73,1,24,0.0,24.0,8,16.0
104493,2024-12-23,8,5,73,1,349,0.0,349.0,150,199.0
104493,2024-12-23,4,5,73,1,399,0.0,399.0,210,189.0
104494,2025-01-10,11,2,18,2,129,0.0,258.0,90,168.0
104494,2025-01-10,9,2,18,1,79,0.0,79.0,25,54.0
104495,2026-08-27,5,8,255,1,349,0.0,349.0,180,169.0
104496,2025-08-02,4,8,187,2,399,0.0,798.0,420,378.0
104497,2025-11-28,20,10,109,2,179,0.0,358.0,140,218.0
104498,2025-10-25,15,9,53,1,35,0.0,35.0,12,23.0
104499,2026-03-30,18,9,206,1,24,5.96,18.04,8,10.04
104500,2026-04-30,10,8,349,1,149,11.56,137.44,60,77.44
104501,2025-08-10,16,4,394,3,39,0.0,117.0,45,72.0
104502,2024-11-16,4,6,51,1,399,0.0,399.0,210,189.0
104503,2024-01-29,20,7,124,1,179,0.0,179.0,70,109.0
104503,2024-01-29,4,7,124,1,399,0.0,399.0,210,189.0
104504,2025-09-29,12,10,326,2,279,0.0,558.0,280,278.0
104505,2026-03-28,3,8,39,1,649,0.0,649.0,350,299.0
104505,2026-03-28,10,8,39,2,149,0.0,298.0,120,178.0
104506,2025-04-17,18,10,197,1,24,0.0,24.0,8,16.0
104507,2024-07-08,19,4,144,1,99,14.01,84.99,35,49.99
104508,2024-11-11,20,3,212,1,179,39.33,139.67,70,69.67
104509,2025-06-15,13,4,344,1,199,0.0,199.0,95,104.0
104510,2026-04-07,18,10,277,1,24,0.0,24.0,8,16.0
104511,2024-07-16,6,4,117,1,249,0.0,249.0,120,129.0
104512,2025-09-27,1,2,138,2,999,0.0,1998.0,1240,758.0
104512,2025-09-27,8,2,138,2,349,0.0,698.0,300,398.0
104513,2026-01-15,15,7,320,1,35,0.0,35.0,12,23.0
104514,2026-07-04,2,6,307,1,799,0.0,799.0,480,319.0
104514,2026-07-04,19,6,307,1,99,10.39,88.61,35,53.61
104514,2026-07-04,18,6,307,2,24,0.0,48.0,16,32.0
104515,2024-05-17,8,2,343,1,349,0.0,349.0,150,199.0
104516,2026-06-25,17,1,4,2,89,0.0,178.0,60,118.0
104517,2025-09-17,8,7,229,1,349,0.0,349.0,150,199.0
104518,2026-01-28,5,9,166,1,349,0.0,349.0,180,169.0
104518,2026-01-28,17,9,166,1,89,0.0,89.0,30,59.0
104519,2024-03-08,17,3,223,1,89,0.0,89.0,30,59.0
104519,2024-03-08,11,3,223,1,129,0.0,129.0,45,84.0
104520,2025-06-11,5,8,48,1,349,0.0,349.0,180,169.0
104521,2025-10-07,15,2,134,1,35,0.0,35.0,12,23.0
104522,2024-11-26,19,2,238,1,99,9.21,89.79,35,54.79
104523,2025-03-28,4,9,398,1,399,0.0,399.0,210,189.0
104524,2025-08-01,1,1,135,2,999,0.0,1998.0,1240,758.0
104525,2025-07-30,11,7,53,2,129,0.0,258.0,90,168.0
104526,2024-02-22,1,9,323,1,999,0.0,999.0,620,379.0
104527,2025-04-05,3,2,37,1,649,0.0,649.0,350,299.0
104528,2024-09-02,2,7,292,1,799,0.0,799.0,480,319.0
104529,2026-06-16,5,5,219,1,349,0.0,349.0,180,169.0
104530,2026-08-11,10,7,259,1,149,0.0,149.0,60,89.0
104530,2026-08-11,13,7,259,1,199,0.0,199.0,95,104.0
104531,2024-11-20,3,4,323,2,649,0.0,1298.0,700,598.0
104531,2024-11-20,2,4,323,1,799,0.0,799.0,480,319.0
104532,2024-07-20,10,1,384,1,149,0.0,149.0,60,89.0
104532,2024-07-20,7,1,384,1,599,42.42,556.58,260,296.58
104532,2024-07-20,20,1,384,1,179,0.0,179.0,70,109.0
104533,2024-09-08,18,1,60,1,24,0.0,24.0,8,16.0
104534,2025-05-14,11,10,71,1,129,0.0,129.0,45,84.0
104535,2026-05-11,9,4,252,1,79,0.0,79.0,25,54.0
104536,2025-06-05,1,8,80,1,999,0.0,999.0,620,379.0
104537,2024-03-10,13,6,15,2,199,0.0,398.0,190,208.0
104538,2024-02-20,5,10,287,1,349,0.0,349.0,180,169.0
104538,2024-02-20,19,10,287,1,99,0.0,99.0,35,64.0
104539,2024-09-16,2,9,67,2,799,0.0,1598.0,960,638.0
104540,2026-04-13,11,6,245,2,129,0.0,258.0,90,168.0
104541,2025-10-06,15,4,56,1,35,0.0,35.0,12,23.0
104542,2025-08-09,16,9,356,1,39,0.0,39.0,15,24.0
104543,2024-12-05,1,2,278,2,999,0.0,1998.0,1240,758.0
104544,2026-06-28,3,6,209,1,649,0.0,649.0,350,299.0
104545,2024-12-14,4,8,127,1,399,25.5,373.5,210,163.5
104545,2024-12-14,16,8,127,1,39,0.0,39.0,15,24.0
104546,2026-04-06,3,7,47,1,649,0.0,649.0,350,299.0
104546,2026-04-06,1,7,47,1,999,53.94,945.06,620,325.06
104547,2026-05-29,14,3,256,2,49,0.0,98.0,36,62.0
104548,2025-05-19,14,7,75,1,49,0.0,49.0,18,31.0
104548,2025-05-19,13,7,75,1,199,0.0,199.0,95,104.0
104548,2025-05-19,8,7,75,1,349,0.0,349.0,150,199.0
104549,2026-05-27,11,4,21,2,129,0.0,258.0,90,168.0
104550,2024-11-03,18,1,287,2,24,0.0,48.0,16,32.0
104551,2025-11-06,20,1,181,1,179,31.43,147.57,70,77.57
104552,2024-04-16,13,8,28,1,199,0.0,199.0,95,104.0
104553,2025-05-10,11,10,243,1,129,0.0,129.0,45,84.0
104553,2025-05-10,3,10,243,1,649,0.0,649.0,350,299.0
104554,2024-09-05,16,9,202,1,39,5.58,33.42,15,18.42
104555,2024-03-18,16,7,279,1,39,4.62,34.38,15,19.38
104555,2024-03-18,15,7,279,1,35,0.0,35.0,12,23.0
104556,2024-01-05,8,9,4,1,349,35.08,313.92,150,163.92
104557,2024-12-09,13,7,162,2,199,57.38,340.62,190,150.62
104558,2025-09-05,8,2,294,1,349,0.0,349.0,150,199.0
104559,2025-04-21,18,4,41,2,24,0.0,48.0,16,32.0
104560,2024-11-22,15,4,102,1,35,0.0,35.0,12,23.0
104561,2026-08-24,12,7,114,1,279,0.0,279.0,140,139.0
104562,2026-07-07,19,9,345,1,99,22.72,76.28,35,41.28
104563,2024-05-26,11,9,275,3,129,0.0,387.0,135,252.0
104563,2024-05-26,7,9,275,1,599,0.0,599.0,260,339.0
104564,2025-03-10,20,1,302,1,179,0.0,179.0,70,109.0
104565,2025-10-30,12,6,38,1,279,0.0,279.0,140,139.0
104566,2025-12-28,20,5,345,1,179,0.0,179.0,70,109.0
104567,2025-01-13,4,2,110,2,399,74.88,723.12,420,303.12
104568,2026-01-08,8,7,317,1,349,0.0,349.0,150,199.0
104569,2024-05-25,15,10,82,1,35,7.82,27.18,12,15.18
104569,2024-05-25,19,10,82,1,99,0.0,99.0,35,64.0
104570,2024-12-14,10,5,123,1,149,0.0,149.0,60,89.0
104571,2025-12-16,5,1,301,3,349,0.0,1047.0,540,507.0
104572,2025-10-09,12,9,137,1,279,55.65,223.35,140,83.35
104572,2025-10-09,2,9,137,1,799,0.0,799.0,480,319.0
104573,2026-04-08,17,2,50,2,89,0.0,178.0,60,118.0
104574,2024-02-29,11,4,121,1,129,0.0,129.0,45,84.0
104575,2024-07-20,10,3,356,2,149,60.16,237.84,120,117.84
104575,2024-07-20,19,3,356,2,99,0.0,198.0,70,128.0
104576,2024-03-02,20,10,258,2,179,0.0,358.0,140,218.0
104577,2024-08-09,15,5,173,1,35,8.08,26.92,12,14.92
104578,2024-01-06,19,8,88,1,99,0.0,99.0,35,64.0
104579,2025-06-09,11,10,86,1,129,12.17,116.83,45,71.83
104579,2025-06-09,1,10,86,1,999,0.0,999.0,620,379.0
104580,2025-07-04,12,10,13,1,279,0.0,279.0,140,139.0
104581,2025-11-06,18,8,337,2,24,0.0,48.0,16,32.0
104582,2025-02-03,13,4,330,3,199,0.0,597.0,285,312.0
104582,2025-02-03,6,4,330,1,249,0.0,249.0,120,129.0
104583,2024-01-04,12,5,124,2,279,0.0,558.0,280,278.0
104584,2025-11-17,6,9,88,2,249,83.12,414.88,240,174.88
104584,2025-11-17,11,9,88,1,129,0.0,129.0,45,84.0
104584,2025-11-17,4,9,88,1,399,0.0,399.0,210,189.0
104585,2024-03-09,5,6,15,1,349,0.0,349.0,180,169.0
104586,2026-05-04,16,10,278,1,39,7.1,31.9,15,16.9
104587,2024-01-28,4,10,7,2,399,0.0,798.0,420,378.0
104587,2024-01-28,1,10,7,1,999,0.0,999.0,620,379.0
104588,2025-07-06,15,5,63,1,35,0.0,35.0,12,23.0
104588,2025-07-06,13,5,63,2,199,0.0,398.0,190,208.0
104589,2026-05-28,13,6,352,1,199,0.0,199.0,95,104.0
104590,2025-08-19,5,1,34,1,349,0.0,349.0,180,169.0
104591,2025-09-24,2,9,94,1,799,0.0,799.0,480,319.0
104592,2025-11-23,4,7,324,2,399,0.0,798.0,420,378.0
104592,2025-11-23,15,7,324,2,35,3.59,66.41,24,42.41
104593,2024-05-23,16,6,287,1,39,0.0,39.0,15,24.0
104594,2025-11-18,4,6,232,2,399,131.68,666.32,420,246.32
104595,2026-05-16,10,2,316,1,149,0.0,149.0,60,89.0
104596,2026-08-08,18,8,6,2,24,7.16,40.84,16,24.84
104597,2025-04-09,17,5,118,1,89,0.0,89.0,30,59.0
104598,2024-12-23,5,5,3,1,349,0.0,349.0,180,169.0
104598,2024-12-23,12,5,3,1,279,0.0,279.0,140,139.0
104599,2026-01-15,13,3,124,2,199,0.0,398.0,190,208.0
104599,2026-01-15,19,3,124,1,99,0.0,99.0,35,64.0
104600,2025-07-19,12,6,318,1,279,0.0,279.0,140,139.0
104601,2024-10-16,4,6,310,3,399,0.0,1197.0,630,567.0
104601,2024-10-16,13,6,310,2,199,0.0,398.0,190,208.0
104602,2024-07-17,11,2,213,1,129,0.0,129.0,45,84.0
104603,2024-07-15,13,8,330,1,199,0.0,199.0,95,104.0
104604,2025-04-25,9,3,268,1,79,0.0,79.0,25,54.0
104605,2024-07-15,7,1,376,1,599,0.0,599.0,260,339.0
104606,2024-01-25,1,4,42,1,999,0.0,999.0,620,379.0
104607,2024-03-06,16,8,7,2,39,0.0,78.0,30,48.0
104608,2026-06-28,10,1,388,1,149,0.0,149.0,60,89.0
104609,2024-03-30,11,10,334,2,129,0.0,258.0,90,168.0
104610,2024-03-31,7,2,327,1,599,0.0,599.0,260,339.0
104611,2025-04-17,17,2,254,2,89,0.0,178.0,60,118.0
104611,2025-04-17,8,2,254,1,349,0.0,349.0,150,199.0
104611,2025-04-17,1,2,254,1,999,0.0,999.0,620,379.0
104612,2024-10-04,16,5,129,1,39,0.0,39.0,15,24.0
104613,2026-07-29,5,7,82,2,349,93.73,604.27,360,244.27
104614,2026-06-11,15,1,268,1,35,0.0,35.0,12,23.0
104614,2026-06-11,14,1,268,2,49,21.52,76.48,36,40.48
104614,2026-06-11,3,1,268,2,649,0.0,1298.0,700,598.0
104615,2025-02-27,10,1,82,2,149,0.0,298.0,120,178.0
104615,2025-02-27,14,1,82,1,49,0.0,49.0,18,31.0
104616,2025-04-15,4,2,391,1,399,0.0,399.0,210,189.0
104617,2025-01-23,12,10,140,3,279,133.86,703.14,420,283.14
104617,2025-01-23,10,10,140,1,149,0.0,149.0,60,89.0
104618,2024-02-17,20,10,219,2,179,0.0,358.0,140,218.0
104619,2024-11-15,5,10,60,1,349,0.0,349.0,180,169.0
104619,2024-11-15,13,10,60,1,199,0.0,199.0,95,104.0
104620,2024-05-23,13,6,129,1,199,32.2,166.8,95,71.8
104621,2024-05-02,20,10,260,1,179,0.0,179.0,70,109.0
104622,2025-08-07,15,6,324,2,35,15.8,54.2,24,30.2
104623,2024-04-28,9,10,105,2,79,0.0,158.0,50,108.0
104624,2024-05-02,15,1,37,2,35,0.0,70.0,24,46.0
104625,2025-05-16,20,1,318,1,179,0.0,179.0,70,109.0
104626,2025-04-08,8,9,229,1,349,57.61,291.39,150,141.39
104627,2024-06-08,16,10,374,2,39,0.0,78.0,30,48.0
104628,2024-01-06,19,5,389,1,99,0.0,99.0,35,64.0
104629,2024-08-10,18,6,258,1,24,0.0,24.0,8,16.0
104630,2024-09-25,20,1,110,2,179,0.0,358.0,140,218.0
104631,2026-03-04,14,8,116,1,49,3.15,45.85,18,27.85
104632,2026-06-15,16,8,114,1,39,0.0,39.0,15,24.0
104633,2025-03-01,7,1,166,1,599,0.0,599.0,260,339.0
104633,2025-03-01,17,1,166,1,89,0.0,89.0,30,59.0
104634,2025-02-27,11,1,311,1,129,0.0,129.0,45,84.0
104635,2025-12-14,12,5,335,2,279,106.35,451.65,280,171.65
104636,2025-10-10,19,5,29,2,99,10.44,187.56,70,117.56
104636,2025-10-10,1,5,29,2,999,0.0,1998.0,1240,758.0
104637,2024-07-31,12,1,66,2,279,0.0,558.0,280,278.0
104638,2024-05-07,16,10,157,1,39,0.0,39.0,15,24.0
104639,2025-04-03,3,10,358,1,649,0.0,649.0,350,299.0
104640,2025-08-11,14,4,229,1,49,0.0,49.0,18,31.0
104641,2024-06-09,13,8,76,1,199,0.0,199.0,95,104.0
104642,2024-11-15,17,9,209,1,89,0.0,89.0,30,59.0
104643,2024-11-25,10,5,99,1,149,11.14,137.86,60,77.86
104644,2024-10-19,17,6,235,2,89,0.0,178.0,60,118.0
104644,2024-10-19,7,6,235,1,599,0.0,599.0,260,339.0
104645,2025-04-27,13,1,176,1,199,49.16,149.84,95,54.84
104646,2025-11-02,2,4,220,2,799,0.0,1598.0,960,638.0
104647,2025-06-14,13,5,47,1,199,0.0,199.0,95,104.0
104648,2024-08-19,13,2,13,1,199,0.0,199.0,95,104.0
104649,2024-05-02,19,6,288,1,99,0.0,99.0,35,64.0
104650,2026-03-25,14,10,37,1,49,8.11,40.89,18,22.89
104651,2025-05-15,10,1,376,1,149,0.0,149.0,60,89.0
104651,2025-05-15,1,1,376,1,999,0.0,999.0,620,379.0
104652,2024-03-18,6,10,295,1,249,0.0,249.0,120,129.0
104652,2024-03-18,13,10,295,1,199,0.0,199.0,95,104.0
104653,2024-10-16,9,8,341,1,79,0.0,79.0,25,54.0
104654,2026-03-08,19,1,347,1,99,0.0,99.0,35,64.0
104654,2026-03-08,2,1,347,1,799,0.0,799.0,480,319.0
104654,2026-03-08,10,1,347,1,149,0.0,149.0,60,89.0
104655,2026-01-13,17,7,42,1,89,18.76,70.24,30,40.24
104655,2026-01-13,14,7,42,1,49,0.0,49.0,18,31.0
104656,2026-05-12,2,7,74,2,799,0.0,1598.0,960,638.0
104657,2025-09-17,10,3,191,2,149,0.0,298.0,120,178.0
104658,2025-03-19,2,1,230,1,799,105.89,693.11,480,213.11
104659,2025-03-23,5,10,333,2,349,0.0,698.0,360,338.0
104660,2024-08-11,10,8,355,1,149,0.0,149.0,60,89.0
104661,2025-11-01,18,4,54,1,24,0.0,24.0,8,16.0
104661,2025-11-01,4,4,54,1,399,0.0,399.0,210,189.0
104662,2025-09-01,11,4,260,1,129,0.0,129.0,45,84.0
104662,2025-09-01,12,4,260,1,279,0.0,279.0,140,139.0
104663,2024-06-27,12,9,264,2,279,0.0,558.0,280,278.0
104664,2026-05-20,9,3,183,1,79,0.0,79.0,25,54.0
104664,2026-05-20,18,3,183,1,24,1.52,22.48,8,14.48
104665,2025-01-15,11,8,294,1,129,26.44,102.56,45,57.56
104666,2024-03-03,17,2,165,1,89,5.77,83.23,30,53.23
104667,2024-12-11,5,7,42,1,349,0.0,349.0,180,169.0
104668,2026-05-07,17,8,116,1,89,6.56,82.44,30,52.44
104669,2026-06-17,1,4,264,2,999,0.0,1998.0,1240,758.0
104670,2025-05-26,14,4,209,1,49,11.02,37.98,18,19.98
104670,2025-05-26,11,4,209,1,129,0.0,129.0,45,84.0
104671,2026-07-23,20,3,15,1,179,0.0,179.0,70,109.0
104672,2026-05-11,7,7,376,1,599,0.0,599.0,260,339.0
104672,2026-05-11,19,7,376,1,99,0.0,99.0,35,64.0
104672,2026-05-11,15,7,376,1,35,0.0,35.0,12,23.0
104673,2026-03-28,14,4,66,2,49,0.0,98.0,36,62.0
104674,2026-04-28,9,8,354,1,79,0.0,79.0,25,54.0
104675,2025-01-30,18,3,392,1,24,0.0,24.0,8,16.0
104676,2026-01-18,2,2,261,2,799,99.61,1498.39,960,538.39
104677,2025-08-24,11,10,6,1,129,0.0,129.0,45,84.0
104677,2025-08-24,14,10,6,1,49,0.0,49.0,18,31.0
104678,2025-12-19,20,9,360,1,179,10.49,168.51,70,98.51
104679,2024-07-23,5,3,204,1,349,0.0,349.0,180,169.0
104679,2024-07-23,15,3,204,2,35,0.0,70.0,24,46.0
104680,2025-12-26,13,7,308,1,199,0.0,199.0,95,104.0
104681,2026-07-24,19,9,102,1,99,0.0,99.0,35,64.0
104681,2026-07-24,11,9,102,1,129,0.0,129.0,45,84.0
104682,2024-11-23,19,4,225,1,99,15.3,83.7,35,48.7
104683,2026-08-19,3,9,184,1,649,0.0,649.0,350,299.0
104684,2025-01-26,16,3,137,2,39,0.0,78.0,30,48.0
104685,2024-08-17,8,8,388,1,349,0.0,349.0,150,199.0
104686,2024-05-12,20,9,269,1,179,21.04,157.96,70,87.96
104687,2026-02-16,12,8,210,3,279,0.0,837.0,420,417.0
104688,2025-08-01,8,7,213,1,349,0.0,349.0,150,199.0
104689,2024-11-26,10,2,150,2,149,0.0,298.0,120,178.0
104690,2025-09-24,17,5,195,3,89,0.0,267.0,90,177.0
104691,2024-12-14,15,10,149,1,35,8.3,26.7,12,14.7
104692,2025-04-14,12,5,103,1,279,0.0,279.0,140,139.0
104692,2025-04-14,13,5,103,1,199,0.0,199.0,95,104.0
104693,2026-05-01,18,10,143,1,24,0.0,24.0,8,16.0
104694,2025-11-13,11,1,151,1,129,32.0,97.0,45,52.0
104695,2026-01-24,15,2,208,1,35,0.0,35.0,12,23.0
104695,2026-01-24,14,2,208,1,49,0.0,49.0,18,31.0
104696,2025-08-30,12,8,301,2,279,42.35,515.65,280,235.65
104696,2025-08-30,17,8,301,2,89,0.0,178.0,60,118.0
104696,2025-08-30,14,8,301,1,49,0.0,49.0,18,31.0
104697,2026-08-24,19,1,334,2,99,0.0,198.0,70,128.0
104698,2024-09-30,6,4,347,1,249,0.0,249.0,120,129.0
104698,2024-09-30,12,4,347,1,279,18.55,260.45,140,120.45
104699,2024-10-20,11,5,118,1,129,26.99,102.01,45,57.01
104700,2024-04-21,1,8,361,1,999,0.0,999.0,620,379.0
104700,2024-04-21,11,8,361,1,129,0.0,129.0,45,84.0
104701,2025-07-31,17,10,254,1,89,0.0,89.0,30,59.0
104701,2025-07-31,18,10,254,1,24,0.0,24.0,8,16.0
104701,2025-07-31,2,10,254,3,799,0.0,2397.0,1440,957.0
104702,2025-09-28,18,10,119,1,24,0.0,24.0,8,16.0
104703,2025-12-23,1,5,380,1,999,154.75,844.25,620,224.25
104704,2024-12-17,18,1,133,1,24,0.0,24.0,8,16.0
104705,2024-01-16,7,7,347,1,599,0.0,599.0,260,339.0
104706,2025-10-15,3,5,375,3,649,0.0,1947.0,1050,897.0
104707,2026-08-30,15,9,11,1,35,0.0,35.0,12,23.0
104708,2024-11-16,16,2,53,2,39,4.0,74.0,30,44.0
104709,2024-07-31,6,8,259,3,249,0.0,747.0,360,387.0
104710,2024-11-06,4,10,342,1,399,0.0,399.0,210,189.0
104710,2024-11-06,1,10,342,1,999,0.0,999.0,620,379.0
104711,2025-03-21,3,4,345,1,649,0.0,649.0,350,299.0
104712,2024-10-09,8,8,81,1,349,0.0,349.0,150,199.0
104712,2024-10-09,18,8,81,1,24,0.0,24.0,8,16.0
104713,2024-12-25,17,5,360,1,89,12.4,76.6,30,46.6
104713,2024-12-25,2,5,360,1,799,0.0,799.0,480,319.0
104714,2025-10-20,11,2,2,1,129,0.0,129.0,45,84.0
104715,2024-12-24,13,10,275,1,199,0.0,199.0,95,104.0
104716,2025-02-17,6,6,218,1,249,0.0,249.0,120,129.0
104717,2024-02-20,5,7,46,1,349,0.0,349.0,180,169.0
104718,2026-06-17,10,1,19,1,149,0.0,149.0,60,89.0
104719,2025-03-02,19,10,295,1,99,0.0,99.0,35,64.0
104720,2024-12-12,7,5,328,1,599,88.27,510.73,260,250.73
104720,2024-12-12,12,5,328,1,279,26.72,252.28,140,112.28
104720,2024-12-12,15,5,328,1,35,0.0,35.0,12,23.0
104721,2024-04-14,16,1,360,2,39,0.0,78.0,30,48.0
104721,2024-04-14,20,1,360,1,179,0.0,179.0,70,109.0
104722,2025-10-17,6,9,199,1,249,0.0,249.0,120,129.0
104722,2025-10-17,9,9,199,1,79,11.13,67.87,25,42.87
104723,2026-05-02,11,1,118,1,129,0.0,129.0,45,84.0
104724,2024-02-21,6,6,189,1,249,0.0,249.0,120,129.0
104725,2024-06-16,13,6,68,1,199,24.16,174.84,95,79.84
104726,2024-06-18,16,7,96,1,39,0.0,39.0,15,24.0
104726,2024-06-18,7,7,96,1,599,0.0,599.0,260,339.0
104727,2025-09-18,2,5,392,1,799,0.0,799.0,480,319.0
104728,2026-06-20,1,1,307,3,999,0.0,2997.0,1860,1137.0
104729,2025-04-04,8,6,346,1,349,0.0,349.0,150,199.0
104729,2025-04-04,4,6,346,2,399,0.0,798.0,420,378.0
104729,2025-04-04,3,6,346,1,649,0.0,649.0,350,299.0
104730,2024-12-23,9,10,276,1,79,0.0,79.0,25,54.0
104731,2026-01-27,9,9,40,1,79,0.0,79.0,25,54.0
104731,2026-01-27,5,9,40,2,349,0.0,698.0,360,338.0
104731,2026-01-27,15,9,40,1,35,0.0,35.0,12,23.0
104732,2026-01-04,16,7,106,1,39,0.0,39.0,15,24.0
104733,2024-10-06,10,1,254,1,149,0.0,149.0,60,89.0
104734,2024-07-04,17,2,210,1,89,0.0,89.0,30,59.0
104735,2025-01-03,11,9,270,3,129,0.0,387.0,135,252.0
104736,2026-02-07,3,5,367,1,649,0.0,649.0,350,299.0
104736,2026-02-07,15,5,367,1,35,0.0,35.0,12,23.0
104737,2025-12-02,15,6,76,1,35,0.0,35.0,12,23.0
104738,2025-11-11,17,7,253,1,89,17.54,71.46,30,41.46
104739,2026-04-01,20,10,363,2,179,0.0,358.0,140,218.0
104740,2024-11-03,1,4,379,2,999,444.99,1553.01,1240,313.01
104740,2024-11-03,3,4,379,2,649,69.38,1228.62,700,528.62
104741,2024-12-20,5,1,255,2,349,0.0,698.0,360,338.0
104741,2024-12-20,4,1,255,1,399,0.0,399.0,210,189.0
104742,2024-02-23,4,7,181,1,399,0.0,399.0,210,189.0
104743,2026-05-06,5,4,157,1,349,0.0,349.0,180,169.0
104744,2025-08-29,16,2,377,2,39,0.0,78.0,30,48.0
104745,2024-11-19,15,7,216,1,35,4.78,30.22,12,18.22
104746,2024-03-26,4,2,398,1,399,0.0,399.0,210,189.0
104747,2025-12-21,1,10,122,2,999,0.0,1998.0,1240,758.0
104748,2026-01-10,12,8,119,1,279,0.0,279.0,140,139.0
104748,2026-01-10,6,8,119,1,249,0.0,249.0,120,129.0
104749,2025-11-12,3,6,110,3,649,0.0,1947.0,1050,897.0
104749,2025-11-12,18,6,110,1,24,3.68,20.32,8,12.32
104750,2024-08-22,18,3,132,3,24,0.0,72.0,24,48.0
104750,2024-08-22,6,3,132,1,249,0.0,249.0,120,129.0
104750,2024-08-22,19,3,132,1,99,0.0,99.0,35,64.0
104751,2026-06-13,5,8,362,2,349,0.0,698.0,360,338.0
104752,2026-01-15,15,4,296,3,35,0.0,105.0,36,69.0
104753,2025-11-06,13,10,23,1,199,0.0,199.0,95,104.0
104753,2025-11-06,19,10,23,1,99,0.0,99.0,35,64.0
104753,2025-11-06,8,10,23,2,349,0.0,698.0,300,398.0
104754,2025-11-01,4,4,310,1,399,0.0,399.0,210,189.0
104755,2026-06-05,2,8,218,1,799,0.0,799.0,480,319.0
104756,2026-06-27,13,10,308,2,199,0.0,398.0,190,208.0
104757,2025-09-11,17,8,92,1,89,0.0,89.0,30,59.0
104757,2025-09-11,5,8,92,2,349,0.0,698.0,360,338.0
104757,2025-09-11,3,8,92,2,649,0.0,1298.0,700,598.0
104758,2025-03-12,10,9,103,1,149,0.0,149.0,60,89.0
104758,2025-03-12,3,9,103,1,649,0.0,649.0,350,299.0
104758,2025-03-12,7,9,103,1,599,0.0,599.0,260,339.0
104759,2025-01-10,10,3,339,1,149,0.0,149.0,60,89.0
104759,2025-01-10,19,3,339,2,99,0.0,198.0,70,128.0
104760,2026-03-22,5,10,192,1,349,0.0,349.0,180,169.0
104760,2026-03-22,6,10,192,1,249,0.0,249.0,120,129.0
104761,2025-10-26,16,7,23,3,39,0.0,117.0,45,72.0
104762,2024-04-04,13,10,259,1,199,0.0,199.0,95,104.0
104763,2024-06-13,7,10,106,1,599,0.0,599.0,260,339.0
104763,2024-06-13,6,10,106,2,249,0.0,498.0,240,258.0
104764,2026-06-02,3,3,344,1,649,0.0,649.0,350,299.0
104765,2026-05-19,6,8,72,2,249,0.0,498.0,240,258.0
104766,2026-07-19,12,4,95,1,279,0.0,279.0,140,139.0
104766,2026-07-19,4,4,95,1,399,0.0,399.0,210,189.0
104766,2026-07-19,10,4,95,1,149,0.0,149.0,60,89.0
104767,2025-03-24,18,7,302,2,24,0.0,48.0,16,32.0
104767,2025-03-24,13,7,302,2,199,0.0,398.0,190,208.0
104768,2026-02-16,18,6,209,1,24,0.0,24.0,8,16.0
104769,2026-03-31,20,9,87,1,179,0.0,179.0,70,109.0
104769,2026-03-31,4,9,87,1,399,0.0,399.0,210,189.0
104770,2024-12-03,19,10,399,1,99,0.0,99.0,35,64.0
104770,2024-12-03,9,10,399,1,79,0.0,79.0,25,54.0
104771,2024-06-17,11,1,384,2,129,0.0,258.0,90,168.0
104771,2024-06-17,10,1,384,1,149,0.0,149.0,60,89.0
104771,2024-06-17,12,1,384,1,279,0.0,279.0,140,139.0
104772,2026-08-29,13,5,282,1,199,0.0,199.0,95,104.0
104772,2026-08-29,12,5,282,2,279,0.0,558.0,280,278.0
104773,2024-02-07,5,1,231,1,349,0.0,349.0,180,169.0
104773,2024-02-07,16,1,231,1,39,0.0,39.0,15,24.0
104773,2024-02-07,19,1,231,1,99,0.0,99.0,35,64.0
104774,2025-09-13,11,4,216,1,129,0.0,129.0,45,84.0
104775,2025-10-31,8,9,47,1,349,0.0,349.0,150,199.0
104776,2025-11-23,1,9,117,1,999,0.0,999.0,620,379.0
104776,2025-11-23,19,9,117,2,99,15.17,182.83,70,112.83
104777,2024-10-14,8,5,385,2,349,0.0,698.0,300,398.0
104778,2025-12-20,18,2,39,1,24,1.85,22.15,8,14.15
104778,2025-12-20,13,2,39,1,199,0.0,199.0,95,104.0
104778,2025-12-20,11,2,39,1,129,21.82,107.18,45,62.18
104779,2024-09-04,19,2,192,1,99,0.0,99.0,35,64.0
104780,2026-03-31,18,1,52,1,24,0.0,24.0,8,16.0
104781,2024-09-07,18,7,395,1,24,0.0,24.0,8,16.0
104781,2024-09-07,6,7,395,1,249,39.45,209.55,120,89.55
104782,2025-12-03,19,10,171,1,99,24.57,74.43,35,39.43
104783,2026-02-15,6,2,158,1,249,28.5,220.5,120,100.5
104784,2024-08-05,6,9,285,2,249,0.0,498.0,240,258.0
104785,2024-09-27,8,10,131,1,349,0.0,349.0,150,199.0
104786,2026-02-10,19,3,366,2,99,0.0,198.0,70,128.0
104787,2024-04-14,2,6,31,1,799,0.0,799.0,480,319.0
104788,2024-08-07,13,2,317,1,199,0.0,199.0,95,104.0
104789,2025-04-22,20,9,181,1,179,0.0,179.0,70,109.0
104789,2025-04-22,12,9,181,1,279,0.0,279.0,140,139.0
104790,2026-06-28,18,4,304,1,24,0.0,24.0,8,16.0
104791,2025-08-08,19,1,22,1,99,0.0,99.0,35,64.0
104791,2025-08-08,14,1,22,2,49,0.0,98.0,36,62.0
104792,2025-02-06,18,4,195,1,24,0.0,24.0,8,16.0
104793,2026-08-12,17,3,353,1,89,0.0,89.0,30,59.0
104794,2025-04-30,17,2,80,2,89,22.12,155.88,60,95.88
104794,2025-04-30,6,2,80,2,249,0.0,498.0,240,258.0
104795,2025-03-30,17,6,135,2,89,0.0,178.0,60,118.0
104796,2025-03-07,16,8,310,2,39,0.0,78.0,30,48.0
104797,2024-11-30,8,8,59,1,349,34.22,314.78,150,164.78
104798,2024-12-10,14,3,322,3,49,11.19,135.81,54,81.81
104799,2025-11-27,6,9,318,1,249,19.92,229.08,120,109.08
104800,2024-02-21,13,8,138,1,199,0.0,199.0,95,104.0
104800,2024-02-21,6,8,138,1,249,0.0,249.0,120,129.0
104801,2025-11-23,15,4,374,1,35,0.0,35.0,12,23.0
104801,2025-11-23,2,4,374,1,799,0.0,799.0,480,319.0
104801,2025-11-23,16,4,374,1,39,2.53,36.47,15,21.47
104802,2024-08-19,20,1,268,1,179,0.0,179.0,70,109.0
104803,2025-02-02,18,5,126,1,24,0.0,24.0,8,16.0
104803,2025-02-02,8,5,126,2,349,0.0,698.0,300,398.0
104803,2025-02-02,17,5,126,1,89,0.0,89.0,30,59.0
104804,2024-06-18,13,6,385,2,199,0.0,398.0,190,208.0
104805,2025-07-30,14,2,263,2,49,0.0,98.0,36,62.0
104806,2025-12-25,3,10,82,2,649,0.0,1298.0,700,598.0
104807,2024-12-31,8,4,7,1,349,18.1,330.9,150,180.9
104807,2024-12-31,13,4,7,3,199,0.0,597.0,285,312.0
104808,2024-07-07,13,7,305,1,199,0.0,199.0,95,104.0
104809,2024-09-15,3,9,356,2,649,0.0,1298.0,700,598.0
104810,2026-03-21,11,2,274,1,129,0.0,129.0,45,84.0
104811,2024-10-25,13,5,30,1,199,0.0,199.0,95,104.0
104811,2024-10-25,2,5,30,1,799,0.0,799.0,480,319.0
104812,2026-02-06,9,2,215,2,79,0.0,158.0,50,108.0
104812,2026-02-06,18,2,215,1,24,0.0,24.0,8,16.0
104813,2024-12-14,19,4,113,1,99,14.7,84.3,35,49.3
104814,2024-08-05,3,6,351,2,649,0.0,1298.0,700,598.0
104815,2025-12-24,7,7,324,1,599,0.0,599.0,260,339.0
104816,2025-05-05,10,5,305,1,149,0.0,149.0,60,89.0
104816,2025-05-05,3,5,305,1,649,0.0,649.0,350,299.0
104817,2024-02-08,10,7,234,1,149,0.0,149.0,60,89.0
104817,2024-02-08,1,7,234,1,999,55.05,943.95,620,323.95
104818,2026-07-26,17,5,165,1,89,0.0,89.0,30,59.0
104818,2026-07-26,18,5,165,1,24,0.0,24.0,8,16.0
104819,2024-06-19,11,2,118,1,129,0.0,129.0,45,84.0
104820,2024-12-30,3,3,201,3,649,0.0,1947.0,1050,897.0
104821,2025-02-03,4,4,121,1,399,0.0,399.0,210,189.0
104822,2025-05-25,17,10,127,1,89,0.0,89.0,30,59.0
104823,2026-02-17,17,9,334,1,89,7.88,81.12,30,51.12
104824,2024-01-08,11,2,207,2,129,0.0,258.0,90,168.0
104825,2026-06-30,13,8,226,1,199,0.0,199.0,95,104.0
104826,2025-10-27,3,10,6,1,649,0.0,649.0,350,299.0
104827,2026-07-18,1,5,158,2,999,0.0,1998.0,1240,758.0
104828,2026-03-20,12,9,154,2,279,59.35,498.65,280,218.65
104829,2026-06-26,16,10,45,2,39,0.0,78.0,30,48.0
104830,2025-09-16,12,4,110,1,279,0.0,279.0,140,139.0
104831,2025-01-02,9,4,155,1,79,0.0,79.0,25,54.0
104831,2025-01-02,13,4,155,1,199,0.0,199.0,95,104.0
104832,2025-04-09,2,2,135,1,799,0.0,799.0,480,319.0
104833,2025-11-06,16,2,337,1,39,5.93,33.07,15,18.07
104834,2025-03-23,1,10,68,1,999,0.0,999.0,620,379.0
104834,2025-03-23,19,10,68,1,99,18.23,80.77,35,45.77
104835,2025-12-27,9,2,246,1,79,0.0,79.0,25,54.0
104835,2025-12-27,6,2,246,1,249,0.0,249.0,120,129.0
104835,2025-12-27,2,2,246,1,799,0.0,799.0,480,319.0
104836,2024-04-20,6,7,109,1,249,19.23,229.77,120,109.77
104836,2024-04-20,13,7,109,2,199,55.51,342.49,190,152.49
104837,2026-04-01,14,6,222,1,49,0.0,49.0,18,31.0
104838,2024-08-22,3,3,260,1,649,103.5,545.5,350,195.5
104839,2026-07-11,2,5,104,1,799,0.0,799.0,480,319.0
104840,2024-06-28,9,8,10,1,79,0.0,79.0,25,54.0
104841,2024-05-30,5,8,199,3,349,0.0,1047.0,540,507.0
104842,2026-03-15,5,10,227,2,349,0.0,698.0,360,338.0
104843,2026-03-22,17,1,328,1,89,0.0,89.0,30,59.0
104844,2025-12-31,19,1,67,2,99,0.0,198.0,70,128.0
104844,2025-12-31,2,1,67,2,799,0.0,1598.0,960,638.0
104845,2026-07-27,20,8,119,2,179,0.0,358.0,140,218.0
104846,2024-10-28,16,4,140,1,39,0.0,39.0,15,24.0
104846,2024-10-28,10,4,140,1,149,0.0,149.0,60,89.0
104847,2026-03-29,3,9,211,1,649,0.0,649.0,350,299.0
104847,2026-03-29,2,9,211,2,799,0.0,1598.0,960,638.0
104848,2024-12-29,13,8,103,2,199,0.0,398.0,190,208.0
104849,2025-07-13,7,9,301,2,599,0.0,1198.0,520,678.0
104850,2025-04-12,20,3,211,2,179,0.0,358.0,140,218.0
104850,2025-04-12,17,3,211,1,89,0.0,89.0,30,59.0
104851,2024-01-08,3,9,107,2,649,0.0,1298.0,700,598.0
104852,2025-08-21,13,5,151,1,199,0.0,199.0,95,104.0
104853,2026-01-09,3,4,317,1,649,0.0,649.0,350,299.0
104854,2024-07-20,8,1,268,1,349,0.0,349.0,150,199.0
104855,2026-06-30,8,7,391,2,349,0.0,698.0,300,398.0
104856,2025-07-06,6,1,339,1,249,0.0,249.0,120,129.0
104857,2024-07-24,9,1,106,2,79,19.79,138.21,50,88.21
104857,2024-07-24,17,1,106,2,89,0.0,178.0,60,118.0
104858,2025-10-27,14,9,361,2,49,0.0,98.0,36,62.0
104859,2024-08-08,17,7,97,1,89,16.51,72.49,30,42.49
104860,2024-03-19,4,4,41,1,399,0.0,399.0,210,189.0
104860,2024-03-19,14,4,41,1,49,0.0,49.0,18,31.0
104861,2025-11-25,18,4,159,2,24,0.0,48.0,16,32.0
104862,2024-05-10,14,10,154,1,49,0.0,49.0,18,31.0
104862,2024-05-10,13,10,154,1,199,33.41,165.59,95,70.59
104863,2024-05-06,13,1,26,1,199,0.0,199.0,95,104.0
104864,2026-01-02,3,8,314,1,649,0.0,649.0,350,299.0
104864,2026-01-02,6,8,314,1,249,0.0,249.0,120,129.0
104864,2026-01-02,12,8,314,3,279,0.0,837.0,420,417.0
104865,2024-03-10,11,3,73,2,129,0.0,258.0,90,168.0
104866,2026-03-13,12,1,348,1,279,0.0,279.0,140,139.0
104867,2026-02-28,18,1,308,1,24,0.0,24.0,8,16.0
104867,2026-02-28,4,1,308,1,399,0.0,399.0,210,189.0
104868,2024-06-12,12,1,318,1,279,0.0,279.0,140,139.0
104869,2025-06-23,15,2,52,1,35,6.67,28.33,12,16.33
104869,2025-06-23,6,2,52,1,249,0.0,249.0,120,129.0
104870,2024-04-25,9,5,129,1,79,0.0,79.0,25,54.0
104871,2025-10-15,15,10,51,1,35,0.0,35.0,12,23.0
104872,2024-03-19,7,6,24,2,599,0.0,1198.0,520,678.0
104873,2026-07-12,20,7,289,1,179,0.0,179.0,70,109.0
104873,2026-07-12,8,7,289,2,349,0.0,698.0,300,398.0
104874,2024-08-26,10,3,27,2,149,32.27,265.73,120,145.73
104875,2025-11-24,2,3,179,1,799,0.0,799.0,480,319.0
104876,2024-05-29,11,10,123,1,129,0.0,129.0,45,84.0
104876,2024-05-29,10,10,123,1,149,0.0,149.0,60,89.0
104876,2024-05-29,16,10,123,3,39,0.0,117.0,45,72.0
104877,2024-08-28,2,3,223,1,799,0.0,799.0,480,319.0
104877,2024-08-28,6,3,223,1,249,0.0,249.0,120,129.0
104878,2025-04-17,4,10,370,1,399,0.0,399.0,210,189.0
104879,2025-08-20,12,3,364,1,279,0.0,279.0,140,139.0
104880,2026-08-30,3,6,202,2,649,0.0,1298.0,700,598.0
104881,2024-02-01,12,6,207,1,279,0.0,279.0,140,139.0
104882,2024-01-01,10,2,352,1,149,0.0,149.0,60,89.0
104883,2024-12-28,10,7,240,1,149,15.33,133.67,60,73.67
104884,2025-01-12,4,7,333,1,399,0.0,399.0,210,189.0
104885,2026-05-19,18,4,345,1,24,0.0,24.0,8,16.0
104886,2026-06-13,1,9,222,1,999,0.0,999.0,620,379.0
104886,2026-06-13,9,9,222,1,79,0.0,79.0,25,54.0
104887,2026-05-16,13,1,55,1,199,0.0,199.0,95,104.0
104888,2024-06-14,15,3,222,1,35,0.0,35.0,12,23.0
104889,2025-03-07,4,9,257,1,399,0.0,399.0,210,189.0
104890,2026-01-07,4,8,391,1,399,0.0,399.0,210,189.0
104890,2026-01-07,6,8,391,1,249,0.0,249.0,120,129.0
104891,2024-11-30,8,9,34,1,349,0.0,349.0,150,199.0
104891,2024-11-30,2,9,34,1,799,0.0,799.0,480,319.0
104892,2025-11-09,12,8,398,3,279,141.97,695.03,420,275.03
104893,2024-09-26,16,10,367,1,39,0.0,39.0,15,24.0
104894,2024-12-08,6,6,264,2,249,0.0,498.0,240,258.0
104895,2026-04-29,1,8,47,1,999,0.0,999.0,620,379.0
104896,2024-10-09,15,2,249,1,35,0.0,35.0,12,23.0
104897,2026-07-31,11,7,80,1,129,17.12,111.88,45,66.88
104898,2024-11-25,15,4,45,1,35,4.77,30.23,12,18.23
104898,2024-11-25,1,4,45,1,999,213.53,785.47,620,165.47
104899,2024-01-29,5,1,295,2,349,0.0,698.0,360,338.0
104899,2024-01-29,15,1,295,1,35,0.0,35.0,12,23.0
104899,2024-01-29,13,1,295,1,199,37.99,161.01,95,66.01
104900,2024-10-13,13,9,35,2,199,0.0,398.0,190,208.0
104901,2024-07-16,10,8,303,1,149,0.0,149.0,60,89.0
104902,2025-06-11,15,10,165,2,35,0.0,70.0,24,46.0
104902,2025-06-11,2,10,165,1,799,0.0,799.0,480,319.0
104903,2024-05-13,19,1,115,1,99,0.0,99.0,35,64.0
104903,2024-05-13,10,1,115,1,149,0.0,149.0,60,89.0
104904,2025-10-10,12,8,38,2,279,0.0,558.0,280,278.0
104905,2026-05-11,14,10,41,3,49,0.0,147.0,54,93.0
104905,2026-05-11,13,10,41,2,199,85.66,312.34,190,122.34
104906,2025-01-08,15,6,22,1,35,0.0,35.0,12,23.0
104907,2024-07-13,13,3,18,1,199,0.0,199.0,95,104.0
104908,2025-02-21,10,10,36,1,149,0.0,149.0,60,89.0
104909,2026-02-18,14,8,310,1,49,0.0,49.0,18,31.0
104909,2026-02-18,11,8,310,3,129,0.0,387.0,135,252.0
104910,2025-09-07,18,10,291,1,24,4.59,19.41,8,11.41
104911,2024-04-30,6,4,118,1,249,0.0,249.0,120,129.0
104912,2025-07-13,1,6,58,1,999,0.0,999.0,620,379.0
104913,2025-05-04,16,1,134,1,39,0.0,39.0,15,24.0
104913,2025-05-04,14,1,134,2,49,22.17,75.83,36,39.83
104914,2024-12-11,5,4,177,1,349,0.0,349.0,180,169.0
104914,2024-12-11,17,4,177,1,89,19.9,69.1,30,39.1
104915,2024-05-10,7,10,243,1,599,0.0,599.0,260,339.0
104916,2026-08-15,5,10,111,1,349,0.0,349.0,180,169.0
104917,2024-07-21,12,3,280,1,279,0.0,279.0,140,139.0
104918,2024-08-09,15,4,354,1,35,0.0,35.0,12,23.0
104918,2024-08-09,1,4,354,2,999,0.0,1998.0,1240,758.0
104918,2024-08-09,5,4,354,1,349,0.0,349.0,180,169.0
104919,2024-06-17,14,1,69,2,49,18.38,79.62,36,43.62
104920,2025-08-17,20,7,49,1,179,0.0,179.0,70,109.0
104920,2025-08-17,10,7,49,1,149,0.0,149.0,60,89.0
104921,2025-04-10,5,7,38,1,349,0.0,349.0,180,169.0
104922,2024-10-08,8,5,104,1,349,0.0,349.0,150,199.0
104923,2025-03-26,4,8,71,1,399,0.0,399.0,210,189.0
104923,2025-03-26,6,8,71,1,249,0.0,249.0,120,129.0
104924,2025-11-17,12,9,284,2,279,0.0,558.0,280,278.0
104925,2024-11-06,14,1,119,1,49,3.55,45.45,18,27.45
104926,2026-06-15,13,1,139,1,199,0.0,199.0,95,104.0
104927,2024-11-26,14,8,220,1,49,6.52,42.48,18,24.48
104928,2024-08-15,7,7,213,1,599,0.0,599.0,260,339.0
104929,2026-07-21,11,3,286,1,129,0.0,129.0,45,84.0
104930,2026-03-14,12,4,1,1,279,31.32,247.68,140,107.68
104930,2026-03-14,18,4,1,1,24,0.0,24.0,8,16.0
104931,2024-12-22,19,1,20,1,99,0.0,99.0,35,64.0
104932,2026-04-12,2,8,177,1,799,0.0,799.0,480,319.0
104932,2026-04-12,17,8,177,2,89,0.0,178.0,60,118.0
104933,2025-06-24,11,10,390,1,129,0.0,129.0,45,84.0
104934,2024-12-25,5,10,171,1,349,0.0,349.0,180,169.0
104934,2024-12-25,19,10,171,1,99,0.0,99.0,35,64.0
104935,2026-04-10,12,10,336,1,279,0.0,279.0,140,139.0
104936,2026-01-14,17,6,262,1,89,12.47,76.53,30,46.53
104937,2024-11-19,10,6,123,1,149,27.12,121.88,60,61.88
104938,2025-09-22,12,1,355,1,279,0.0,279.0,140,139.0
104939,2025-01-16,16,4,119,1,39,0.0,39.0,15,24.0
104940,2024-01-02,20,8,360,1,179,0.0,179.0,70,109.0
104941,2026-07-28,16,1,139,1,39,0.0,39.0,15,24.0
104942,2025-07-26,12,7,136,1,279,0.0,279.0,140,139.0
104942,2025-07-26,13,7,136,1,199,22.38,176.62,95,81.62
104943,2025-09-14,15,2,221,1,35,0.0,35.0,12,23.0
104944,2025-09-15,18,9,370,1,24,0.0,24.0,8,16.0
104944,2025-09-15,12,9,370,1,279,0.0,279.0,140,139.0
104945,2025-07-28,8,6,215,2,349,97.1,600.9,300,300.9
104945,2025-07-28,17,6,215,2,89,0.0,178.0,60,118.0
104946,2024-11-13,16,4,281,2,39,0.0,78.0,30,48.0
104946,2024-11-13,19,4,281,1,99,0.0,99.0,35,64.0
104947,2026-08-06,3,8,21,2,649,0.0,1298.0,700,598.0
104948,2025-10-06,13,7,134,1,199,0.0,199.0,95,104.0
104949,2025-11-15,12,10,79,1,279,0.0,279.0,140,139.0
104950,2025-04-21,9,10,362,1,79,0.0,79.0,25,54.0
104951,2024-11-11,1,1,42,2,999,314.57,1683.43,1240,443.43
104952,2024-03-20,19,10,352,2,99,0.0,198.0,70,128.0
104953,2024-12-28,3,9,120,1,649,0.0,649.0,350,299.0
104954,2024-07-22,4,4,49,1,399,0.0,399.0,210,189.0
104955,2025-11-09,6,5,160,1,249,0.0,249.0,120,129.0
104956,2026-05-14,11,6,172,1,129,0.0,129.0,45,84.0
104957,2024-11-23,2,9,176,2,799,0.0,1598.0,960,638.0
104957,2024-11-23,18,9,176,2,24,0.0,48.0,16,32.0
104958,2024-12-15,20,4,102,1,179,0.0,179.0,70,109.0
104959,2025-11-15,20,2,314,1,179,0.0,179.0,70,109.0
104960,2024-06-21,6,10,68,2,249,0.0,498.0,240,258.0
104961,2026-06-28,17,4,146,1,89,0.0,89.0,30,59.0
104961,2026-06-28,15,4,146,2,35,0.0,70.0,24,46.0
104962,2025-01-10,17,2,28,1,89,0.0,89.0,30,59.0
104963,2024-05-01,8,4,361,1,349,0.0,349.0,150,199.0
104964,2024-07-20,8,6,383,1,349,0.0,349.0,150,199.0
104965,2026-07-01,2,9,246,2,799,0.0,1598.0,960,638.0
104966,2024-10-06,9,2,77,1,79,0.0,79.0,25,54.0
104966,2024-10-06,7,2,77,2,599,0.0,1198.0,520,678.0
104966,2024-10-06,19,2,77,1,99,0.0,99.0,35,64.0
104967,2025-11-09,11,4,302,1,129,0.0,129.0,45,84.0
104967,2025-11-09,15,4,302,1,35,7.58,27.42,12,15.42
104968,2024-06-28,7,9,31,1,599,61.01,537.99,260,277.99
104968,2024-06-28,4,9,31,1,399,0.0,399.0,210,189.0
104969,2024-08-11,20,10,299,1,179,0.0,179.0,70,109.0
104970,2026-05-15,10,6,361,1,149,0.0,149.0,60,89.0
104971,2024-06-19,2,3,48,1,799,0.0,799.0,480,319.0
104972,2024-01-24,5,7,339,1,349,0.0,349.0,180,169.0
104972,2024-01-24,19,7,339,1,99,0.0,99.0,35,64.0
104973,2025-06-06,12,10,274,1,279,0.0,279.0,140,139.0
104973,2025-06-06,7,10,274,2,599,93.95,1104.05,520,584.05
104974,2026-05-01,18,4,370,1,24,1.58,22.42,8,14.42
104975,2024-12-10,12,7,281,1,279,0.0,279.0,140,139.0
104976,2024-05-29,12,10,34,1,279,65.24,213.76,140,73.76
104977,2026-08-16,11,4,365,1,129,0.0,129.0,45,84.0
104978,2025-11-19,14,2,346,1,49,12.17,36.83,18,18.83
104978,2025-11-19,15,2,346,1,35,0.0,35.0,12,23.0
104979,2026-04-20,15,6,149,2,35,0.0,70.0,24,46.0
104980,2026-01-14,8,6,133,1,349,0.0,349.0,150,199.0
104981,2025-12-04,2,1,42,1,799,190.57,608.43,480,128.43
104981,2025-12-04,4,1,42,1,399,0.0,399.0,210,189.0
104982,2025-02-03,14,7,250,1,49,0.0,49.0,18,31.0
104982,2025-02-03,8,7,250,1,349,0.0,349.0,150,199.0
104983,2024-12-09,2,8,19,2,799,0.0,1598.0,960,638.0
104984,2025-12-17,4,5,133,1,399,68.19,330.81,210,120.81
104985,2025-12-17,4,7,281,1,399,0.0,399.0,210,189.0
104986,2026-07-18,10,3,109,1,149,0.0,149.0,60,89.0
104986,2026-07-18,12,3,109,1,279,22.27,256.73,140,116.73
104987,2025-08-15,5,1,329,1,349,0.0,349.0,180,169.0
104987,2025-08-15,18,1,329,1,24,0.0,24.0,8,16.0
104987,2025-08-15,3,1,329,2,649,0.0,1298.0,700,598.0
104988,2024-11-16,12,10,399,2,279,0.0,558.0,280,278.0
104988,2024-11-16,3,10,399,1,649,138.96,510.04,350,160.04
104988,2024-11-16,1,10,399,1,999,0.0,999.0,620,379.0
104989,2025-05-25,16,8,211,1,39,0.0,39.0,15,24.0
104990,2025-09-29,3,1,96,1,649,0.0,649.0,350,299.0
104990,2025-09-29,9,1,96,1,79,0.0,79.0,25,54.0
104991,2025-03-23,13,1,58,1,199,0.0,199.0,95,104.0
104992,2026-02-23,15,7,201,1,35,0.0,35.0,12,23.0
104993,2025-08-31,12,8,341,2,279,42.08,515.92,280,235.92
104994,2024-01-12,3,4,48,1,649,39.25,609.75,350,259.75
104995,2025-08-16,19,9,231,1,99,0.0,99.0,35,64.0
104996,2025-10-16,19,9,215,1,99,11.06,87.94,35,52.94
104997,2026-06-15,14,1,291,1,49,9.5,39.5,18,21.5
104998,2025-03-09,11,2,267,1,129,12.29,116.71,45,71.71
104998,2025-03-09,15,2,267,1,35,0.0,35.0,12,23.0
104999,2025-08-21,20,1,338,1,179,0.0,179.0,70,109.0
104999,2025-08-21,5,1,338,1,349,0.0,349.0,180,169.0
105000,2025-05-11,7,9,253,1,599,105.49,493.51,260,233.51
105001,2025-07-07,3,7,177,1,649,0.0,649.0,350,299.0
105002,2024-03-24,17,10,313,1,89,0.0,89.0,30,59.0
105003,2026-05-30,12,10,15,1,279,0.0,279.0,140,139.0
105004,2026-06-11,5,3,243,1,349,85.02,263.98,180,83.98
105005,2025-07-25,2,10,325,2,799,0.0,1598.0,960,638.0
105006,2025-08-03,11,9,290,1,129,0.0,129.0,45,84.0
105007,2024-03-12,20,1,360,2,179,0.0,358.0,140,218.0
105008,2025-09-13,4,10,291,1,399,0.0,399.0,210,189.0
105008,2025-09-13,9,10,291,1,79,0.0,79.0,25,54.0
105009,2025-03-26,20,9,292,1,179,0.0,179.0,70,109.0
105009,2025-03-26,12,9,292,1,279,59.35,219.65,140,79.65
105010,2025-12-12,12,4,12,3,279,48.86,788.14,420,368.14
105011,2024-02-29,4,10,247,1,399,0.0,399.0,210,189.0
105011,2024-02-29,17,10,247,1,89,0.0,89.0,30,59.0
105011,2024-02-29,20,10,247,1,179,0.0,179.0,70,109.0
105012,2025-12-13,2,1,296,1,799,0.0,799.0,480,319.0
105012,2025-12-13,15,1,296,2,35,0.0,70.0,24,46.0
105013,2024-11-10,10,1,160,2,149,0.0,298.0,120,178.0
105013,2024-11-10,12,1,160,1,279,0.0,279.0,140,139.0
105014,2025-11-01,5,9,21,1,349,68.71,280.29,180,100.29
105015,2025-10-11,8,6,127,2,349,74.15,623.85,300,323.85
105015,2025-10-11,18,6,127,1,24,0.0,24.0,8,16.0
105015,2025-10-11,9,6,127,2,79,0.0,158.0,50,108.0
105016,2024-09-15,6,4,353,1,249,54.96,194.04,120,74.04
105017,2025-04-06,13,3,163,1,199,0.0,199.0,95,104.0
105018,2026-04-06,11,3,6,2,129,43.67,214.33,90,124.33
105019,2025-09-21,2,10,222,1,799,0.0,799.0,480,319.0
105020,2024-03-25,17,1,8,1,89,0.0,89.0,30,59.0
105021,2025-04-09,15,8,237,2,35,0.0,70.0,24,46.0
105021,2025-04-09,3,8,237,2,649,0.0,1298.0,700,598.0
105022,2024-11-30,9,6,381,1,79,0.0,79.0,25,54.0
105022,2024-11-30,12,6,381,1,279,65.87,213.13,140,73.13
105023,2025-10-23,19,10,259,2,99,0.0,198.0,70,128.0
105023,2025-10-23,18,10,259,1,24,1.51,22.49,8,14.49
105024,2025-09-29,20,4,169,1,179,0.0,179.0,70,109.0
105025,2024-01-13,15,10,59,1,35,0.0,35.0,12,23.0
105025,2024-01-13,16,10,59,1,39,0.0,39.0,15,24.0
105026,2025-09-23,20,5,389,1,179,0.0,179.0,70,109.0
105027,2025-12-29,7,8,121,3,599,0.0,1797.0,780,1017.0
105028,2026-01-30,6,10,165,2,249,46.68,451.32,240,211.32
105029,2024-03-14,16,8,179,1,39,5.33,33.67,15,18.67
105030,2024-11-23,9,4,25,1,79,0.0,79.0,25,54.0
105031,2025-03-17,19,2,33,2,99,0.0,198.0,70,128.0
105032,2024-07-26,4,6,98,1,399,0.0,399.0,210,189.0
105032,2024-07-26,19,6,98,2,99,0.0,198.0,70,128.0
105033,2025-03-16,8,7,338,1,349,0.0,349.0,150,199.0
105033,2025-03-16,20,7,338,2,179,80.27,277.73,140,137.73
105034,2024-03-28,16,9,63,1,39,0.0,39.0,15,24.0
105035,2024-05-13,12,4,297,1,279,0.0,279.0,140,139.0
105036,2025-11-13,18,6,73,1,24,0.0,24.0,8,16.0
105037,2024-10-21,16,10,240,1,39,0.0,39.0,15,24.0
105038,2025-12-13,17,10,325,1,89,0.0,89.0,30,59.0
105038,2025-12-13,6,10,325,2,249,105.15,392.85,240,152.85
105038,2025-12-13,8,10,325,1,349,0.0,349.0,150,199.0
105039,2024-03-01,5,8,81,1,349,0.0,349.0,180,169.0
105040,2025-08-09,5,9,125,1,349,52.54,296.46,180,116.46
105041,2025-02-11,15,6,245,1,35,0.0,35.0,12,23.0
105042,2026-03-01,3,10,207,1,649,0.0,649.0,350,299.0
105043,2026-02-15,16,4,350,2,39,0.0,78.0,30,48.0
105044,2025-01-23,9,8,388,1,79,0.0,79.0,25,54.0
105045,2025-10-07,10,6,68,1,149,0.0,149.0,60,89.0
105045,2025-10-07,18,6,68,1,24,0.0,24.0,8,16.0
105046,2024-09-16,16,9,120,1,39,0.0,39.0,15,24.0
105047,2025-08-27,2,4,277,1,799,0.0,799.0,480,319.0
105048,2024-04-09,18,6,361,2,24,0.0,48.0,16,32.0
105048,2024-04-09,2,6,361,2,799,0.0,1598.0,960,638.0
105048,2024-04-09,3,6,361,1,649,0.0,649.0,350,299.0
105049,2025-03-31,16,8,24,1,39,6.02,32.98,15,17.98
105050,2024-07-29,2,10,61,2,799,390.69,1207.31,960,247.31
105050,2024-07-29,16,10,61,2,39,0.0,78.0,30,48.0
105050,2024-07-29,10,10,61,1,149,0.0,149.0,60,89.0
105051,2026-05-18,16,10,79,2,39,0.0,78.0,30,48.0
105052,2025-04-11,13,10,274,2,199,0.0,398.0,190,208.0
105052,2025-04-11,1,10,274,1,999,0.0,999.0,620,379.0
105053,2025-09-06,19,7,353,1,99,18.02,80.98,35,45.98
105054,2025-01-06,9,4,308,2,79,0.0,158.0,50,108.0
105054,2025-01-06,20,4,308,1,179,0.0,179.0,70,109.0
105055,2024-11-12,3,2,324,2,649,0.0,1298.0,700,598.0
105056,2024-08-21,12,10,345,1,279,0.0,279.0,140,139.0
105057,2026-06-12,7,8,311,2,599,0.0,1198.0,520,678.0
105058,2026-03-04,8,2,211,1,349,0.0,349.0,150,199.0
105059,2024-06-03,1,4,261,1,999,0.0,999.0,620,379.0
105060,2026-01-08,20,4,357,1,179,37.93,141.07,70,71.07
105061,2025-03-14,9,9,294,1,79,0.0,79.0,25,54.0
105062,2024-01-19,9,10,291,1,79,0.0,79.0,25,54.0
105063,2025-07-04,1,9,293,1,999,0.0,999.0,620,379.0
105064,2024-05-31,7,2,18,1,599,0.0,599.0,260,339.0
105065,2024-08-28,5,3,263,1,349,0.0,349.0,180,169.0
105065,2024-08-28,10,3,263,1,149,0.0,149.0,60,89.0
105066,2025-12-03,18,1,73,2,24,0.0,48.0,16,32.0
105067,2024-10-15,7,4,294,1,599,0.0,599.0,260,339.0
105068,2026-05-25,5,5,138,1,349,0.0,349.0,180,169.0
105069,2025-11-05,3,8,109,2,649,0.0,1298.0,700,598.0
105069,2025-11-05,2,8,109,1,799,54.68,744.32,480,264.32
105070,2026-04-03,17,3,272,1,89,0.0,89.0,30,59.0
105071,2025-09-30,8,7,5,1,349,0.0,349.0,150,199.0
105071,2025-09-30,20,7,5,1,179,0.0,179.0,70,109.0
105072,2026-05-06,5,7,121,1,349,0.0,349.0,180,169.0
105072,2026-05-06,15,7,121,1,35,0.0,35.0,12,23.0
105073,2025-01-07,3,8,394,1,649,0.0,649.0,350,299.0
105073,2025-01-07,15,8,394,1,35,0.0,35.0,12,23.0
105074,2025-07-26,15,7,212,1,35,0.0,35.0,12,23.0
105075,2025-06-21,17,10,156,2,89,0.0,178.0,60,118.0
105076,2026-06-05,18,1,260,2,24,0.0,48.0,16,32.0
105077,2024-07-09,6,6,332,3,249,0.0,747.0,360,387.0
105078,2025-08-25,12,1,11,1,279,0.0,279.0,140,139.0
105079,2026-01-16,8,10,20,1,349,0.0,349.0,150,199.0
105080,2025-01-17,13,6,218,1,199,0.0,199.0,95,104.0
105081,2026-05-05,14,3,123,1,49,0.0,49.0,18,31.0
105082,2025-01-20,20,2,86,1,179,0.0,179.0,70,109.0
105083,2024-07-18,20,4,52,3,179,0.0,537.0,210,327.0
105084,2025-08-31,5,6,348,2,349,0.0,698.0,360,338.0
105084,2025-08-31,11,6,348,1,129,0.0,129.0,45,84.0
105085,2025-03-16,20,9,78,1,179,41.2,137.8,70,67.8
105086,2024-01-19,19,8,181,1,99,0.0,99.0,35,64.0
105087,2024-03-27,16,6,219,1,39,0.0,39.0,15,24.0
105087,2024-03-27,6,6,219,2,249,0.0,498.0,240,258.0
105088,2024-08-12,9,1,146,1,79,0.0,79.0,25,54.0
105089,2026-01-31,18,4,215,1,24,0.0,24.0,8,16.0
105090,2026-05-26,5,8,101,1,349,0.0,349.0,180,169.0
105090,2026-05-26,8,8,101,1,349,0.0,349.0,150,199.0
105091,2025-07-22,17,4,57,1,89,0.0,89.0,30,59.0
105092,2024-05-05,13,9,180,1,199,0.0,199.0,95,104.0
105093,2025-07-10,13,4,264,1,199,0.0,199.0,95,104.0
105094,2026-04-24,17,1,15,1,89,0.0,89.0,30,59.0
105095,2026-01-11,4,8,146,2,399,0.0,798.0,420,378.0
105096,2024-11-14,19,1,41,1,99,0.0,99.0,35,64.0
105097,2024-05-24,7,6,366,1,599,0.0,599.0,260,339.0
105098,2026-06-02,20,4,190,2,179,0.0,358.0,140,218.0
105098,2026-06-02,6,4,190,1,249,0.0,249.0,120,129.0
105099,2026-04-23,20,1,295,1,179,0.0,179.0,70,109.0
105100,2024-03-08,1,7,108,1,999,0.0,999.0,620,379.0
105101,2026-03-26,1,2,119,1,999,0.0,999.0,620,379.0
105101,2026-03-26,3,2,119,1,649,0.0,649.0,350,299.0
105102,2024-04-26,16,7,384,1,39,4.71,34.29,15,19.29
105102,2024-04-26,20,7,384,2,179,0.0,358.0,140,218.0
105102,2024-04-26,12,7,384,1,279,0.0,279.0,140,139.0
105103,2024-03-19,11,7,246,1,129,0.0,129.0,45,84.0
105104,2026-01-20,5,3,263,1,349,0.0,349.0,180,169.0
105105,2025-07-12,11,3,358,1,129,0.0,129.0,45,84.0
105106,2025-03-10,20,8,364,1,179,0.0,179.0,70,109.0
105106,2025-03-10,6,8,364,1,249,0.0,249.0,120,129.0
105107,2026-06-05,16,8,167,2,39,0.0,78.0,30,48.0
105107,2026-06-05,8,8,167,1,349,61.47,287.53,150,137.53
105107,2026-06-05,12,8,167,1,279,38.14,240.86,140,100.86
105108,2026-04-10,18,2,217,1,24,0.0,24.0,8,16.0
105109,2024-03-12,20,8,354,1,179,0.0,179.0,70,109.0
105110,2025-10-01,4,7,178,2,399,0.0,798.0,420,378.0
105111,2026-02-03,8,1,297,1,349,0.0,349.0,150,199.0
105112,2025-07-27,8,10,25,2,349,0.0,698.0,300,398.0
105112,2025-07-27,6,10,25,2,249,0.0,498.0,240,258.0
105112,2025-07-27,11,10,25,1,129,27.57,101.43,45,56.43
105113,2026-08-16,15,8,48,1,35,0.0,35.0,12,23.0
105114,2025-11-26,4,5,251,1,399,0.0,399.0,210,189.0
105114,2025-11-26,11,5,251,1,129,0.0,129.0,45,84.0
105115,2024-05-04,18,3,245,2,24,7.24,40.76,16,24.76
105115,2024-05-04,16,3,245,1,39,0.0,39.0,15,24.0
105115,2024-05-04,14,3,245,1,49,11.34,37.66,18,19.66
105116,2024-08-16,9,7,121,3,79,16.76,220.24,75,145.24
105116,2024-08-16,20,7,121,2,179,69.03,288.97,140,148.97
105117,2026-03-29,2,6,75,1,799,0.0,799.0,480,319.0
105118,2026-08-29,14,5,4,1,49,0.0,49.0,18,31.0
105118,2026-08-29,18,5,4,1,24,0.0,24.0,8,16.0
105119,2024-04-27,16,8,274,2,39,8.92,69.08,30,39.08
105120,2024-04-30,12,10,3,1,279,0.0,279.0,140,139.0
105121,2026-01-25,11,8,117,1,129,0.0,129.0,45,84.0
105122,2024-03-20,15,8,205,1,35,0.0,35.0,12,23.0
105123,2024-03-25,13,7,209,1,199,0.0,199.0,95,104.0
105123,2024-03-25,8,7,209,1,349,0.0,349.0,150,199.0
105124,2026-05-23,1,8,208,2,999,0.0,1998.0,1240,758.0
105125,2026-03-04,5,5,152,3,349,0.0,1047.0,540,507.0
105126,2026-05-17,13,10,325,1,199,0.0,199.0,95,104.0
105126,2026-05-17,12,10,325,1,279,0.0,279.0,140,139.0
105127,2025-10-31,17,5,246,1,89,0.0,89.0,30,59.0
105128,2024-12-08,7,1,219,2,599,147.31,1050.69,520,530.69
105129,2026-06-07,10,4,130,2,149,0.0,298.0,120,178.0
105129,2026-06-07,17,4,130,1,89,0.0,89.0,30,59.0
105130,2024-11-20,10,4,388,2,149,0.0,298.0,120,178.0
105131,2024-11-02,13,2,218,1,199,0.0,199.0,95,104.0
105132,2026-05-21,19,10,21,1,99,0.0,99.0,35,64.0
105132,2026-05-21,13,10,21,2,199,0.0,398.0,190,208.0
105133,2025-11-22,17,1,49,1,89,0.0,89.0,30,59.0
105134,2026-05-29,18,3,283,2,24,0.0,48.0,16,32.0
105135,2024-06-28,5,7,270,1,349,0.0,349.0,180,169.0
105136,2026-07-19,6,5,93,1,249,0.0,249.0,120,129.0
105137,2025-09-28,17,8,226,1,89,0.0,89.0,30,59.0
105138,2025-11-13,17,6,23,1,89,0.0,89.0,30,59.0
105139,2026-06-14,2,10,245,1,799,0.0,799.0,480,319.0
105140,2025-01-29,5,1,361,1,349,0.0,349.0,180,169.0
105140,2025-01-29,9,1,361,1,79,0.0,79.0,25,54.0
105141,2025-12-19,3,8,126,1,649,0.0,649.0,350,299.0
105141,2025-12-19,14,8,126,2,49,0.0,98.0,36,62.0
105142,2025-10-22,16,1,241,1,39,7.85,31.15,15,16.15
105143,2026-02-19,15,8,103,1,35,0.0,35.0,12,23.0
105144,2026-05-30,20,6,6,2,179,0.0,358.0,140,218.0
105145,2025-11-22,10,6,76,1,149,35.07,113.93,60,53.93
105145,2025-11-22,16,6,76,2,39,12.99,65.01,30,35.01
105146,2024-03-24,1,2,204,2,999,0.0,1998.0,1240,758.0
105147,2024-07-30,1,10,49,1,999,0.0,999.0,620,379.0
105148,2026-07-21,4,2,35,1,399,0.0,399.0,210,189.0
105148,2026-07-21,16,2,35,1,39,0.0,39.0,15,24.0
105149,2026-08-03,16,5,194,1,39,0.0,39.0,15,24.0
105150,2026-08-02,19,7,96,1,99,0.0,99.0,35,64.0
105150,2026-08-02,2,7,96,1,799,0.0,799.0,480,319.0
105150,2026-08-02,14,7,96,1,49,0.0,49.0,18,31.0
105151,2024-02-16,11,9,3,1,129,0.0,129.0,45,84.0
105152,2025-01-31,4,4,279,3,399,0.0,1197.0,630,567.0
105152,2025-01-31,8,4,279,1,349,0.0,349.0,150,199.0
105153,2026-01-21,13,2,382,1,199,0.0,199.0,95,104.0
105154,2026-01-14,18,6,386,2,24,0.0,48.0,16,32.0
105154,2026-01-14,3,6,386,2,649,0.0,1298.0,700,598.0
105155,2024-04-14,1,1,228,1,999,0.0,999.0,620,379.0
105156,2025-09-25,5,5,203,2,349,0.0,698.0,360,338.0
105157,2024-06-14,18,4,131,1,24,0.0,24.0,8,16.0
105157,2024-06-14,4,4,131,1,399,0.0,399.0,210,189.0
105158,2025-05-29,20,4,311,3,179,0.0,537.0,210,327.0
105158,2025-05-29,6,4,311,3,249,0.0,747.0,360,387.0
105159,2024-09-29,4,7,172,1,399,0.0,399.0,210,189.0
105160,2024-03-07,10,4,254,2,149,0.0,298.0,120,178.0
105161,2024-04-07,17,6,384,1,89,0.0,89.0,30,59.0
105161,2024-04-07,12,6,384,2,279,0.0,558.0,280,278.0
105162,2026-06-11,19,9,52,1,99,0.0,99.0,35,64.0
105163,2026-01-06,4,10,355,1,399,0.0,399.0,210,189.0
105164,2026-06-30,13,2,397,2,199,0.0,398.0,190,208.0
105165,2025-05-06,13,10,397,1,199,48.6,150.4,95,55.4
105166,2025-03-08,14,2,205,2,49,0.0,98.0,36,62.0
105167,2025-01-04,16,8,297,1,39,0.0,39.0,15,24.0
105167,2025-01-04,13,8,297,1,199,0.0,199.0,95,104.0
105168,2025-10-01,4,7,277,1,399,0.0,399.0,210,189.0
105169,2024-12-29,13,1,48,1,199,0.0,199.0,95,104.0
105170,2026-01-08,7,6,224,2,599,0.0,1198.0,520,678.0
105170,2026-01-08,15,6,224,1,35,0.0,35.0,12,23.0
105171,2026-03-05,11,9,45,1,129,0.0,129.0,45,84.0
105172,2026-05-12,17,10,303,1,89,0.0,89.0,30,59.0
105173,2024-10-02,8,10,254,1,349,0.0,349.0,150,199.0
105173,2024-10-02,13,10,254,1,199,0.0,199.0,95,104.0
105173,2024-10-02,2,10,254,1,799,0.0,799.0,480,319.0
105174,2025-07-02,19,9,220,1,99,12.13,86.87,35,51.87
105175,2024-09-12,8,10,17,2,349,0.0,698.0,300,398.0
105175,2024-09-12,4,10,17,1,399,0.0,399.0,210,189.0
105176,2024-02-17,14,1,181,1,49,0.0,49.0,18,31.0
105177,2025-12-11,1,2,269,1,999,246.71,752.29,620,132.29
105178,2025-07-26,16,2,92,1,39,0.0,39.0,15,24.0
105179,2025-12-21,2,2,160,1,799,0.0,799.0,480,319.0
105180,2024-04-16,1,9,185,1,999,55.5,943.5,620,323.5
105181,2026-08-27,2,2,258,1,799,0.0,799.0,480,319.0
105182,2026-08-26,7,1,143,1,599,0.0,599.0,260,339.0
105183,2025-05-01,19,6,8,2,99,0.0,198.0,70,128.0
105184,2026-05-03,16,4,165,1,39,0.0,39.0,15,24.0
105184,2026-05-03,10,4,165,1,149,0.0,149.0,60,89.0
105185,2024-10-03,2,6,251,1,799,66.88,732.12,480,252.12
105186,2025-12-31,1,5,373,1,999,0.0,999.0,620,379.0
105187,2026-05-15,12,6,27,1,279,0.0,279.0,140,139.0
105187,2026-05-15,9,6,27,2,79,0.0,158.0,50,108.0
105187,2026-05-15,14,6,27,1,49,0.0,49.0,18,31.0
105188,2026-03-18,7,7,276,1,599,0.0,599.0,260,339.0
105188,2026-03-18,20,7,276,2,179,0.0,358.0,140,218.0
105189,2026-03-15,16,6,81,2,39,0.0,78.0,30,48.0
105189,2026-03-15,5,6,81,1,349,0.0,349.0,180,169.0
105189,2026-03-15,4,6,81,1,399,0.0,399.0,210,189.0
105190,2025-04-29,7,9,380,2,599,0.0,1198.0,520,678.0
105190,2025-04-29,17,9,380,1,89,0.0,89.0,30,59.0
105191,2026-03-23,1,2,1,1,999,0.0,999.0,620,379.0
105192,2025-11-29,18,6,247,1,24,0.0,24.0,8,16.0
105193,2024-06-02,13,5,47,2,199,0.0,398.0,190,208.0
105194,2024-05-14,15,2,89,2,35,0.0,70.0,24,46.0
105195,2026-02-03,2,3,62,1,799,102.01,696.99,480,216.99
105195,2026-02-03,16,3,62,1,39,3.58,35.42,15,20.42
105195,2026-02-03,9,3,62,1,79,0.0,79.0,25,54.0
105196,2025-10-09,1,7,98,2,999,448.77,1549.23,1240,309.23
105197,2025-06-24,19,10,81,2,99,31.74,166.26,70,96.26
105197,2025-06-24,16,10,81,1,39,0.0,39.0,15,24.0
105197,2025-06-24,10,10,81,1,149,0.0,149.0,60,89.0
105198,2026-06-08,20,9,207,1,179,0.0,179.0,70,109.0
105199,2025-11-07,1,4,143,1,999,219.94,779.06,620,159.06
105200,2025-02-17,6,7,238,1,249,29.53,219.47,120,99.47
105201,2025-03-09,12,7,89,1,279,27.19,251.81,140,111.81
105202,2025-09-20,2,2,264,1,799,106.31,692.69,480,212.69
105203,2026-01-22,2,8,35,1,799,0.0,799.0,480,319.0
105203,2026-01-22,11,8,35,1,129,0.0,129.0,45,84.0
105204,2025-08-11,5,10,200,1,349,22.92,326.08,180,146.08
105205,2025-06-13,10,10,384,2,149,0.0,298.0,120,178.0
105206,2025-12-23,6,10,190,1,249,0.0,249.0,120,129.0
105206,2025-12-23,20,10,190,1,179,0.0,179.0,70,109.0
105207,2025-12-09,15,2,222,2,35,12.76,57.24,24,33.24
105207,2025-12-09,2,2,222,1,799,0.0,799.0,480,319.0
105208,2026-04-02,8,6,35,1,349,0.0,349.0,150,199.0
105208,2026-04-02,12,6,35,2,279,0.0,558.0,280,278.0
105209,2024-03-18,12,5,77,1,279,0.0,279.0,140,139.0
105209,2024-03-18,11,5,77,2,129,26.24,231.76,90,141.76
105210,2026-01-17,17,10,87,1,89,0.0,89.0,30,59.0
105210,2026-01-17,16,10,87,1,39,0.0,39.0,15,24.0
105211,2025-06-19,19,6,57,1,99,0.0,99.0,35,64.0
105211,2025-06-19,11,6,57,1,129,0.0,129.0,45,84.0
105211,2025-06-19,4,6,57,1,399,0.0,399.0,210,189.0
105212,2024-04-01,8,6,49,1,349,0.0,349.0,150,199.0
105213,2025-11-21,10,2,89,3,149,93.4,353.6,180,173.6
105214,2025-12-17,1,2,252,1,999,0.0,999.0,620,379.0
105215,2025-06-29,2,7,127,1,799,179.28,619.72,480,139.72
105216,2026-02-26,15,7,51,1,35,5.81,29.19,12,17.19
105217,2024-11-21,9,10,38,1,79,19.19,59.81,25,34.81
105217,2024-11-21,6,10,38,1,249,13.86,235.14,120,115.14
105218,2024-08-19,3,5,160,1,649,155.36,493.64,350,143.64
105218,2024-08-19,5,5,160,1,349,0.0,349.0,180,169.0
105219,2024-12-28,16,6,126,1,39,0.0,39.0,15,24.0
105220,2025-03-05,5,3,19,2,349,0.0,698.0,360,338.0
105221,2025-12-03,14,2,288,2,49,0.0,98.0,36,62.0
105222,2026-04-15,20,10,339,1,179,0.0,179.0,70,109.0
105222,2026-04-15,3,10,339,1,649,0.0,649.0,350,299.0
105223,2025-12-19,12,8,251,2,279,0.0,558.0,280,278.0
105223,2025-12-19,3,8,251,3,649,339.33,1607.67,1050,557.67
105224,2024-07-19,11,1,118,2,129,0.0,258.0,90,168.0
105225,2025-01-13,16,8,329,2,39,0.0,78.0,30,48.0
105226,2024-07-01,20,5,303,2,179,0.0,358.0,140,218.0
105227,2025-11-26,4,10,28,1,399,0.0,399.0,210,189.0
105228,2024-10-07,7,1,259,2,599,0.0,1198.0,520,678.0
105229,2025-06-30,15,2,300,1,35,8.7,26.3,12,14.3
105230,2026-02-24,12,5,52,1,279,0.0,279.0,140,139.0
105231,2025-11-15,4,8,316,1,399,83.58,315.42,210,105.42
105232,2024-11-19,9,9,64,1,79,19.4,59.6,25,34.6
105232,2024-11-19,16,9,64,1,39,0.0,39.0,15,24.0
105233,2024-12-15,12,8,13,1,279,0.0,279.0,140,139.0
105233,2024-12-15,10,8,13,1,149,0.0,149.0,60,89.0
105234,2025-11-02,2,8,216,1,799,118.79,680.21,480,200.21
105235,2025-07-26,13,4,336,1,199,0.0,199.0,95,104.0
105236,2024-04-25,7,1,86,1,599,0.0,599.0,260,339.0
105236,2024-04-25,11,1,86,2,129,0.0,258.0,90,168.0
105236,2024-04-25,19,1,86,2,99,21.27,176.73,70,106.73
105237,2026-05-10,10,1,392,1,149,0.0,149.0,60,89.0
105238,2025-06-17,15,10,193,2,35,0.0,70.0,24,46.0
105238,2025-06-17,7,10,193,1,599,0.0,599.0,260,339.0
105239,2025-05-09,18,5,157,1,24,0.0,24.0,8,16.0
105240,2024-08-16,7,4,50,2,599,0.0,1198.0,520,678.0
105240,2024-08-16,17,4,50,1,89,0.0,89.0,30,59.0
105241,2025-01-25,15,8,185,1,35,0.0,35.0,12,23.0
105241,2025-01-25,17,8,185,1,89,9.28,79.72,30,49.72
105242,2024-12-15,17,2,159,1,89,0.0,89.0,30,59.0
105242,2024-12-15,8,2,159,1,349,0.0,349.0,150,199.0
105243,2024-10-28,8,7,349,1,349,0.0,349.0,150,199.0
105243,2024-10-28,20,7,349,1,179,0.0,179.0,70,109.0
105244,2025-08-14,17,4,186,1,89,0.0,89.0,30,59.0
105245,2025-04-29,5,8,134,1,349,0.0,349.0,180,169.0
105246,2026-05-23,10,2,53,1,149,31.03,117.97,60,57.97
105247,2026-07-09,18,1,158,1,24,0.0,24.0,8,16.0
105248,2024-09-07,14,5,69,2,49,0.0,98.0,36,62.0
105249,2024-04-29,2,9,229,1,799,0.0,799.0,480,319.0
105250,2026-02-17,6,3,180,1,249,0.0,249.0,120,129.0
105251,2026-08-27,11,8,291,1,129,0.0,129.0,45,84.0
105252,2026-05-01,19,6,20,2,99,0.0,198.0,70,128.0
105253,2024-01-30,9,1,330,1,79,0.0,79.0,25,54.0
105254,2024-10-10,15,9,383,1,35,0.0,35.0,12,23.0
105254,2024-10-10,7,9,383,1,599,0.0,599.0,260,339.0
105254,2024-10-10,11,9,383,1,129,0.0,129.0,45,84.0
105255,2024-02-24,13,1,177,2,199,0.0,398.0,190,208.0
105256,2026-03-24,7,1,250,1,599,34.75,564.25,260,304.25
105257,2025-08-28,4,2,256,2,399,0.0,798.0,420,378.0
105258,2025-06-18,4,3,158,2,399,0.0,798.0,420,378.0
105258,2025-06-18,13,3,158,2,199,0.0,398.0,190,208.0
105259,2025-08-01,1,9,245,1,999,0.0,999.0,620,379.0
105259,2025-08-01,8,9,245,1,349,0.0,349.0,150,199.0
105259,2025-08-01,14,9,245,2,49,0.0,98.0,36,62.0
105260,2024-10-11,19,4,300,1,99,0.0,99.0,35,64.0
105260,2024-10-11,18,4,300,1,24,0.0,24.0,8,16.0
105261,2025-09-17,14,5,29,1,49,0.0,49.0,18,31.0
105262,2024-02-08,13,8,239,1,199,34.12,164.88,95,69.88
105263,2025-10-27,20,7,373,1,179,0.0,179.0,70,109.0
105264,2025-12-28,1,10,8,1,999,0.0,999.0,620,379.0
105264,2025-12-28,9,10,8,1,79,11.39,67.61,25,42.61
105265,2025-11-16,8,5,89,3,349,0.0,1047.0,450,597.0
105266,2024-12-15,20,2,220,1,179,30.76,148.24,70,78.24
105267,2026-03-29,7,3,205,1,599,0.0,599.0,260,339.0
105268,2025-12-16,18,2,8,1,24,1.32,22.68,8,14.68
105268,2025-12-16,3,2,8,1,649,0.0,649.0,350,299.0
105269,2024-05-29,12,1,235,1,279,63.88,215.12,140,75.12
105270,2024-08-12,11,6,40,2,129,61.05,196.95,90,106.95
105271,2025-10-19,5,5,248,1,349,0.0,349.0,180,169.0
105272,2024-11-12,16,2,10,2,39,7.85,70.15,30,40.15
105273,2024-05-20,3,8,197,1,649,0.0,649.0,350,299.0
105274,2024-06-27,12,3,323,1,279,0.0,279.0,140,139.0
105274,2024-06-27,14,3,323,1,49,0.0,49.0,18,31.0
105275,2024-07-09,11,9,108,1,129,0.0,129.0,45,84.0
105276,2025-05-14,20,8,255,1,179,0.0,179.0,70,109.0
105277,2025-09-23,15,6,400,2,35,0.0,70.0,24,46.0
105278,2024-07-22,16,6,314,1,39,0.0,39.0,15,24.0
105278,2024-07-22,4,6,314,3,399,0.0,1197.0,630,567.0
105278,2024-07-22,15,6,314,1,35,2.14,32.86,12,20.86
105279,2025-12-14,6,5,89,1,249,0.0,249.0,120,129.0
105279,2025-12-14,11,5,89,2,129,0.0,258.0,90,168.0
105280,2024-11-06,18,1,228,2,24,0.0,48.0,16,32.0
105281,2024-11-30,16,8,15,1,39,9.63,29.37,15,14.37
105282,2024-09-12,1,7,293,1,999,128.07,870.93,620,250.93
105283,2026-02-17,19,8,20,1,99,0.0,99.0,35,64.0
105283,2026-02-17,16,8,20,1,39,0.0,39.0,15,24.0
105284,2026-07-26,15,3,353,2,35,0.0,70.0,24,46.0
105285,2025-05-28,17,5,82,1,89,0.0,89.0,30,59.0
105286,2024-02-23,7,4,115,1,599,0.0,599.0,260,339.0
105287,2024-10-19,6,4,337,1,249,0.0,249.0,120,129.0
105287,2024-10-19,4,4,337,2,399,0.0,798.0,420,378.0
105288,2024-07-01,7,1,196,1,599,0.0,599.0,260,339.0
105289,2026-04-13,16,8,31,1,39,0.0,39.0,15,24.0
105290,2024-04-12,19,3,150,1,99,0.0,99.0,35,64.0
105291,2026-08-01,7,8,280,1,599,139.03,459.97,260,199.97
105292,2025-09-04,16,1,270,2,39,0.0,78.0,30,48.0
105293,2025-06-23,16,2,131,1,39,2.99,36.01,15,21.01
105293,2025-06-23,17,2,131,1,89,0.0,89.0,30,59.0
105293,2025-06-23,15,2,131,1,35,0.0,35.0,12,23.0
105294,2026-04-17,8,3,33,3,349,0.0,1047.0,450,597.0
105295,2024-02-04,11,1,91,1,129,0.0,129.0,45,84.0
105296,2026-02-08,1,4,274,2,999,0.0,1998.0,1240,758.0
105297,2024-05-17,7,6,137,1,599,0.0,599.0,260,339.0
105298,2026-04-11,1,4,322,1,999,0.0,999.0,620,379.0
105298,2026-04-11,5,4,322,2,349,0.0,698.0,360,338.0
105299,2025-07-04,4,10,26,1,399,0.0,399.0,210,189.0
105299,2025-07-04,5,10,26,2,349,0.0,698.0,360,338.0
105300,2024-03-17,11,8,354,2,129,0.0,258.0,90,168.0
105301,2026-04-04,5,1,173,1,349,0.0,349.0,180,169.0
105301,2026-04-04,20,1,173,1,179,0.0,179.0,70,109.0
105302,2024-02-03,13,1,314,1,199,0.0,199.0,95,104.0
105302,2024-02-03,16,1,314,1,39,0.0,39.0,15,24.0
105303,2024-06-09,16,1,65,1,39,0.0,39.0,15,24.0
105304,2026-03-02,9,1,391,1,79,0.0,79.0,25,54.0
105305,2025-05-01,9,6,164,1,79,0.0,79.0,25,54.0
105306,2026-05-16,2,3,366,1,799,0.0,799.0,480,319.0
105307,2025-10-18,11,2,285,1,129,0.0,129.0,45,84.0
105307,2025-10-18,14,2,285,1,49,0.0,49.0,18,31.0
105308,2025-10-07,12,9,36,1,279,0.0,279.0,140,139.0
105309,2024-11-15,10,8,188,1,149,0.0,149.0,60,89.0
105310,2024-06-04,6,7,247,2,249,0.0,498.0,240,258.0
105311,2026-07-28,15,1,200,1,35,0.0,35.0,12,23.0
105312,2024-05-04,1,2,188,1,999,0.0,999.0,620,379.0
105313,2025-07-04,18,8,176,1,24,0.0,24.0,8,16.0
105313,2025-07-04,12,8,176,1,279,0.0,279.0,140,139.0
105314,2024-10-30,18,3,285,1,24,0.0,24.0,8,16.0
105314,2024-10-30,17,3,285,1,89,0.0,89.0,30,59.0
105315,2024-10-22,6,1,255,1,249,0.0,249.0,120,129.0
105316,2025-09-10,20,5,100,1,179,0.0,179.0,70,109.0
105317,2026-03-02,10,8,150,1,149,0.0,149.0,60,89.0
105317,2026-03-02,13,8,150,1,199,0.0,199.0,95,104.0
105318,2026-02-08,1,10,334,1,999,0.0,999.0,620,379.0
105319,2026-05-06,17,9,1,1,89,0.0,89.0,30,59.0
105320,2024-11-15,18,4,259,1,24,0.0,24.0,8,16.0
105320,2024-11-15,9,4,259,2,79,0.0,158.0,50,108.0
105321,2025-05-02,19,8,335,2,99,0.0,198.0,70,128.0
105322,2024-01-12,2,1,201,1,799,0.0,799.0,480,319.0
105323,2026-01-08,12,10,310,1,279,0.0,279.0,140,139.0
105323,2026-01-08,6,10,310,2,249,0.0,498.0,240,258.0
105324,2024-11-22,13,6,323,1,199,22.96,176.04,95,81.04
105324,2024-11-22,3,6,323,1,649,96.29,552.71,350,202.71
105325,2025-08-08,6,2,188,2,249,0.0,498.0,240,258.0
105325,2025-08-08,7,2,188,1,599,0.0,599.0,260,339.0
105326,2024-07-14,16,1,96,1,39,0.0,39.0,15,24.0
105327,2026-03-22,4,1,155,1,399,0.0,399.0,210,189.0
105328,2026-03-20,9,4,183,2,79,0.0,158.0,50,108.0
105329,2026-05-13,13,5,372,1,199,0.0,199.0,95,104.0
105329,2026-05-13,9,5,372,1,79,0.0,79.0,25,54.0
105330,2024-02-28,16,1,374,1,39,0.0,39.0,15,24.0
105331,2026-08-25,5,3,293,2,349,0.0,698.0,360,338.0
105331,2026-08-25,20,3,293,1,179,0.0,179.0,70,109.0
105332,2024-10-07,2,4,281,1,799,0.0,799.0,480,319.0
105333,2024-11-28,3,1,24,2,649,0.0,1298.0,700,598.0
105333,2024-11-28,19,1,24,1,99,0.0,99.0,35,64.0
105334,2024-10-08,4,2,228,2,399,0.0,798.0,420,378.0
105335,2024-10-25,7,2,34,1,599,0.0,599.0,260,339.0
105336,2025-07-30,17,4,310,3,89,0.0,267.0,90,177.0
105337,2024-09-29,5,6,164,1,349,20.33,328.67,180,148.67
105338,2025-02-14,16,4,280,1,39,0.0,39.0,15,24.0
105338,2025-02-14,14,4,280,2,49,0.0,98.0,36,62.0
105339,2025-11-04,5,10,338,1,349,84.83,264.17,180,84.17
105340,2026-04-07,20,1,341,1,179,28.95,150.05,70,80.05
105341,2025-12-01,1,5,248,1,999,0.0,999.0,620,379.0
105342,2025-09-10,19,6,313,1,99,0.0,99.0,35,64.0
105343,2024-06-19,20,3,327,2,179,0.0,358.0,140,218.0
105343,2024-06-19,17,3,327,2,89,0.0,178.0,60,118.0
105343,2024-06-19,11,3,327,1,129,0.0,129.0,45,84.0
105344,2026-03-19,14,6,356,2,49,0.0,98.0,36,62.0
105345,2024-02-16,2,2,90,1,799,0.0,799.0,480,319.0
105346,2024-10-22,4,1,355,1,399,0.0,399.0,210,189.0
105347,2024-03-12,16,6,352,2,39,0.0,78.0,30,48.0
105348,2025-11-12,4,1,373,2,399,93.82,704.18,420,284.18
105349,2025-01-15,7,5,156,1,599,85.37,513.63,260,253.63
105350,2025-11-01,14,6,383,1,49,8.49,40.51,18,22.51
105351,2024-12-25,3,4,337,3,649,0.0,1947.0,1050,897.0
105352,2025-04-22,14,1,331,1,49,0.0,49.0,18,31.0
105353,2025-04-24,15,3,251,1,35,7.28,27.72,12,15.72
105354,2024-02-27,8,4,298,1,349,0.0,349.0,150,199.0
105354,2024-02-27,15,4,298,1,35,0.0,35.0,12,23.0
105354,2024-02-27,12,4,298,1,279,0.0,279.0,140,139.0
105355,2025-03-27,8,2,15,1,349,79.11,269.89,150,119.89
105356,2025-10-23,7,9,296,1,599,0.0,599.0,260,339.0
105357,2025-07-23,20,1,191,1,179,0.0,179.0,70,109.0
105358,2024-04-02,20,10,204,1,179,28.91,150.09,70,80.09
105359,2025-11-13,13,5,217,1,199,0.0,199.0,95,104.0
105360,2024-11-28,8,4,188,1,349,0.0,349.0,150,199.0
105360,2024-11-28,12,4,188,1,279,42.88,236.12,140,96.12
105361,2024-01-18,11,4,75,1,129,0.0,129.0,45,84.0
105362,2024-06-28,4,1,282,1,399,0.0,399.0,210,189.0
105363,2025-06-02,20,1,128,2,179,0.0,358.0,140,218.0
105364,2024-11-29,15,10,397,1,35,0.0,35.0,12,23.0
105364,2024-11-29,6,10,397,1,249,0.0,249.0,120,129.0
105365,2025-12-02,20,8,98,1,179,37.05,141.95,70,71.95
105366,2024-09-30,11,8,268,1,129,0.0,129.0,45,84.0
105366,2024-09-30,19,8,268,1,99,0.0,99.0,35,64.0
105367,2026-02-04,13,7,185,1,199,0.0,199.0,95,104.0
105368,2024-11-10,12,3,294,1,279,0.0,279.0,140,139.0
105369,2025-10-05,19,8,16,1,99,0.0,99.0,35,64.0
105370,2026-03-03,14,3,8,1,49,0.0,49.0,18,31.0
105370,2026-03-03,19,3,8,1,99,9.05,89.95,35,54.95
105371,2025-02-04,5,4,184,1,349,0.0,349.0,180,169.0
105371,2025-02-04,13,4,184,1,199,0.0,199.0,95,104.0
105372,2024-02-29,9,1,277,1,79,9.6,69.4,25,44.4
105373,2025-07-11,13,10,48,2,199,0.0,398.0,190,208.0
105374,2026-08-27,7,1,114,1,599,0.0,599.0,260,339.0
105374,2026-08-27,11,1,114,1,129,22.47,106.53,45,61.53
105375,2026-08-04,4,1,331,1,399,90.93,308.07,210,98.07
105375,2026-08-04,15,1,331,2,35,0.0,70.0,24,46.0
105376,2024-09-09,11,10,340,1,129,0.0,129.0,45,84.0
105376,2024-09-09,15,10,340,1,35,0.0,35.0,12,23.0
105376,2024-09-09,14,10,340,1,49,6.92,42.08,18,24.08
105377,2026-01-17,18,1,326,1,24,0.0,24.0,8,16.0
105378,2024-12-24,6,10,99,1,249,0.0,249.0,120,129.0
105379,2024-07-03,4,9,323,1,399,77.53,321.47,210,111.47
105380,2025-11-11,13,3,296,1,199,19.35,179.65,95,84.65
105381,2025-06-05,5,7,368,3,349,86.11,960.89,540,420.89
105381,2025-06-05,9,7,368,2,79,0.0,158.0,50,108.0
105382,2025-07-15,13,8,182,2,199,0.0,398.0,190,208.0
105382,2025-07-15,12,8,182,1,279,0.0,279.0,140,139.0
105382,2025-07-15,14,8,182,1,49,0.0,49.0,18,31.0
105383,2026-03-30,18,3,35,1,24,0.0,24.0,8,16.0
105384,2024-12-18,15,8,263,1,35,0.0,35.0,12,23.0
105385,2025-11-12,7,3,52,3,599,0.0,1797.0,780,1017.0
105386,2025-01-13,7,6,315,1,599,0.0,599.0,260,339.0
105387,2024-02-23,8,8,302,1,349,43.15,305.85,150,155.85
105387,2024-02-23,11,8,302,3,129,25.62,361.38,135,226.38
105388,2025-01-26,7,10,129,1,599,0.0,599.0,260,339.0
105389,2026-07-17,3,1,142,1,649,0.0,649.0,350,299.0
105390,2025-05-19,4,2,321,1,399,0.0,399.0,210,189.0
105390,2025-05-19,8,2,321,3,349,0.0,1047.0,450,597.0
105391,2024-05-08,19,6,289,1,99,0.0,99.0,35,64.0
105392,2025-11-27,11,6,249,2,129,0.0,258.0,90,168.0
105393,2026-07-30,2,8,308,1,799,0.0,799.0,480,319.0
105394,2026-06-08,12,9,120,1,279,68.08,210.92,140,70.92
105395,2025-08-19,17,2,94,2,89,0.0,178.0,60,118.0
105396,2025-01-24,1,9,39,3,999,0.0,2997.0,1860,1137.0
105397,2025-08-27,1,1,265,1,999,0.0,999.0,620,379.0
105398,2026-03-19,17,6,306,1,89,0.0,89.0,30,59.0
105398,2026-03-19,7,6,306,1,599,0.0,599.0,260,339.0
105399,2026-04-29,17,4,331,1,89,0.0,89.0,30,59.0
105400,2026-03-22,19,3,282,2,99,0.0,198.0,70,128.0
105401,2025-04-22,7,10,159,1,599,0.0,599.0,260,339.0
105401,2025-04-22,1,10,159,3,999,0.0,2997.0,1860,1137.0
105402,2024-05-19,4,10,264,1,399,0.0,399.0,210,189.0
105402,2024-05-19,2,10,264,1,799,0.0,799.0,480,319.0
105403,2025-08-16,15,10,154,1,35,2.53,32.47,12,20.47
105404,2024-06-29,3,2,158,1,649,0.0,649.0,350,299.0
105405,2024-03-16,12,8,164,1,279,0.0,279.0,140,139.0
105406,2025-06-03,4,10,313,1,399,0.0,399.0,210,189.0
105407,2025-11-04,17,10,357,1,89,14.69,74.31,30,44.31
105407,2025-11-04,9,10,357,1,79,0.0,79.0,25,54.0
105407,2025-11-04,19,10,357,1,99,0.0,99.0,35,64.0
105408,2026-04-23,7,6,319,1,599,0.0,599.0,260,339.0
105409,2026-02-14,7,5,372,1,599,0.0,599.0,260,339.0
105410,2026-04-26,12,3,213,2,279,38.04,519.96,280,239.96
105411,2026-01-22,4,4,140,3,399,0.0,1197.0,630,567.0
105411,2026-01-22,5,4,140,1,349,0.0,349.0,180,169.0
105412,2025-12-08,20,2,202,1,179,0.0,179.0,70,109.0
105413,2024-01-13,10,2,192,1,149,0.0,149.0,60,89.0
105413,2024-01-13,3,2,192,1,649,33.0,616.0,350,266.0
105414,2025-10-10,16,2,384,2,39,0.0,78.0,30,48.0
105415,2024-05-21,10,3,387,1,149,0.0,149.0,60,89.0
105416,2024-03-14,16,3,136,1,39,0.0,39.0,15,24.0
105417,2024-06-29,20,10,281,1,179,0.0,179.0,70,109.0
105418,2026-03-26,10,9,82,3,149,0.0,447.0,180,267.0
105419,2026-01-05,13,1,3,1,199,0.0,199.0,95,104.0
105420,2026-07-16,11,6,303,1,129,0.0,129.0,45,84.0
105421,2026-08-13,10,8,354,1,149,0.0,149.0,60,89.0
105422,2026-05-27,13,1,198,1,199,0.0,199.0,95,104.0
105422,2026-05-27,16,1,198,1,39,0.0,39.0,15,24.0
105423,2024-06-03,18,4,360,1,24,3.1,20.9,8,12.9
105424,2026-05-14,10,8,248,1,149,0.0,149.0,60,89.0
105424,2026-05-14,9,8,248,1,79,0.0,79.0,25,54.0
105425,2026-04-09,20,9,291,1,179,29.34,149.66,70,79.66
105425,2026-04-09,8,9,291,1,349,0.0,349.0,150,199.0
105426,2026-05-08,4,10,374,1,399,0.0,399.0,210,189.0
105427,2024-06-24,10,8,393,1,149,15.73,133.27,60,73.27
105427,2024-06-24,12,8,393,1,279,0.0,279.0,140,139.0
105428,2024-05-17,11,10,248,1,129,0.0,129.0,45,84.0
105429,2026-06-23,15,5,249,1,35,0.0,35.0,12,23.0
105430,2024-07-19,3,10,231,2,649,0.0,1298.0,700,598.0
105431,2025-01-15,12,1,307,1,279,49.05,229.95,140,89.95
105432,2025-04-22,11,4,50,2,129,0.0,258.0,90,168.0
105433,2024-05-25,18,9,69,1,24,1.75,22.25,8,14.25
105434,2024-01-26,1,10,285,1,999,0.0,999.0,620,379.0
105435,2026-08-26,16,10,153,3,39,0.0,117.0,45,72.0
105436,2026-05-12,14,10,239,3,49,0.0,147.0,54,93.0
105437,2026-06-12,18,2,146,1,24,0.0,24.0,8,16.0
105438,2024-11-09,15,8,152,1,35,6.07,28.93,12,16.93
105439,2024-09-08,18,1,399,1,24,0.0,24.0,8,16.0
105439,2024-09-08,5,1,399,2,349,0.0,698.0,360,338.0
105439,2024-09-08,12,1,399,3,279,0.0,837.0,420,417.0
105440,2025-03-22,18,5,124,1,24,0.0,24.0,8,16.0
105441,2025-04-19,13,3,365,1,199,0.0,199.0,95,104.0
105442,2024-01-07,2,1,184,2,799,0.0,1598.0,960,638.0
105443,2026-02-10,12,6,288,2,279,0.0,558.0,280,278.0
105444,2026-08-29,10,10,97,1,149,0.0,149.0,60,89.0
105445,2025-07-04,20,10,34,1,179,0.0,179.0,70,109.0
105445,2025-07-04,9,10,34,1,79,0.0,79.0,25,54.0
105446,2025-02-07,5,3,279,3,349,0.0,1047.0,540,507.0
105447,2025-02-13,2,6,246,3,799,0.0,2397.0,1440,957.0
105447,2025-02-13,1,6,246,1,999,141.95,857.05,620,237.05
105448,2024-04-25,19,3,227,1,99,0.0,99.0,35,64.0
105449,2024-10-24,4,2,323,2,399,0.0,798.0,420,378.0
105450,2025-06-07,8,2,229,1,349,0.0,349.0,150,199.0
105451,2025-03-28,17,8,219,1,89,0.0,89.0,30,59.0
105451,2025-03-28,19,8,219,1,99,21.13,77.87,35,42.87
105452,2025-07-22,13,6,395,1,199,0.0,199.0,95,104.0
105452,2025-07-22,8,6,395,2,349,167.4,530.6,300,230.6
105453,2026-04-18,3,5,298,1,649,0.0,649.0,350,299.0
105454,2024-09-14,6,5,59,1,249,0.0,249.0,120,129.0
105455,2024-02-04,4,7,164,1,399,0.0,399.0,210,189.0
105455,2024-02-04,2,7,164,1,799,0.0,799.0,480,319.0
105456,2024-02-18,15,8,285,1,35,6.99,28.01,12,16.01
105457,2024-06-04,1,7,333,1,999,0.0,999.0,620,379.0
105458,2025-08-17,4,1,180,2,399,0.0,798.0,420,378.0
105459,2026-03-12,8,7,123,1,349,0.0,349.0,150,199.0
105460,2026-05-21,15,10,349,2,35,0.0,70.0,24,46.0
105461,2025-10-18,10,8,398,2,149,0.0,298.0,120,178.0
105462,2025-02-25,7,7,10,2,599,0.0,1198.0,520,678.0
105463,2024-06-27,3,10,169,1,649,0.0,649.0,350,299.0
105464,2025-02-23,1,1,375,1,999,0.0,999.0,620,379.0
105465,2024-12-15,15,8,13,2,35,16.76,53.24,24,29.24
105465,2024-12-15,12,8,13,2,279,0.0,558.0,280,278.0
105466,2026-05-07,13,2,80,1,199,0.0,199.0,95,104.0
105467,2025-05-22,7,8,361,1,599,0.0,599.0,260,339.0
105468,2024-09-15,16,8,289,2,39,0.0,78.0,30,48.0
105469,2024-11-12,10,10,227,2,149,57.16,240.84,120,120.84
105470,2024-06-07,11,1,114,1,129,0.0,129.0,45,84.0
105471,2026-06-18,14,6,27,1,49,0.0,49.0,18,31.0
105471,2026-06-18,11,6,27,1,129,14.67,114.33,45,69.33
105472,2024-03-04,9,1,87,2,79,0.0,158.0,50,108.0
105472,2024-03-04,15,1,87,1,35,0.0,35.0,12,23.0
105473,2024-01-16,4,10,40,1,399,0.0,399.0,210,189.0
105474,2024-07-30,16,4,375,1,39,0.0,39.0,15,24.0
105475,2026-03-14,4,5,374,1,399,0.0,399.0,210,189.0
105475,2026-03-14,15,5,374,2,35,0.0,70.0,24,46.0
105476,2025-06-28,1,9,265,1,999,0.0,999.0,620,379.0
105477,2025-10-10,5,8,265,1,349,0.0,349.0,180,169.0
105478,2025-01-03,10,8,201,2,149,0.0,298.0,120,178.0
105478,2025-01-03,12,8,201,1,279,0.0,279.0,140,139.0
105479,2024-03-25,6,9,369,1,249,0.0,249.0,120,129.0
105480,2026-04-25,1,2,187,1,999,0.0,999.0,620,379.0
105481,2024-08-08,12,4,116,1,279,0.0,279.0,140,139.0
105482,2024-02-11,10,5,16,2,149,46.36,251.64,120,131.64
105483,2025-08-19,13,2,37,1,199,0.0,199.0,95,104.0
105484,2024-04-11,4,9,275,1,399,0.0,399.0,210,189.0
105484,2024-04-11,2,9,275,1,799,0.0,799.0,480,319.0
105485,2024-04-25,10,9,227,2,149,0.0,298.0,120,178.0
105486,2026-03-04,11,6,350,1,129,0.0,129.0,45,84.0
105487,2025-05-27,3,10,187,2,649,0.0,1298.0,700,598.0
105487,2025-05-27,8,10,187,1,349,21.24,327.76,150,177.76
105488,2024-10-01,2,9,277,1,799,0.0,799.0,480,319.0
105489,2024-12-26,12,7,262,1,279,33.7,245.3,140,105.3
105490,2025-12-25,11,10,25,1,129,19.02,109.98,45,64.98
105490,2025-12-25,20,10,25,2,179,0.0,358.0,140,218.0
105491,2024-03-23,17,6,157,3,89,0.0,267.0,90,177.0
105491,2024-03-23,16,6,157,1,39,0.0,39.0,15,24.0
105491,2024-03-23,5,6,157,2,349,0.0,698.0,360,338.0
105492,2024-05-16,4,5,83,1,399,96.98,302.02,210,92.02
105493,2025-10-01,4,10,303,1,399,0.0,399.0,210,189.0
105494,2025-09-22,18,1,127,1,24,0.0,24.0,8,16.0
105495,2026-08-07,4,8,60,1,399,0.0,399.0,210,189.0
105495,2026-08-07,13,8,60,1,199,36.83,162.17,95,67.17
105496,2025-01-22,3,10,251,1,649,0.0,649.0,350,299.0
105496,2025-01-22,16,10,251,1,39,0.0,39.0,15,24.0
105497,2024-03-21,20,7,186,1,179,0.0,179.0,70,109.0
105498,2025-07-13,6,10,266,1,249,0.0,249.0,120,129.0
105499,2025-10-21,3,4,339,2,649,86.02,1211.98,700,511.98
105499,2025-10-21,18,4,339,1,24,0.0,24.0,8,16.0
105500,2024-06-10,16,3,134,1,39,0.0,39.0,15,24.0
105501,2025-07-30,19,5,307,1,99,13.53,85.47,35,50.47
105502,2024-08-15,20,6,203,3,179,44.62,492.38,210,282.38
105503,2026-04-15,6,10,185,1,249,0.0,249.0,120,129.0
105504,2026-04-06,11,2,268,1,129,0.0,129.0,45,84.0
105504,2026-04-06,8,2,268,1,349,23.89,325.11,150,175.11
105504,2026-04-06,1,2,268,2,999,0.0,1998.0,1240,758.0
105505,2025-03-26,9,4,145,1,79,0.0,79.0,25,54.0
105506,2026-08-02,13,8,336,2,199,0.0,398.0,190,208.0
105507,2026-08-13,9,2,13,1,79,0.0,79.0,25,54.0
105508,2024-05-30,7,2,323,1,599,65.77,533.23,260,273.23
105508,2024-05-30,13,2,323,3,199,0.0,597.0,285,312.0
105508,2024-05-30,6,2,323,1,249,60.79,188.21,120,68.21
105509,2025-01-14,17,3,112,1,89,0.0,89.0,30,59.0
105510,2025-09-16,12,4,49,1,279,0.0,279.0,140,139.0
105511,2024-04-12,12,1,365,1,279,0.0,279.0,140,139.0
105512,2025-01-31,16,4,306,1,39,0.0,39.0,15,24.0
105513,2024-10-19,11,8,156,1,129,0.0,129.0,45,84.0
105513,2024-10-19,7,8,156,1,599,0.0,599.0,260,339.0
105514,2026-07-19,9,3,386,1,79,0.0,79.0,25,54.0
105514,2026-07-19,5,3,386,1,349,0.0,349.0,180,169.0
105515,2025-03-07,2,10,10,2,799,318.1,1279.9,960,319.9
105516,2026-01-24,19,5,189,1,99,15.26,83.74,35,48.74
105517,2025-02-05,8,8,33,1,349,0.0,349.0,150,199.0
105518,2024-06-02,17,6,219,1,89,0.0,89.0,30,59.0
105519,2026-05-01,20,4,105,1,179,0.0,179.0,70,109.0
105519,2026-05-01,8,4,105,1,349,0.0,349.0,150,199.0
105519,2026-05-01,17,4,105,1,89,0.0,89.0,30,59.0
105520,2024-01-01,5,2,56,2,349,0.0,698.0,360,338.0
105521,2024-03-11,12,3,45,1,279,0.0,279.0,140,139.0
105522,2025-01-10,9,2,399,1,79,0.0,79.0,25,54.0
105523,2025-11-26,17,7,313,1,89,15.65,73.35,30,43.35
105523,2025-11-26,12,7,313,3,279,0.0,837.0,420,417.0
105524,2024-12-21,16,1,376,1,39,0.0,39.0,15,24.0
105525,2024-03-23,14,1,361,1,49,0.0,49.0,18,31.0
105525,2024-03-23,12,1,361,2,279,0.0,558.0,280,278.0
105526,2024-12-04,8,2,392,1,349,0.0,349.0,150,199.0
105527,2024-10-04,16,5,252,1,39,0.0,39.0,15,24.0
105528,2024-01-07,4,3,10,1,399,0.0,399.0,210,189.0
105528,2024-01-07,3,3,10,2,649,300.92,997.08,700,297.08
105529,2025-07-11,3,6,5,1,649,0.0,649.0,350,299.0
105530,2024-05-17,15,10,76,3,35,0.0,105.0,36,69.0
105531,2024-11-11,15,10,353,2,35,5.86,64.14,24,40.14
105532,2025-10-23,9,3,61,2,79,0.0,158.0,50,108.0
105533,2025-12-22,7,4,93,3,599,0.0,1797.0,780,1017.0
105533,2025-12-22,6,4,93,2,249,53.56,444.44,240,204.44
105534,2024-10-21,15,7,231,1,35,0.0,35.0,12,23.0
105534,2024-10-21,10,7,231,1,149,7.63,141.37,60,81.37
105535,2024-12-12,14,9,67,3,49,0.0,147.0,54,93.0
105536,2024-10-06,18,7,354,1,24,0.0,24.0,8,16.0
105537,2026-07-23,4,10,176,1,399,0.0,399.0,210,189.0
105538,2024-08-07,11,4,230,1,129,0.0,129.0,45,84.0
105539,2024-07-30,16,2,225,1,39,0.0,39.0,15,24.0
105540,2025-04-11,15,2,195,1,35,0.0,35.0,12,23.0
105541,2024-08-06,14,10,162,1,49,0.0,49.0,18,31.0
105541,2024-08-06,6,10,162,1,249,0.0,249.0,120,129.0
105542,2024-06-29,17,6,188,1,89,0.0,89.0,30,59.0
105542,2024-06-29,18,6,188,1,24,2.9,21.1,8,13.1
105543,2024-04-25,6,6,255,2,249,0.0,498.0,240,258.0
105543,2024-04-25,12,6,255,1,279,0.0,279.0,140,139.0
105544,2025-10-22,20,3,141,1,179,0.0,179.0,70,109.0
105545,2025-09-27,11,6,306,1,129,0.0,129.0,45,84.0
105546,2025-10-31,15,8,98,3,35,21.2,83.8,36,47.8
105547,2026-02-04,4,6,206,2,399,0.0,798.0,420,378.0
105548,2024-12-10,9,3,133,1,79,0.0,79.0,25,54.0
105549,2026-06-18,3,1,302,1,649,0.0,649.0,350,299.0
105550,2025-12-28,2,2,291,1,799,0.0,799.0,480,319.0
105551,2026-03-08,9,3,337,1,79,0.0,79.0,25,54.0
105552,2025-12-19,17,8,341,1,89,19.36,69.64,30,39.64
105552,2025-12-19,10,8,341,2,149,0.0,298.0,120,178.0
105552,2025-12-19,11,8,341,1,129,0.0,129.0,45,84.0
105553,2025-01-04,18,5,112,1,24,0.0,24.0,8,16.0
105553,2025-01-04,14,5,112,2,49,0.0,98.0,36,62.0
105554,2024-11-07,20,2,77,1,179,22.37,156.63,70,86.63
105555,2025-03-18,2,3,257,2,799,0.0,1598.0,960,638.0
105556,2024-04-26,8,10,192,3,349,0.0,1047.0,450,597.0
105556,2024-04-26,9,10,192,2,79,0.0,158.0,50,108.0
105556,2024-04-26,5,10,192,1,349,0.0,349.0,180,169.0
105557,2025-04-17,19,5,65,1,99,0.0,99.0,35,64.0
105557,2025-04-17,5,5,65,1,349,0.0,349.0,180,169.0
105558,2024-02-24,2,4,222,1,799,0.0,799.0,480,319.0
105559,2024-01-05,17,1,225,2,89,0.0,178.0,60,118.0
105559,2024-01-05,3,1,225,1,649,44.98,604.02,350,254.02
105560,2026-06-30,8,5,207,1,349,0.0,349.0,150,199.0
105560,2026-06-30,14,5,207,1,49,0.0,49.0,18,31.0
105561,2025-11-28,12,8,332,1,279,0.0,279.0,140,139.0
105562,2025-08-08,16,9,59,1,39,0.0,39.0,15,24.0
105563,2024-12-21,11,5,133,2,129,26.57,231.43,90,141.43
105564,2025-08-17,10,10,242,1,149,0.0,149.0,60,89.0
105564,2025-08-17,16,10,242,1,39,8.63,30.37,15,15.37
105565,2026-05-25,4,3,365,1,399,0.0,399.0,210,189.0
105566,2025-11-02,4,9,48,1,399,56.21,342.79,210,132.79
105567,2025-09-18,20,8,184,1,179,0.0,179.0,70,109.0
105567,2025-09-18,13,8,184,2,199,0.0,398.0,190,208.0
105567,2025-09-18,4,8,184,1,399,89.03,309.97,210,99.97
105568,2025-04-27,16,9,240,2,39,0.0,78.0,30,48.0
105569,2024-12-24,3,3,325,1,649,0.0,649.0,350,299.0
105570,2025-12-05,8,7,57,1,349,0.0,349.0,150,199.0
105571,2026-08-14,11,8,32,1,129,0.0,129.0,45,84.0
105572,2025-03-21,20,8,260,1,179,0.0,179.0,70,109.0
105573,2025-02-12,6,8,268,2,249,0.0,498.0,240,258.0
105573,2025-02-12,14,8,268,1,49,0.0,49.0,18,31.0
105574,2025-03-24,20,10,133,1,179,0.0,179.0,70,109.0
105575,2025-03-22,4,7,350,1,399,49.51,349.49,210,139.49
105576,2026-08-23,8,10,114,1,349,0.0,349.0,150,199.0
105576,2026-08-23,10,10,114,1,149,0.0,149.0,60,89.0
105577,2025-12-10,20,4,248,2,179,0.0,358.0,140,218.0
105578,2025-01-05,9,7,135,1,79,4.25,74.75,25,49.75
105579,2025-01-19,17,8,372,1,89,0.0,89.0,30,59.0
105579,2025-01-19,3,8,372,1,649,0.0,649.0,350,299.0
105579,2025-01-19,13,8,372,1,199,36.2,162.8,95,67.8
105580,2025-03-27,16,9,297,2,39,0.0,78.0,30,48.0
105580,2025-03-27,7,9,297,1,599,0.0,599.0,260,339.0
105581,2024-02-16,7,4,287,1,599,0.0,599.0,260,339.0
105581,2024-02-16,6,4,287,2,249,0.0,498.0,240,258.0
105582,2025-07-03,18,6,132,1,24,5.32,18.68,8,10.68
105583,2026-03-15,4,2,128,1,399,92.37,306.63,210,96.63
105583,2026-03-15,5,2,128,2,349,0.0,698.0,360,338.0
105584,2025-11-08,6,5,249,3,249,0.0,747.0,360,387.0
105585,2024-08-16,11,5,156,1,129,0.0,129.0,45,84.0
105586,2025-12-24,17,9,167,1,89,0.0,89.0,30,59.0
105587,2025-12-18,18,7,305,2,24,9.5,38.5,16,22.5
105588,2024-10-21,5,2,69,1,349,0.0,349.0,180,169.0
105589,2025-10-07,3,7,148,1,649,0.0,649.0,350,299.0
105590,2025-09-26,3,6,201,1,649,0.0,649.0,350,299.0
105591,2026-04-10,5,8,385,2,349,0.0,698.0,360,338.0
105592,2024-06-06,18,2,78,1,24,1.32,22.68,8,14.68
105592,2024-06-06,5,2,78,1,349,0.0,349.0,180,169.0
105592,2024-06-06,19,2,78,1,99,0.0,99.0,35,64.0
105593,2024-08-12,14,1,309,2,49,0.0,98.0,36,62.0
105594,2025-05-22,9,3,248,1,79,0.0,79.0,25,54.0
105594,2025-05-22,18,3,248,1,24,0.0,24.0,8,16.0
105595,2024-02-25,17,10,90,1,89,0.0,89.0,30,59.0
105596,2025-03-11,4,8,365,2,399,0.0,798.0,420,378.0
105597,2026-02-20,14,1,72,2,49,0.0,98.0,36,62.0
105598,2024-06-20,8,2,61,1,349,0.0,349.0,150,199.0
105599,2025-04-26,16,3,213,1,39,0.0,39.0,15,24.0
105599,2025-04-26,20,3,213,1,179,0.0,179.0,70,109.0
105600,2026-08-22,10,10,331,1,149,0.0,149.0,60,89.0
105601,2025-06-11,9,2,287,1,79,0.0,79.0,25,54.0
105601,2025-06-11,15,2,287,1,35,0.0,35.0,12,23.0
105602,2025-06-03,10,8,22,1,149,30.21,118.79,60,58.79
105603,2025-08-05,17,7,273,2,89,38.96,139.04,60,79.04
105604,2024-08-02,17,1,306,1,89,0.0,89.0,30,59.0
105605,2024-06-19,15,2,134,1,35,0.0,35.0,12,23.0
105605,2024-06-19,13,2,134,1,199,0.0,199.0,95,104.0
105606,2025-11-20,14,4,36,1,49,5.74,43.26,18,25.26
105606,2025-11-20,6,4,36,1,249,0.0,249.0,120,129.0
105607,2025-02-16,20,6,355,1,179,0.0,179.0,70,109.0
105608,2024-11-13,5,7,107,2,349,168.68,529.32,360,169.32
105609,2024-02-09,6,9,43,1,249,0.0,249.0,120,129.0
105610,2026-04-16,15,7,130,1,35,8.21,26.79,12,14.79
105611,2024-02-10,16,10,88,2,39,0.0,78.0,30,48.0
105612,2026-01-12,17,10,45,1,89,0.0,89.0,30,59.0
105613,2025-01-31,4,3,200,1,399,0.0,399.0,210,189.0
105614,2025-09-14,7,7,17,1,599,0.0,599.0,260,339.0
105615,2024-10-06,5,5,362,1,349,0.0,349.0,180,169.0
105616,2024-06-28,6,2,156,1,249,0.0,249.0,120,129.0
105616,2024-06-28,3,2,156,2,649,313.22,984.78,700,284.78
105617,2025-07-09,19,8,227,2,99,0.0,198.0,70,128.0
105618,2025-12-03,11,5,291,2,129,0.0,258.0,90,168.0
105619,2024-08-12,6,7,69,1,249,43.41,205.59,120,85.59
105620,2025-04-02,4,9,95,1,399,0.0,399.0,210,189.0
105621,2025-04-11,17,7,295,1,89,0.0,89.0,30,59.0
105622,2024-09-04,18,8,366,1,24,0.0,24.0,8,16.0
105623,2025-08-11,3,6,358,1,649,0.0,649.0,350,299.0
105624,2024-06-17,17,1,143,1,89,0.0,89.0,30,59.0
105624,2024-06-17,14,1,143,1,49,0.0,49.0,18,31.0
105625,2025-06-14,18,2,130,1,24,0.0,24.0,8,16.0
105625,2025-06-14,8,2,130,1,349,0.0,349.0,150,199.0
105626,2024-05-13,7,5,70,1,599,0.0,599.0,260,339.0
105627,2025-05-21,6,9,300,1,249,0.0,249.0,120,129.0
105627,2025-05-21,5,9,300,1,349,82.48,266.52,180,86.52
105628,2024-11-30,12,10,179,1,279,61.97,217.03,140,77.03
105629,2025-04-18,1,4,272,1,999,0.0,999.0,620,379.0
105630,2025-03-30,15,7,116,1,35,0.0,35.0,12,23.0
105631,2026-06-08,5,9,347,1,349,0.0,349.0,180,169.0
105632,2025-05-26,7,1,75,2,599,0.0,1198.0,520,678.0
105632,2025-05-26,15,1,75,1,35,0.0,35.0,12,23.0
105633,2026-03-22,15,1,263,1,35,3.85,31.15,12,19.15
105633,2026-03-22,9,1,263,2,79,0.0,158.0,50,108.0
105633,2026-03-22,6,1,263,1,249,0.0,249.0,120,129.0
105634,2024-09-14,3,10,13,1,649,0.0,649.0,350,299.0
105635,2024-12-29,3,8,218,1,649,0.0,649.0,350,299.0
105635,2024-12-29,14,8,218,1,49,8.52,40.48,18,22.48
105635,2024-12-29,20,8,218,1,179,0.0,179.0,70,109.0
105636,2024-04-02,17,7,3,1,89,0.0,89.0,30,59.0
105637,2025-03-16,2,3,143,1,799,0.0,799.0,480,319.0
105638,2025-11-13,3,10,104,1,649,0.0,649.0,350,299.0
105639,2026-04-09,15,7,129,1,35,0.0,35.0,12,23.0
105640,2025-08-12,18,10,257,1,24,0.0,24.0,8,16.0
105641,2025-10-22,3,8,391,2,649,0.0,1298.0,700,598.0
105642,2024-07-23,8,2,37,1,349,0.0,349.0,150,199.0
105643,2024-02-16,4,5,258,1,399,0.0,399.0,210,189.0
105644,2026-02-24,2,10,167,2,799,0.0,1598.0,960,638.0
105645,2024-07-11,18,3,35,2,24,0.0,48.0,16,32.0
105645,2024-07-11,8,3,35,1,349,0.0,349.0,150,199.0
105646,2024-04-19,2,1,46,1,799,0.0,799.0,480,319.0
105647,2026-07-05,12,3,200,2,279,0.0,558.0,280,278.0
105648,2026-07-30,8,7,216,1,349,0.0,349.0,150,199.0
105648,2026-07-30,18,7,216,1,24,0.0,24.0,8,16.0
105649,2025-10-01,5,9,188,1,349,0.0,349.0,180,169.0
105649,2025-10-01,16,9,188,1,39,0.0,39.0,15,24.0
105649,2025-10-01,17,9,188,1,89,0.0,89.0,30,59.0
105650,2025-01-27,13,1,83,2,199,0.0,398.0,190,208.0
105650,2025-01-27,18,1,83,1,24,0.0,24.0,8,16.0
105651,2026-04-04,20,10,93,1,179,0.0,179.0,70,109.0
105651,2026-04-04,2,10,93,1,799,0.0,799.0,480,319.0
105652,2024-08-23,15,6,301,1,35,0.0,35.0,12,23.0
105653,2025-03-26,16,7,64,2,39,0.0,78.0,30,48.0
105653,2025-03-26,5,7,64,1,349,0.0,349.0,180,169.0
105654,2025-01-02,3,8,198,2,649,0.0,1298.0,700,598.0
105654,2025-01-02,16,8,198,3,39,0.0,117.0,45,72.0
105655,2026-06-13,19,10,101,1,99,0.0,99.0,35,64.0
105656,2026-06-19,7,1,148,1,599,0.0,599.0,260,339.0
105657,2025-11-01,11,2,55,1,129,0.0,129.0,45,84.0
105658,2024-05-10,20,9,268,1,179,0.0,179.0,70,109.0
105659,2025-05-18,4,4,74,1,399,0.0,399.0,210,189.0
105660,2024-10-04,15,6,132,1,35,0.0,35.0,12,23.0
105661,2026-05-19,2,7,157,1,799,0.0,799.0,480,319.0
105662,2024-06-09,10,6,349,1,149,0.0,149.0,60,89.0
105663,2024-03-09,8,9,270,1,349,0.0,349.0,150,199.0
105664,2025-12-08,15,9,253,1,35,0.0,35.0,12,23.0
105665,2025-04-19,20,8,362,1,179,0.0,179.0,70,109.0
105666,2026-04-09,11,4,148,2,129,0.0,258.0,90,168.0
105667,2024-04-01,2,4,305,1,799,124.88,674.12,480,194.12
105667,2024-04-01,13,4,305,1,199,0.0,199.0,95,104.0
105667,2024-04-01,1,4,305,2,999,0.0,1998.0,1240,758.0
105668,2026-03-05,14,1,107,1,49,0.0,49.0,18,31.0
105669,2024-02-16,12,6,147,1,279,0.0,279.0,140,139.0
105670,2024-02-04,9,3,350,1,79,17.95,61.05,25,36.05
105671,2025-04-28,12,2,157,1,279,0.0,279.0,140,139.0
105672,2024-09-09,7,5,316,1,599,0.0,599.0,260,339.0
105673,2025-09-09,7,8,395,1,599,0.0,599.0,260,339.0
105673,2025-09-09,5,8,395,3,349,0.0,1047.0,540,507.0
105674,2024-02-01,9,10,151,1,79,0.0,79.0,25,54.0
105675,2024-02-14,12,6,302,2,279,0.0,558.0,280,278.0
105676,2025-12-24,12,2,43,1,279,17.85,261.15,140,121.15
105676,2025-12-24,9,2,43,1,79,0.0,79.0,25,54.0
105677,2024-08-29,18,8,220,1,24,0.0,24.0,8,16.0
105678,2025-11-05,16,10,48,1,39,0.0,39.0,15,24.0
105679,2026-01-11,7,8,41,1,599,0.0,599.0,260,339.0
105680,2024-03-14,7,4,113,1,599,0.0,599.0,260,339.0
105680,2024-03-14,1,4,113,1,999,0.0,999.0,620,379.0
105680,2024-03-14,9,4,113,1,79,0.0,79.0,25,54.0
105681,2026-01-31,11,8,58,1,129,0.0,129.0,45,84.0
105682,2024-10-26,8,3,56,2,349,124.76,573.24,300,273.24
105683,2025-02-09,6,1,171,1,249,0.0,249.0,120,129.0
105684,2024-04-14,9,3,143,1,79,0.0,79.0,25,54.0
105684,2024-04-14,20,3,143,1,179,0.0,179.0,70,109.0
105685,2026-04-09,6,9,400,1,249,0.0,249.0,120,129.0
105686,2025-08-07,18,10,389,2,24,0.0,48.0,16,32.0
105687,2025-06-09,11,8,154,1,129,0.0,129.0,45,84.0
105687,2025-06-09,15,8,154,1,35,1.82,33.18,12,21.18
105687,2025-06-09,1,8,154,1,999,0.0,999.0,620,379.0
105688,2026-08-03,19,8,160,1,99,0.0,99.0,35,64.0
105688,2026-08-03,12,8,160,2,279,0.0,558.0,280,278.0
105689,2024-12-16,17,2,311,1,89,0.0,89.0,30,59.0
105689,2024-12-16,14,2,311,1,49,6.92,42.08,18,24.08
105690,2026-05-24,8,4,392,1,349,0.0,349.0,150,199.0
105691,2025-12-19,10,7,105,1,149,0.0,149.0,60,89.0
105692,2026-06-27,13,4,183,1,199,0.0,199.0,95,104.0
105693,2026-06-08,9,5,81,1,79,0.0,79.0,25,54.0
105694,2026-08-23,18,8,394,2,24,10.88,37.12,16,21.12
105695,2024-06-01,8,4,48,1,349,0.0,349.0,150,199.0
105696,2026-02-28,12,7,26,1,279,0.0,279.0,140,139.0
105697,2026-03-08,14,7,168,1,49,0.0,49.0,18,31.0
105698,2025-10-26,12,7,236,1,279,0.0,279.0,140,139.0
105699,2024-11-04,7,2,132,3,599,0.0,1797.0,780,1017.0
105699,2024-11-04,4,2,132,1,399,58.37,340.63,210,130.63
105700,2026-07-31,4,8,159,2,399,0.0,798.0,420,378.0
105700,2026-07-31,7,8,159,1,599,0.0,599.0,260,339.0
105701,2024-08-22,13,10,156,1,199,0.0,199.0,95,104.0
105701,2024-08-22,4,10,156,1,399,0.0,399.0,210,189.0
105702,2025-06-04,16,1,339,1,39,0.0,39.0,15,24.0
105702,2025-06-04,15,1,339,1,35,0.0,35.0,12,23.0
105702,2025-06-04,8,1,339,1,349,0.0,349.0,150,199.0
105703,2025-06-26,1,2,23,1,999,0.0,999.0,620,379.0
105704,2024-07-05,17,6,110,2,89,0.0,178.0,60,118.0
105705,2025-12-21,16,1,337,1,39,7.44,31.56,15,16.56
105706,2024-04-17,9,5,108,1,79,0.0,79.0,25,54.0
105707,2025-12-01,3,6,219,1,649,0.0,649.0,350,299.0
105707,2025-12-01,14,6,219,1,49,0.0,49.0,18,31.0
105708,2026-04-18,9,4,309,1,79,17.19,61.81,25,36.81
105709,2024-12-27,17,2,194,1,89,0.0,89.0,30,59.0
105710,2025-12-12,13,1,140,1,199,39.88,159.12,95,64.12
105711,2024-06-29,15,9,246,2,35,0.0,70.0,24,46.0
105712,2026-04-16,17,10,386,1,89,0.0,89.0,30,59.0
105712,2026-04-16,7,10,386,1,599,0.0,599.0,260,339.0
105713,2026-07-19,14,3,29,1,49,0.0,49.0,18,31.0
105713,2026-07-19,4,3,29,1,399,0.0,399.0,210,189.0
105714,2024-06-25,8,9,95,1,349,0.0,349.0,150,199.0
105715,2025-11-30,17,8,69,1,89,0.0,89.0,30,59.0
105716,2025-06-10,5,1,30,1,349,0.0,349.0,180,169.0
105717,2025-07-07,5,10,128,2,349,0.0,698.0,360,338.0
105718,2025-12-10,17,8,24,2,89,23.07,154.93,60,94.93
105719,2025-05-24,3,2,274,1,649,141.06,507.94,350,157.94
105720,2025-09-16,9,5,359,1,79,0.0,79.0,25,54.0
105720,2025-09-16,19,5,359,1,99,0.0,99.0,35,64.0
105721,2024-09-19,8,3,135,1,349,0.0,349.0,150,199.0
105722,2025-01-27,1,1,235,1,999,0.0,999.0,620,379.0
105723,2026-05-03,1,1,80,1,999,0.0,999.0,620,379.0
105723,2026-05-03,17,1,80,2,89,0.0,178.0,60,118.0
105724,2024-05-10,16,7,188,1,39,0.0,39.0,15,24.0
105725,2025-09-13,11,8,187,1,129,0.0,129.0,45,84.0
105726,2024-07-31,11,7,230,1,129,0.0,129.0,45,84.0
105726,2024-07-31,2,7,230,1,799,0.0,799.0,480,319.0
105727,2026-04-16,18,4,345,1,24,2.48,21.52,8,13.52
105727,2026-04-16,20,4,345,3,179,0.0,537.0,210,327.0
105728,2025-08-26,2,6,182,2,799,203.58,1394.42,960,434.42
105729,2025-02-25,9,7,365,3,79,0.0,237.0,75,162.0
105730,2024-10-08,19,6,41,2,99,41.85,156.15,70,86.15
105730,2024-10-08,20,6,41,2,179,0.0,358.0,140,218.0
105730,2024-10-08,6,6,41,2,249,62.1,435.9,240,195.9
105731,2025-04-03,10,10,387,1,149,0.0,149.0,60,89.0
105732,2026-07-24,9,10,10,1,79,0.0,79.0,25,54.0
105732,2026-07-24,18,10,10,1,24,0.0,24.0,8,16.0
105733,2025-06-14,7,6,126,1,599,0.0,599.0,260,339.0
105734,2025-05-06,6,3,328,1,249,0.0,249.0,120,129.0
105735,2026-01-08,13,4,147,1,199,0.0,199.0,95,104.0
105735,2026-01-08,10,4,147,3,149,0.0,447.0,180,267.0
105736,2025-01-27,6,2,92,1,249,0.0,249.0,120,129.0
105737,2025-03-24,9,5,107,1,79,0.0,79.0,25,54.0
105738,2024-12-18,2,7,322,1,799,0.0,799.0,480,319.0
105739,2024-06-23,4,9,338,1,399,0.0,399.0,210,189.0
105740,2025-12-15,17,3,21,1,89,0.0,89.0,30,59.0
105740,2025-12-15,14,3,21,1,49,0.0,49.0,18,31.0
105741,2026-05-09,8,6,99,2,349,0.0,698.0,300,398.0
105742,2026-06-06,7,3,366,1,599,0.0,599.0,260,339.0
105742,2026-06-06,1,3,366,1,999,0.0,999.0,620,379.0
105743,2026-05-16,7,5,26,3,599,358.74,1438.26,780,658.26
105744,2025-04-18,20,10,101,2,179,0.0,358.0,140,218.0
105745,2024-11-08,17,6,321,2,89,0.0,178.0,60,118.0
105745,2024-11-08,13,6,321,2,199,0.0,398.0,190,208.0
105746,2025-10-20,2,1,92,2,799,0.0,1598.0,960,638.0
105747,2026-07-21,16,7,302,1,39,0.0,39.0,15,24.0
105748,2025-12-24,12,1,397,1,279,23.02,255.98,140,115.98
105748,2025-12-24,13,1,397,3,199,0.0,597.0,285,312.0
105749,2025-05-30,2,8,156,1,799,0.0,799.0,480,319.0
105749,2025-05-30,8,8,156,1,349,0.0,349.0,150,199.0
105750,2025-11-28,15,1,14,2,35,0.0,70.0,24,46.0
105751,2026-02-03,15,2,30,1,35,0.0,35.0,12,23.0
105752,2026-06-19,14,8,59,1,49,0.0,49.0,18,31.0
105753,2026-01-25,12,2,23,1,279,0.0,279.0,140,139.0
105754,2025-03-30,15,10,242,1,35,0.0,35.0,12,23.0
105755,2024-10-31,12,10,206,3,279,0.0,837.0,420,417.0
105756,2025-06-04,15,10,266,1,35,0.0,35.0,12,23.0
105757,2024-12-12,5,6,164,3,349,0.0,1047.0,540,507.0
105758,2026-07-10,19,4,246,1,99,0.0,99.0,35,64.0
105758,2026-07-10,14,4,246,1,49,8.93,40.07,18,22.07
105759,2025-06-13,13,4,62,1,199,0.0,199.0,95,104.0
105759,2025-06-13,3,4,62,1,649,0.0,649.0,350,299.0
105760,2025-05-08,16,4,142,1,39,0.0,39.0,15,24.0
105761,2024-12-26,9,9,206,1,79,0.0,79.0,25,54.0
105762,2025-10-21,1,9,113,1,999,0.0,999.0,620,379.0
105763,2025-06-25,6,8,288,2,249,0.0,498.0,240,258.0
105763,2025-06-25,19,8,288,1,99,0.0,99.0,35,64.0
105764,2024-05-30,15,9,352,2,35,0.0,70.0,24,46.0
105765,2026-05-06,18,9,154,2,24,0.0,48.0,16,32.0
105765,2026-05-06,20,9,154,1,179,0.0,179.0,70,109.0
105766,2025-01-04,15,1,124,1,35,0.0,35.0,12,23.0
105766,2025-01-04,11,1,124,1,129,0.0,129.0,45,84.0
105767,2025-03-29,1,3,45,1,999,0.0,999.0,620,379.0
105768,2024-08-24,3,7,51,2,649,0.0,1298.0,700,598.0
105768,2024-08-24,2,7,51,1,799,0.0,799.0,480,319.0
105769,2025-07-31,8,5,254,1,349,81.9,267.1,150,117.1
105770,2025-12-07,7,10,370,1,599,0.0,599.0,260,339.0
105770,2025-12-07,17,10,370,1,89,9.92,79.08,30,49.08
105771,2026-05-16,6,7,177,1,249,0.0,249.0,120,129.0
105772,2024-03-05,16,3,291,1,39,0.0,39.0,15,24.0
105772,2024-03-05,1,3,291,1,999,0.0,999.0,620,379.0
105773,2026-08-08,20,1,155,2,179,0.0,358.0,140,218.0
105773,2026-08-08,17,1,155,1,89,0.0,89.0,30,59.0
105774,2025-12-08,16,1,332,1,39,0.0,39.0,15,24.0
105775,2024-11-08,11,6,276,1,129,0.0,129.0,45,84.0
105776,2024-08-22,4,8,340,2,399,174.3,623.7,420,203.7
105777,2024-11-18,6,9,398,1,249,0.0,249.0,120,129.0
105777,2024-11-18,10,9,398,1,149,0.0,149.0,60,89.0
105778,2026-05-12,9,10,190,1,79,0.0,79.0,25,54.0
105779,2024-11-14,7,8,257,2,599,0.0,1198.0,520,678.0
105780,2025-04-29,2,9,362,1,799,0.0,799.0,480,319.0
105781,2025-12-09,12,2,60,1,279,0.0,279.0,140,139.0
105782,2026-05-08,16,10,134,1,39,0.0,39.0,15,24.0
105782,2026-05-08,17,10,134,2,89,0.0,178.0,60,118.0
105783,2025-11-06,15,10,135,2,35,0.0,70.0,24,46.0
105783,2025-11-06,11,10,135,1,129,15.39,113.61,45,68.61
105783,2025-11-06,2,10,135,1,799,0.0,799.0,480,319.0
105784,2026-01-15,14,4,147,1,49,0.0,49.0,18,31.0
105784,2026-01-15,17,4,147,1,89,0.0,89.0,30,59.0
105784,2026-01-15,13,4,147,1,199,0.0,199.0,95,104.0
105785,2024-07-18,13,3,349,1,199,0.0,199.0,95,104.0
105785,2024-07-18,8,3,349,1,349,0.0,349.0,150,199.0
105786,2026-05-13,3,3,347,1,649,129.63,519.37,350,169.37
105787,2024-11-02,13,8,132,1,199,33.79,165.21,95,70.21
105788,2024-05-29,14,9,280,2,49,0.0,98.0,36,62.0
105788,2024-05-29,5,9,280,2,349,55.38,642.62,360,282.62
105789,2026-08-10,7,4,167,1,599,0.0,599.0,260,339.0
105790,2024-08-19,10,1,317,1,149,0.0,149.0,60,89.0
105791,2024-06-07,19,6,118,1,99,0.0,99.0,35,64.0
105792,2025-10-10,14,4,384,1,49,0.0,49.0,18,31.0
105793,2024-12-05,11,4,2,1,129,10.14,118.86,45,73.86
105793,2024-12-05,20,4,2,2,179,0.0,358.0,140,218.0
105794,2024-06-03,4,7,219,1,399,0.0,399.0,210,189.0
105795,2025-09-16,11,2,84,2,129,0.0,258.0,90,168.0
105796,2026-01-21,16,9,187,3,39,0.0,117.0,45,72.0
105797,2026-02-25,8,10,84,1,349,0.0,349.0,150,199.0
105798,2024-06-28,11,5,229,1,129,11.92,117.08,45,72.08
105798,2024-06-28,4,5,229,1,399,0.0,399.0,210,189.0
105798,2024-06-28,17,5,229,2,89,0.0,178.0,60,118.0
105799,2025-08-03,1,7,31,2,999,0.0,1998.0,1240,758.0
105800,2026-03-17,19,4,17,3,99,0.0,297.0,105,192.0
105800,2026-03-17,18,4,17,1,24,3.34,20.66,8,12.66
105801,2024-07-04,11,9,227,1,129,0.0,129.0,45,84.0
105802,2024-08-26,9,8,257,1,79,0.0,79.0,25,54.0
105803,2024-01-03,2,7,181,1,799,0.0,799.0,480,319.0
105804,2025-06-30,15,8,363,1,35,0.0,35.0,12,23.0
105804,2025-06-30,3,8,363,1,649,0.0,649.0,350,299.0
105805,2024-08-12,8,7,12,2,349,0.0,698.0,300,398.0
105806,2025-12-22,16,10,37,1,39,0.0,39.0,15,24.0
105807,2026-07-29,18,9,388,1,24,0.0,24.0,8,16.0
105808,2024-08-27,9,6,15,2,79,0.0,158.0,50,108.0
105808,2024-08-27,16,6,15,1,39,5.19,33.81,15,18.81
105809,2025-10-30,8,4,98,2,349,0.0,698.0,300,398.0
105810,2024-08-30,10,8,154,1,149,0.0,149.0,60,89.0
105811,2024-01-23,9,7,133,2,79,0.0,158.0,50,108.0
105812,2026-01-20,8,10,154,1,349,0.0,349.0,150,199.0
105813,2025-03-31,7,8,201,3,599,0.0,1797.0,780,1017.0
105814,2026-07-14,1,6,383,1,999,0.0,999.0,620,379.0
105815,2025-07-10,18,8,228,1,24,0.0,24.0,8,16.0
105816,2024-06-30,10,1,398,2,149,0.0,298.0,120,178.0
105817,2025-04-16,11,3,127,2,129,0.0,258.0,90,168.0
105818,2024-08-21,17,4,259,1,89,0.0,89.0,30,59.0
105819,2026-05-14,20,2,276,1,179,41.4,137.6,70,67.6
105820,2025-11-29,11,3,83,1,129,0.0,129.0,45,84.0
105820,2025-11-29,6,3,83,2,249,0.0,498.0,240,258.0
105820,2025-11-29,20,3,83,1,179,0.0,179.0,70,109.0
105821,2024-12-21,3,1,264,1,649,0.0,649.0,350,299.0
105821,2024-12-21,4,1,264,1,399,0.0,399.0,210,189.0
105822,2025-07-03,4,4,275,1,399,0.0,399.0,210,189.0
105823,2025-11-14,13,9,136,1,199,0.0,199.0,95,104.0
105824,2026-02-14,11,8,213,1,129,0.0,129.0,45,84.0
105825,2024-04-07,4,4,72,1,399,0.0,399.0,210,189.0
105825,2024-04-07,9,4,72,1,79,0.0,79.0,25,54.0
105825,2024-04-07,12,4,72,1,279,0.0,279.0,140,139.0
105826,2024-01-28,12,2,175,1,279,0.0,279.0,140,139.0
105827,2024-05-14,5,7,135,1,349,0.0,349.0,180,169.0
105828,2025-02-15,10,2,51,1,149,0.0,149.0,60,89.0
105829,2025-05-03,18,10,194,2,24,0.0,48.0,16,32.0
105830,2024-06-07,15,2,29,1,35,0.0,35.0,12,23.0
105830,2024-06-07,10,2,29,3,149,0.0,447.0,180,267.0
105830,2024-06-07,5,2,29,1,349,24.72,324.28,180,144.28
105831,2025-03-06,4,6,118,1,399,0.0,399.0,210,189.0
105831,2025-03-06,7,6,118,2,599,0.0,1198.0,520,678.0
105832,2025-04-08,3,10,305,1,649,0.0,649.0,350,299.0
105832,2025-04-08,15,10,305,2,35,0.0,70.0,24,46.0
105832,2025-04-08,7,10,305,1,599,0.0,599.0,260,339.0
105833,2024-05-09,18,9,331,1,24,0.0,24.0,8,16.0
105833,2024-05-09,19,9,331,1,99,0.0,99.0,35,64.0
105834,2026-06-16,10,2,217,2,149,0.0,298.0,120,178.0
105834,2026-06-16,16,2,217,1,39,0.0,39.0,15,24.0
105835,2025-09-15,11,10,180,1,129,0.0,129.0,45,84.0
105836,2025-02-07,1,9,264,1,999,0.0,999.0,620,379.0
105837,2025-06-12,9,4,348,1,79,0.0,79.0,25,54.0
105838,2024-12-02,6,1,298,1,249,16.11,232.89,120,112.89
105839,2026-04-23,9,5,325,1,79,0.0,79.0,25,54.0
105839,2026-04-23,20,5,325,1,179,18.37,160.63,70,90.63
105839,2026-04-23,15,5,325,1,35,0.0,35.0,12,23.0
105840,2025-08-22,6,6,209,2,249,86.8,411.2,240,171.2
105841,2025-05-30,16,5,363,1,39,6.48,32.52,15,17.52
105841,2025-05-30,7,5,363,1,599,0.0,599.0,260,339.0
105842,2026-06-11,11,10,370,2,129,0.0,258.0,90,168.0
105842,2026-06-11,6,10,370,1,249,0.0,249.0,120,129.0
105842,2026-06-11,15,10,370,1,35,0.0,35.0,12,23.0
105843,2026-04-08,9,10,107,1,79,0.0,79.0,25,54.0
105844,2026-03-16,1,6,125,1,999,133.35,865.65,620,245.65
105845,2024-09-14,18,9,274,2,24,0.0,48.0,16,32.0
105846,2024-06-25,15,8,398,2,35,0.0,70.0,24,46.0
105847,2025-11-29,16,3,235,1,39,9.57,29.43,15,14.43
105848,2025-05-05,15,4,351,1,35,0.0,35.0,12,23.0
105848,2025-05-05,1,4,351,2,999,0.0,1998.0,1240,758.0
105848,2025-05-05,8,4,351,1,349,0.0,349.0,150,199.0
105849,2025-11-24,5,10,176,1,349,0.0,349.0,180,169.0
105850,2026-01-22,19,1,332,2,99,0.0,198.0,70,128.0
105851,2024-11-17,20,1,113,1,179,0.0,179.0,70,109.0
105852,2024-11-09,13,6,251,2,199,0.0,398.0,190,208.0
105852,2024-11-09,4,6,251,2,399,0.0,798.0,420,378.0
105853,2025-05-26,12,8,361,1,279,0.0,279.0,140,139.0
105854,2024-10-31,15,4,399,2,35,0.0,70.0,24,46.0
105855,2025-11-12,11,2,119,2,129,55.15,202.85,90,112.85
105855,2025-11-12,2,2,119,2,799,202.86,1395.14,960,435.14
105856,2026-01-08,5,1,214,1,349,0.0,349.0,180,169.0
105856,2026-01-08,12,1,214,1,279,0.0,279.0,140,139.0
105857,2025-05-08,10,7,295,1,149,23.8,125.2,60,65.2
105857,2025-05-08,1,7,295,1,999,193.22,805.78,620,185.78
105858,2025-12-21,8,3,108,2,349,150.23,547.77,300,247.77
105858,2025-12-21,11,3,108,3,129,36.71,350.29,135,215.29
105859,2025-06-15,6,1,141,1,249,0.0,249.0,120,129.0
105859,2025-06-15,8,1,141,1,349,0.0,349.0,150,199.0
105860,2025-12-14,11,10,371,2,129,0.0,258.0,90,168.0
105860,2025-12-14,16,10,371,1,39,5.15,33.85,15,18.85
105861,2024-09-13,5,2,88,1,349,56.97,292.03,180,112.03
105862,2025-12-31,15,7,238,1,35,0.0,35.0,12,23.0
105863,2025-12-16,11,8,251,1,129,0.0,129.0,45,84.0
105863,2025-12-16,15,8,251,1,35,5.19,29.81,12,17.81
105864,2024-10-24,16,10,301,1,39,0.0,39.0,15,24.0
105865,2025-08-02,14,8,354,2,49,0.0,98.0,36,62.0
105865,2025-08-02,11,8,354,1,129,26.7,102.3,45,57.3
105866,2026-04-24,11,3,375,2,129,0.0,258.0,90,168.0
105867,2024-10-08,4,3,142,2,399,0.0,798.0,420,378.0
105868,2025-12-30,4,2,104,1,399,0.0,399.0,210,189.0
105869,2026-07-21,9,2,109,2,79,0.0,158.0,50,108.0
105870,2026-05-04,15,2,398,1,35,0.0,35.0,12,23.0
105870,2026-05-04,13,2,398,1,199,0.0,199.0,95,104.0
105870,2026-05-04,20,2,398,1,179,0.0,179.0,70,109.0
105871,2025-02-23,14,2,295,1,49,4.26,44.74,18,26.74
105872,2025-09-22,16,3,141,2,39,12.8,65.2,30,35.2
105873,2026-08-24,16,2,207,3,39,0.0,117.0,45,72.0
105874,2025-08-15,15,4,79,1,35,0.0,35.0,12,23.0
105874,2025-08-15,3,4,79,1,649,0.0,649.0,350,299.0
105875,2024-05-15,17,10,192,1,89,0.0,89.0,30,59.0
105876,2024-02-27,3,7,46,1,649,0.0,649.0,350,299.0
105876,2024-02-27,7,7,46,1,599,0.0,599.0,260,339.0
105877,2026-02-22,7,1,52,1,599,0.0,599.0,260,339.0
105878,2025-03-20,13,10,47,2,199,0.0,398.0,190,208.0
105879,2024-10-06,19,8,28,2,99,0.0,198.0,70,128.0
105879,2024-10-06,17,8,28,2,89,0.0,178.0,60,118.0
105880,2024-12-26,19,7,66,3,99,0.0,297.0,105,192.0
105881,2026-01-19,10,9,84,1,149,0.0,149.0,60,89.0
105882,2025-05-02,7,5,43,1,599,0.0,599.0,260,339.0
105883,2026-05-06,2,8,126,1,799,0.0,799.0,480,319.0
105884,2025-12-29,16,9,374,1,39,0.0,39.0,15,24.0
105885,2026-08-08,11,9,349,1,129,0.0,129.0,45,84.0
105886,2026-05-23,18,10,96,1,24,0.0,24.0,8,16.0
105887,2024-10-13,14,8,210,2,49,0.0,98.0,36,62.0
105888,2025-11-06,10,1,11,1,149,0.0,149.0,60,89.0
105889,2024-01-26,3,6,255,1,649,0.0,649.0,350,299.0
105890,2026-08-24,19,5,4,1,99,0.0,99.0,35,64.0
105890,2026-08-24,10,5,4,1,149,24.08,124.92,60,64.92
105891,2024-10-19,13,4,130,2,199,0.0,398.0,190,208.0
105891,2024-10-19,11,4,130,1,129,0.0,129.0,45,84.0
105892,2025-11-11,19,8,143,1,99,0.0,99.0,35,64.0
105892,2025-11-11,11,8,143,2,129,44.79,213.21,90,123.21
105893,2026-04-18,12,4,14,1,279,0.0,279.0,140,139.0
105894,2024-07-03,2,8,299,1,799,0.0,799.0,480,319.0
105895,2026-04-17,7,6,200,1,599,0.0,599.0,260,339.0
105896,2024-01-16,17,10,154,1,89,0.0,89.0,30,59.0
105897,2025-04-08,20,5,29,1,179,0.0,179.0,70,109.0
105897,2025-04-08,11,5,29,1,129,25.23,103.77,45,58.77
105898,2025-05-08,3,10,21,1,649,0.0,649.0,350,299.0
105898,2025-05-08,13,10,21,1,199,0.0,199.0,95,104.0
105899,2025-01-22,8,3,78,1,349,0.0,349.0,150,199.0
105899,2025-01-22,3,3,78,1,649,0.0,649.0,350,299.0
105900,2025-09-02,7,8,221,1,599,0.0,599.0,260,339.0
105901,2026-06-15,10,3,36,1,149,35.18,113.82,60,53.82
105902,2024-12-11,19,8,354,1,99,8.72,90.28,35,55.28
105903,2025-08-26,16,6,383,1,39,0.0,39.0,15,24.0
105903,2025-08-26,6,6,383,1,249,0.0,249.0,120,129.0
105904,2026-05-13,18,9,212,1,24,0.0,24.0,8,16.0
105905,2026-02-04,18,4,97,1,24,5.16,18.84,8,10.84
105905,2026-02-04,4,4,97,2,399,0.0,798.0,420,378.0
105906,2024-02-21,14,10,68,2,49,0.0,98.0,36,62.0
105906,2024-02-21,6,10,68,2,249,0.0,498.0,240,258.0
105907,2026-07-10,5,7,314,1,349,0.0,349.0,180,169.0
105908,2024-02-29,10,7,81,1,149,0.0,149.0,60,89.0
105909,2025-09-04,20,1,160,1,179,0.0,179.0,70,109.0
105909,2025-09-04,9,1,160,1,79,0.0,79.0,25,54.0
105910,2025-08-22,4,9,270,2,399,0.0,798.0,420,378.0
105911,2026-02-18,11,1,35,2,129,0.0,258.0,90,168.0
105912,2024-06-20,5,8,186,1,349,0.0,349.0,180,169.0
105913,2024-07-25,2,10,99,1,799,0.0,799.0,480,319.0
105913,2024-07-25,4,10,99,1,399,0.0,399.0,210,189.0
105914,2026-01-14,4,8,56,1,399,0.0,399.0,210,189.0
105915,2024-06-21,10,9,82,1,149,0.0,149.0,60,89.0
105916,2025-05-06,18,9,40,1,24,1.77,22.23,8,14.23
105917,2025-12-27,7,1,294,1,599,77.77,521.23,260,261.23
105918,2025-11-01,15,1,30,2,35,0.0,70.0,24,46.0
105919,2024-08-29,18,2,240,1,24,0.0,24.0,8,16.0
105919,2024-08-29,15,2,240,2,35,8.93,61.07,24,37.07
105920,2024-11-24,6,6,374,1,249,0.0,249.0,120,129.0
105920,2024-11-24,7,6,374,1,599,125.75,473.25,260,213.25
105921,2026-08-04,4,2,57,2,399,0.0,798.0,420,378.0
105921,2026-08-04,13,2,57,1,199,0.0,199.0,95,104.0
105922,2025-04-15,1,2,106,1,999,0.0,999.0,620,379.0
105923,2024-02-26,11,1,288,2,129,0.0,258.0,90,168.0
105924,2024-09-08,5,1,173,1,349,0.0,349.0,180,169.0
105925,2024-12-22,16,10,284,1,39,0.0,39.0,15,24.0
105925,2024-12-22,4,10,284,1,399,0.0,399.0,210,189.0
105926,2026-08-31,15,5,272,1,35,0.0,35.0,12,23.0
105927,2024-11-23,19,8,86,1,99,0.0,99.0,35,64.0
105928,2024-02-02,11,2,314,1,129,0.0,129.0,45,84.0
105929,2025-06-18,15,5,265,1,35,0.0,35.0,12,23.0
105930,2024-04-11,18,3,284,1,24,0.0,24.0,8,16.0
105931,2024-11-01,10,4,45,1,149,16.37,132.63,60,72.63
105932,2026-08-25,20,8,131,3,179,100.15,436.85,210,226.85
105932,2026-08-25,13,8,131,1,199,0.0,199.0,95,104.0
105933,2025-12-09,12,8,359,3,279,0.0,837.0,420,417.0
105934,2024-03-04,10,7,337,2,149,49.65,248.35,120,128.35
105934,2024-03-04,6,7,337,1,249,0.0,249.0,120,129.0
105935,2025-04-15,20,5,35,1,179,0.0,179.0,70,109.0
105936,2024-07-16,3,2,81,1,649,153.3,495.7,350,145.7
105937,2024-05-23,3,4,386,1,649,0.0,649.0,350,299.0
105938,2025-09-03,4,2,21,1,399,79.32,319.68,210,109.68
105938,2025-09-03,15,2,21,2,35,0.0,70.0,24,46.0
105938,2025-09-03,3,2,21,1,649,0.0,649.0,350,299.0
105939,2025-06-10,6,7,48,1,249,0.0,249.0,120,129.0
105940,2026-01-04,3,5,102,1,649,0.0,649.0,350,299.0
105940,2026-01-04,15,5,102,1,35,0.0,35.0,12,23.0
105941,2026-05-26,13,10,19,1,199,0.0,199.0,95,104.0
105942,2024-10-05,17,10,275,1,89,0.0,89.0,30,59.0
105942,2024-10-05,3,10,275,1,649,0.0,649.0,350,299.0
105942,2024-10-05,14,10,275,1,49,0.0,49.0,18,31.0
105943,2026-06-22,12,1,272,1,279,0.0,279.0,140,139.0
105944,2025-06-23,13,9,233,1,199,0.0,199.0,95,104.0
105944,2025-06-23,1,9,233,1,999,0.0,999.0,620,379.0
105945,2024-10-17,13,5,85,3,199,0.0,597.0,285,312.0
105946,2026-04-15,1,4,46,1,999,0.0,999.0,620,379.0
105947,2024-02-14,7,3,69,1,599,0.0,599.0,260,339.0
105947,2024-02-14,5,3,69,1,349,0.0,349.0,180,169.0
105948,2025-08-06,5,6,102,1,349,0.0,349.0,180,169.0
105949,2025-12-20,5,1,308,1,349,0.0,349.0,180,169.0
105950,2024-11-05,11,8,294,1,129,23.81,105.19,45,60.19
105951,2026-05-01,11,8,349,2,129,0.0,258.0,90,168.0
105952,2024-09-29,19,6,88,1,99,0.0,99.0,35,64.0
105952,2024-09-29,2,6,88,1,799,0.0,799.0,480,319.0
105953,2026-04-10,1,5,160,2,999,0.0,1998.0,1240,758.0
105954,2024-04-06,14,2,318,1,49,0.0,49.0,18,31.0
105955,2024-07-03,1,7,398,3,999,0.0,2997.0,1860,1137.0
105956,2025-01-29,1,3,351,1,999,0.0,999.0,620,379.0
105956,2025-01-29,5,3,351,1,349,72.15,276.85,180,96.85
105956,2025-01-29,10,3,351,2,149,0.0,298.0,120,178.0
105957,2026-04-23,9,1,192,2,79,39.14,118.86,50,68.86
105958,2024-06-16,7,1,173,1,599,0.0,599.0,260,339.0
105959,2026-05-11,7,7,84,1,599,0.0,599.0,260,339.0
105959,2026-05-11,19,7,84,1,99,0.0,99.0,35,64.0
105960,2024-09-18,11,3,183,1,129,0.0,129.0,45,84.0
105960,2024-09-18,2,3,183,2,799,0.0,1598.0,960,638.0
105961,2025-04-19,10,10,152,1,149,13.23,135.77,60,75.77
105962,2024-12-29,11,9,150,1,129,0.0,129.0,45,84.0
105963,2024-05-18,19,2,205,1,99,0.0,99.0,35,64.0
105964,2026-07-12,11,3,393,1,129,0.0,129.0,45,84.0
105964,2026-07-12,5,3,393,1,349,0.0,349.0,180,169.0
105965,2025-04-04,12,6,54,1,279,0.0,279.0,140,139.0
105966,2025-11-29,3,9,385,1,649,0.0,649.0,350,299.0
105966,2025-11-29,5,9,385,1,349,0.0,349.0,180,169.0
105967,2025-08-22,6,1,116,1,249,0.0,249.0,120,129.0
105968,2025-06-06,2,4,167,1,799,0.0,799.0,480,319.0
105969,2025-10-01,13,2,209,1,199,0.0,199.0,95,104.0
105969,2025-10-01,1,2,209,1,999,233.55,765.45,620,145.45
105970,2026-05-31,8,9,86,2,349,0.0,698.0,300,398.0
105971,2025-12-05,3,1,268,2,649,167.65,1130.35,700,430.35
105972,2025-07-08,9,7,213,1,79,0.0,79.0,25,54.0
105973,2025-10-27,18,2,164,3,24,0.0,72.0,24,48.0
105974,2025-09-22,11,2,387,1,129,0.0,129.0,45,84.0
105975,2025-03-30,13,10,255,1,199,0.0,199.0,95,104.0
105975,2025-03-30,17,10,255,1,89,0.0,89.0,30,59.0
105976,2025-10-09,10,6,396,1,149,0.0,149.0,60,89.0
105977,2025-04-10,11,4,102,1,129,0.0,129.0,45,84.0
105978,2026-01-19,1,8,84,1,999,0.0,999.0,620,379.0
105979,2026-08-04,8,6,215,1,349,0.0,349.0,150,199.0
105979,2026-08-04,11,6,215,1,129,0.0,129.0,45,84.0
105980,2026-07-26,1,10,282,1,999,0.0,999.0,620,379.0
105981,2026-03-24,6,1,251,3,249,0.0,747.0,360,387.0
105982,2025-09-17,1,3,273,1,999,0.0,999.0,620,379.0
105983,2026-01-11,9,3,369,1,79,0.0,79.0,25,54.0
105984,2024-07-24,16,2,395,2,39,0.0,78.0,30,48.0
105985,2025-05-15,14,9,153,1,49,0.0,49.0,18,31.0
105986,2024-10-16,3,1,308,1,649,0.0,649.0,350,299.0
105987,2024-01-05,1,1,74,1,999,0.0,999.0,620,379.0
105987,2024-01-05,5,1,74,3,349,0.0,1047.0,540,507.0
105988,2026-08-02,9,10,344,1,79,0.0,79.0,25,54.0
105989,2026-05-02,15,3,167,1,35,5.23,29.77,12,17.77
105990,2025-06-18,20,9,324,2,179,84.63,273.37,140,133.37
105991,2024-10-13,2,4,206,2,799,0.0,1598.0,960,638.0
105992,2025-12-01,8,8,50,2,349,55.59,642.41,300,342.41
105993,2025-04-01,1,8,265,2,999,0.0,1998.0,1240,758.0
105994,2026-03-07,8,1,37,1,349,0.0,349.0,150,199.0
105995,2026-08-31,6,6,191,1,249,57.01,191.99,120,71.99
105996,2024-12-27,6,4,191,1,249,26.71,222.29,120,102.29
105997,2024-10-03,14,10,302,3,49,0.0,147.0,54,93.0
105997,2024-10-03,9,10,302,2,79,0.0,158.0,50,108.0
105997,2024-10-03,3,10,302,1,649,0.0,649.0,350,299.0
105998,2024-10-25,5,10,145,1,349,0.0,349.0,180,169.0
105998,2024-10-25,3,10,145,1,649,0.0,649.0,350,299.0
105999,2024-04-22,4,8,215,1,399,0.0,399.0,210,189.0
106000,2025-02-14,2,7,49,1,799,165.77,633.23,480,153.23
106001,2024-01-22,7,1,135,1,599,0.0,599.0,260,339.0
106002,2024-05-14,1,5,174,1,999,175.45,823.55,620,203.55
106003,2024-10-29,20,4,70,1,179,0.0,179.0,70,109.0
106003,2024-10-29,19,4,70,1,99,0.0,99.0,35,64.0
106003,2024-10-29,15,4,70,1,35,0.0,35.0,12,23.0
106004,2024-07-03,2,4,267,1,799,0.0,799.0,480,319.0
106005,2025-12-27,13,7,21,1,199,16.68,182.32,95,87.32
106006,2024-05-05,7,10,66,3,599,124.75,1672.25,780,892.25
106006,2024-05-05,11,10,66,1,129,0.0,129.0,45,84.0
106007,2026-05-03,15,9,3,1,35,0.0,35.0,12,23.0
106007,2026-05-03,8,9,3,1,349,0.0,349.0,150,199.0
106007,2026-05-03,17,9,3,1,89,0.0,89.0,30,59.0
106008,2024-09-09,13,8,87,1,199,0.0,199.0,95,104.0
106009,2024-05-08,13,2,269,1,199,0.0,199.0,95,104.0
106010,2024-01-13,7,1,88,2,599,189.55,1008.45,520,488.45
106010,2024-01-13,5,1,88,1,349,0.0,349.0,180,169.0
106011,2025-12-16,11,6,372,2,129,0.0,258.0,90,168.0
106012,2024-10-15,6,1,294,1,249,0.0,249.0,120,129.0
106013,2025-06-14,6,10,153,1,249,0.0,249.0,120,129.0
106014,2024-05-11,9,6,110,1,79,4.33,74.67,25,49.67
106015,2026-08-18,4,10,264,1,399,0.0,399.0,210,189.0
106016,2024-05-26,11,1,199,2,129,0.0,258.0,90,168.0
106016,2024-05-26,3,1,199,1,649,0.0,649.0,350,299.0
106016,2024-05-26,14,1,199,1,49,6.32,42.68,18,24.68
106017,2025-03-07,12,6,208,2,279,0.0,558.0,280,278.0
106017,2025-03-07,13,6,208,2,199,27.75,370.25,190,180.25
106018,2026-04-21,18,6,195,1,24,0.0,24.0,8,16.0
106019,2024-10-04,3,10,308,2,649,0.0,1298.0,700,598.0
106020,2024-10-25,7,9,200,1,599,0.0,599.0,260,339.0
106021,2026-03-12,5,4,244,1,349,30.45,318.55,180,138.55
106021,2026-03-12,4,4,244,1,399,0.0,399.0,210,189.0
106022,2024-10-31,5,8,342,2,349,0.0,698.0,360,338.0
106023,2024-01-04,14,10,336,1,49,2.59,46.41,18,28.41
106024,2025-03-24,13,10,64,1,199,0.0,199.0,95,104.0
106025,2024-01-16,17,1,27,1,89,0.0,89.0,30,59.0
106026,2026-06-10,11,1,352,1,129,0.0,129.0,45,84.0
106027,2025-10-24,7,8,164,1,599,0.0,599.0,260,339.0
106027,2025-10-24,13,8,164,1,199,0.0,199.0,95,104.0
106028,2025-08-30,19,2,104,1,99,16.12,82.88,35,47.88
106028,2025-08-30,13,2,104,1,199,0.0,199.0,95,104.0
106029,2024-08-19,13,4,318,1,199,0.0,199.0,95,104.0
106030,2025-12-05,13,2,361,1,199,0.0,199.0,95,104.0
106030,2025-12-05,3,2,361,1,649,0.0,649.0,350,299.0
106031,2025-11-20,10,3,165,1,149,0.0,149.0,60,89.0
106032,2024-03-16,1,8,23,1,999,0.0,999.0,620,379.0
106033,2026-05-16,11,10,21,1,129,0.0,129.0,45,84.0
106033,2026-05-16,16,10,21,1,39,0.0,39.0,15,24.0
106033,2026-05-16,6,10,21,1,249,0.0,249.0,120,129.0
106034,2025-08-26,10,10,47,1,149,0.0,149.0,60,89.0
106035,2026-02-24,3,10,371,1,649,0.0,649.0,350,299.0
106036,2024-10-21,8,8,139,2,349,0.0,698.0,300,398.0
106037,2024-05-22,10,1,313,1,149,0.0,149.0,60,89.0
106038,2025-12-07,2,1,222,1,799,0.0,799.0,480,319.0
106039,2026-02-26,19,5,357,1,99,0.0,99.0,35,64.0
106040,2025-02-04,4,3,35,3,399,0.0,1197.0,630,567.0
106041,2024-01-30,4,10,315,3,399,0.0,1197.0,630,567.0
106041,2024-01-30,6,10,315,2,249,0.0,498.0,240,258.0
106042,2026-03-21,14,4,270,1,49,0.0,49.0,18,31.0
106043,2024-08-24,2,1,186,1,799,63.63,735.37,480,255.37
106044,2024-12-19,8,5,259,1,349,0.0,349.0,150,199.0
106044,2024-12-19,4,5,259,1,399,0.0,399.0,210,189.0
106044,2024-12-19,17,5,259,1,89,20.16,68.84,30,38.84
106045,2025-10-12,4,2,5,2,399,0.0,798.0,420,378.0
106046,2024-04-29,5,2,302,1,349,63.47,285.53,180,105.53
106047,2024-03-29,11,8,255,1,129,0.0,129.0,45,84.0
106048,2024-02-01,7,1,40,1,599,117.69,481.31,260,221.31
106049,2026-06-16,1,2,348,1,999,0.0,999.0,620,379.0
106050,2024-11-29,11,2,109,1,129,0.0,129.0,45,84.0
106051,2025-11-08,9,9,377,1,79,0.0,79.0,25,54.0
106052,2026-08-22,19,7,319,1,99,19.11,79.89,35,44.89
106053,2025-11-14,15,9,137,2,35,6.35,63.65,24,39.65
106054,2025-06-30,17,4,228,1,89,0.0,89.0,30,59.0
106055,2025-06-26,7,6,162,1,599,0.0,599.0,260,339.0
106056,2025-01-25,1,9,2,1,999,0.0,999.0,620,379.0
106057,2025-09-15,6,3,116,1,249,0.0,249.0,120,129.0
106057,2025-09-15,13,3,116,1,199,0.0,199.0,95,104.0
106058,2026-07-25,15,7,279,1,35,0.0,35.0,12,23.0
106059,2026-02-20,18,8,348,3,24,0.0,72.0,24,48.0
106060,2025-03-20,8,10,90,2,349,0.0,698.0,300,398.0
106061,2024-12-15,10,2,151,1,149,0.0,149.0,60,89.0
106062,2026-05-18,17,10,62,1,89,0.0,89.0,30,59.0
106063,2024-06-06,19,4,108,1,99,0.0,99.0,35,64.0
106064,2026-04-19,15,10,106,1,35,3.01,31.99,12,19.99
106065,2024-10-13,13,8,5,1,199,0.0,199.0,95,104.0
106066,2025-12-16,7,7,257,2,599,0.0,1198.0,520,678.0
106067,2026-03-10,11,4,213,2,129,31.4,226.6,90,136.6
106068,2025-05-13,6,4,294,1,249,0.0,249.0,120,129.0
106069,2024-08-09,19,10,135,1,99,0.0,99.0,35,64.0
106070,2026-04-15,12,3,111,1,279,0.0,279.0,140,139.0
106071,2025-01-14,14,2,371,3,49,0.0,147.0,54,93.0
106072,2024-12-06,13,5,341,2,199,0.0,398.0,190,208.0
106073,2025-06-15,4,7,51,1,399,0.0,399.0,210,189.0
106074,2025-04-01,8,3,357,1,349,0.0,349.0,150,199.0
106074,2025-04-01,14,3,357,2,49,0.0,98.0,36,62.0
106075,2025-11-24,11,1,199,2,129,0.0,258.0,90,168.0
106075,2025-11-24,9,1,199,1,79,0.0,79.0,25,54.0
106076,2024-06-08,8,2,288,1,349,0.0,349.0,150,199.0
106076,2024-06-08,15,2,288,1,35,0.0,35.0,12,23.0
106076,2024-06-08,1,2,288,1,999,0.0,999.0,620,379.0
106077,2025-04-01,19,6,389,1,99,11.84,87.16,35,52.16
106077,2025-04-01,4,6,389,1,399,0.0,399.0,210,189.0
106077,2025-04-01,18,6,389,2,24,0.0,48.0,16,32.0
106078,2026-05-25,2,6,371,1,799,0.0,799.0,480,319.0
106079,2024-02-15,1,1,7,1,999,0.0,999.0,620,379.0
106080,2025-04-24,18,10,215,2,24,0.0,48.0,16,32.0
106081,2025-11-08,9,5,25,1,79,13.75,65.25,25,40.25
106082,2026-05-22,6,4,230,1,249,0.0,249.0,120,129.0
106083,2025-09-09,18,9,136,1,24,3.2,20.8,8,12.8
106083,2025-09-09,12,9,136,2,279,0.0,558.0,280,278.0
106084,2026-03-27,12,2,8,1,279,0.0,279.0,140,139.0
106085,2024-09-11,7,1,111,1,599,0.0,599.0,260,339.0
106086,2024-12-29,6,8,239,1,249,0.0,249.0,120,129.0
106087,2026-07-10,17,9,176,1,89,0.0,89.0,30,59.0
106088,2026-05-20,8,4,340,1,349,0.0,349.0,150,199.0
106088,2026-05-20,13,4,340,2,199,0.0,398.0,190,208.0
106089,2025-08-04,10,6,177,2,149,0.0,298.0,120,178.0
106089,2025-08-04,8,6,177,1,349,0.0,349.0,150,199.0
106090,2025-05-12,14,3,276,3,49,0.0,147.0,54,93.0
106091,2025-04-17,10,4,316,1,149,0.0,149.0,60,89.0
106092,2024-03-14,9,9,169,1,79,0.0,79.0,25,54.0
106093,2026-05-26,1,7,43,1,999,0.0,999.0,620,379.0
106094,2026-03-21,8,7,334,1,349,0.0,349.0,150,199.0
106095,2025-04-22,19,10,272,1,99,0.0,99.0,35,64.0
106095,2025-04-22,4,10,272,1,399,0.0,399.0,210,189.0
106096,2024-11-05,18,3,92,1,24,0.0,24.0,8,16.0
106096,2024-11-05,9,3,92,1,79,0.0,79.0,25,54.0
106097,2024-12-22,5,8,104,1,349,0.0,349.0,180,169.0
106098,2024-05-23,15,10,378,1,35,0.0,35.0,12,23.0
106099,2025-12-20,5,3,40,1,349,0.0,349.0,180,169.0
106100,2025-08-03,15,2,242,1,35,0.0,35.0,12,23.0
106100,2025-08-03,14,2,242,1,49,0.0,49.0,18,31.0
106100,2025-08-03,5,2,242,1,349,0.0,349.0,180,169.0
106101,2024-09-23,3,6,314,1,649,0.0,649.0,350,299.0
106102,2025-10-07,11,9,379,1,129,12.25,116.75,45,71.75
106103,2026-08-13,4,1,268,1,399,0.0,399.0,210,189.0
106104,2024-05-23,10,1,102,2,149,0.0,298.0,120,178.0
106105,2025-04-25,18,10,147,1,24,0.0,24.0,8,16.0
106106,2025-05-30,14,10,83,1,49,3.78,45.22,18,27.22
106107,2024-07-11,7,7,8,2,599,0.0,1198.0,520,678.0
106107,2024-07-11,15,7,8,1,35,0.0,35.0,12,23.0
106108,2025-07-07,5,6,355,1,349,0.0,349.0,180,169.0
106109,2025-09-21,11,6,356,1,129,11.78,117.22,45,72.22
106110,2024-06-30,9,2,223,1,79,0.0,79.0,25,54.0
106110,2024-06-30,6,2,223,1,249,0.0,249.0,120,129.0
106110,2024-06-30,15,2,223,3,35,0.0,105.0,36,69.0
106111,2024-06-27,10,8,222,1,149,0.0,149.0,60,89.0
106112,2026-04-25,10,10,216,1,149,0.0,149.0,60,89.0
106112,2026-04-25,2,10,216,1,799,0.0,799.0,480,319.0
106113,2024-11-29,2,8,115,1,799,0.0,799.0,480,319.0
106114,2025-10-13,6,4,337,2,249,0.0,498.0,240,258.0
106115,2025-10-10,2,8,332,1,799,0.0,799.0,480,319.0
106116,2026-04-10,14,9,11,1,49,0.0,49.0,18,31.0
106117,2026-01-01,15,7,23,1,35,0.0,35.0,12,23.0
106118,2026-04-11,1,1,123,1,999,0.0,999.0,620,379.0
106119,2025-10-09,9,6,51,1,79,0.0,79.0,25,54.0
106119,2025-10-09,18,6,51,1,24,0.0,24.0,8,16.0
106120,2025-04-16,10,5,145,1,149,0.0,149.0,60,89.0
106121,2025-02-14,11,9,248,1,129,0.0,129.0,45,84.0
106122,2025-01-27,6,1,238,1,249,0.0,249.0,120,129.0
106122,2025-01-27,5,1,238,1,349,0.0,349.0,180,169.0
106122,2025-01-27,12,1,238,1,279,65.66,213.34,140,73.34
106123,2025-03-14,17,10,159,1,89,0.0,89.0,30,59.0
106124,2024-05-30,14,9,190,2,49,0.0,98.0,36,62.0
106124,2024-05-30,9,9,190,1,79,0.0,79.0,25,54.0
106124,2024-05-30,19,9,190,3,99,0.0,297.0,105,192.0
106125,2025-03-20,19,8,365,3,99,0.0,297.0,105,192.0
106125,2025-03-20,11,8,365,2,129,0.0,258.0,90,168.0
106126,2025-02-09,20,5,292,1,179,0.0,179.0,70,109.0
106127,2024-02-13,11,6,290,1,129,0.0,129.0,45,84.0
106128,2024-11-01,9,9,193,1,79,0.0,79.0,25,54.0
106128,2024-11-01,14,9,193,2,49,0.0,98.0,36,62.0
106129,2026-01-13,18,8,29,1,24,5.12,18.88,8,10.88
106130,2025-08-25,6,8,118,1,249,0.0,249.0,120,129.0
106131,2026-03-10,11,4,205,1,129,0.0,129.0,45,84.0
106132,2025-07-19,20,3,89,1,179,0.0,179.0,70,109.0
106133,2026-04-23,1,9,257,1,999,0.0,999.0,620,379.0
106134,2026-02-28,11,10,260,1,129,0.0,129.0,45,84.0
106135,2024-04-27,14,10,171,1,49,0.0,49.0,18,31.0
106136,2026-08-11,11,8,132,2,129,0.0,258.0,90,168.0
106137,2024-01-19,18,1,199,1,24,0.0,24.0,8,16.0
106138,2025-09-12,13,5,298,2,199,0.0,398.0,190,208.0
106139,2026-02-25,20,2,383,1,179,0.0,179.0,70,109.0
106140,2024-12-14,10,10,381,3,149,51.51,395.49,180,215.49
106141,2025-09-14,20,4,123,1,179,0.0,179.0,70,109.0
106142,2025-01-08,12,3,33,1,279,0.0,279.0,140,139.0
106142,2025-01-08,1,3,33,2,999,0.0,1998.0,1240,758.0
106143,2024-03-16,9,7,92,3,79,0.0,237.0,75,162.0
106143,2024-03-16,1,7,92,1,999,114.36,884.64,620,264.64
106143,2024-03-16,20,7,92,1,179,0.0,179.0,70,109.0
106144,2024-01-11,19,6,279,1,99,0.0,99.0,35,64.0
106145,2024-04-24,19,7,7,1,99,0.0,99.0,35,64.0
106146,2024-04-27,1,4,326,1,999,0.0,999.0,620,379.0
106147,2025-09-26,17,3,50,1,89,0.0,89.0,30,59.0
106148,2025-07-01,18,7,73,2,24,0.0,48.0,16,32.0
106149,2025-04-22,6,3,299,1,249,0.0,249.0,120,129.0
106149,2025-04-22,18,3,299,1,24,2.91,21.09,8,13.09
106149,2025-04-22,8,3,299,1,349,0.0,349.0,150,199.0
106150,2025-11-30,10,10,358,2,149,0.0,298.0,120,178.0
106150,2025-11-30,2,10,358,1,799,0.0,799.0,480,319.0
106150,2025-11-30,12,10,358,2,279,0.0,558.0,280,278.0
106151,2024-01-21,7,7,295,1,599,0.0,599.0,260,339.0
106152,2024-10-29,20,10,296,1,179,0.0,179.0,70,109.0
106153,2026-02-08,8,10,104,1,349,0.0,349.0,150,199.0
106154,2026-06-10,18,7,184,1,24,0.0,24.0,8,16.0
106155,2025-04-04,6,3,119,1,249,41.12,207.88,120,87.88
106156,2024-04-09,6,6,6,1,249,0.0,249.0,120,129.0
106157,2026-03-03,13,6,88,1,199,0.0,199.0,95,104.0
106158,2026-05-20,17,8,233,2,89,0.0,178.0,60,118.0
106158,2026-05-20,2,8,233,2,799,0.0,1598.0,960,638.0
106159,2025-03-09,5,2,127,1,349,0.0,349.0,180,169.0
106159,2025-03-09,19,2,127,1,99,0.0,99.0,35,64.0
106159,2025-03-09,4,2,127,2,399,0.0,798.0,420,378.0
106160,2024-10-02,5,10,250,1,349,55.33,293.67,180,113.67
106161,2024-02-25,2,1,51,1,799,0.0,799.0,480,319.0
106161,2024-02-25,9,1,51,1,79,0.0,79.0,25,54.0
106162,2025-09-07,13,6,127,2,199,0.0,398.0,190,208.0
106163,2026-06-10,16,3,254,1,39,0.0,39.0,15,24.0
106164,2025-11-20,18,1,7,1,24,4.02,19.98,8,11.98
106165,2024-12-04,9,5,92,2,79,0.0,158.0,50,108.0
106165,2024-12-04,12,5,92,1,279,42.76,236.24,140,96.24
106166,2025-10-25,5,3,8,2,349,0.0,698.0,360,338.0
106166,2025-10-25,19,3,8,1,99,5.11,93.89,35,58.89
106167,2026-04-03,10,9,227,2,149,0.0,298.0,120,178.0
106167,2026-04-03,9,9,227,1,79,0.0,79.0,25,54.0
106168,2025-05-12,20,8,315,2,179,0.0,358.0,140,218.0
106169,2026-03-23,19,7,290,1,99,0.0,99.0,35,64.0
106170,2025-02-11,6,4,59,1,249,38.84,210.16,120,90.16
106170,2025-02-11,14,4,59,1,49,0.0,49.0,18,31.0
106171,2024-12-26,5,1,229,1,349,0.0,349.0,180,169.0
106172,2025-08-30,16,9,115,1,39,0.0,39.0,15,24.0
106172,2025-08-30,8,9,115,1,349,85.51,263.49,150,113.49
106173,2025-05-01,13,8,213,1,199,0.0,199.0,95,104.0
106173,2025-05-01,5,8,213,1,349,0.0,349.0,180,169.0
106174,2026-08-11,7,4,232,2,599,0.0,1198.0,520,678.0
106175,2025-06-21,10,4,168,1,149,0.0,149.0,60,89.0
106175,2025-06-21,17,4,168,1,89,0.0,89.0,30,59.0
106176,2025-02-03,9,2,389,1,79,0.0,79.0,25,54.0
106177,2025-02-15,10,3,308,1,149,0.0,149.0,60,89.0
106177,2025-02-15,11,3,308,1,129,0.0,129.0,45,84.0
106178,2025-07-25,16,10,283,1,39,0.0,39.0,15,24.0
106179,2024-12-31,7,10,101,1,599,0.0,599.0,260,339.0
106180,2025-12-21,15,9,10,1,35,0.0,35.0,12,23.0
106181,2025-01-29,3,9,50,1,649,0.0,649.0,350,299.0
106181,2025-01-29,1,9,50,3,999,0.0,2997.0,1860,1137.0
106182,2025-02-02,1,10,347,1,999,0.0,999.0,620,379.0
106183,2025-10-02,8,5,137,2,349,0.0,698.0,300,398.0
106183,2025-10-02,19,5,137,1,99,0.0,99.0,35,64.0
106184,2024-03-16,6,10,309,2,249,0.0,498.0,240,258.0
106185,2025-11-04,2,3,269,1,799,0.0,799.0,480,319.0
106186,2025-06-10,9,2,260,1,79,0.0,79.0,25,54.0
106187,2025-04-19,4,1,67,1,399,37.15,361.85,210,151.85
106188,2025-12-18,11,5,74,1,129,0.0,129.0,45,84.0
106189,2026-01-20,9,2,350,1,79,0.0,79.0,25,54.0
106190,2026-04-16,4,9,75,1,399,0.0,399.0,210,189.0
106191,2025-01-22,8,10,39,1,349,0.0,349.0,150,199.0
106191,2025-01-22,18,10,39,2,24,5.46,42.54,16,26.54
106191,2025-01-22,7,10,39,2,599,0.0,1198.0,520,678.0
106192,2024-12-11,7,10,235,2,599,121.48,1076.52,520,556.52
106193,2025-12-15,9,1,134,1,79,0.0,79.0,25,54.0
106194,2025-08-29,14,2,151,1,49,11.9,37.1,18,19.1
106195,2025-10-15,5,2,347,1,349,0.0,349.0,180,169.0
106195,2025-10-15,15,2,347,1,35,5.58,29.42,12,17.42
106196,2025-08-02,12,5,2,2,279,0.0,558.0,280,278.0
106197,2026-02-03,18,1,399,1,24,0.0,24.0,8,16.0
106198,2024-08-06,2,9,317,1,799,0.0,799.0,480,319.0
106199,2025-08-02,6,10,284,1,249,0.0,249.0,120,129.0
106199,2025-08-02,19,10,284,1,99,0.0,99.0,35,64.0
106200,2024-07-01,19,4,268,1,99,0.0,99.0,35,64.0
106200,2024-07-01,1,4,268,2,999,0.0,1998.0,1240,758.0
106201,2025-03-02,10,7,374,2,149,45.63,252.37,120,132.37
106201,2025-03-02,7,7,374,2,599,257.13,940.87,520,420.87
106202,2025-11-10,3,6,323,2,649,74.57,1223.43,700,523.43
106202,2025-11-10,16,6,323,1,39,0.0,39.0,15,24.0
106203,2025-05-29,15,6,387,2,35,17.24,52.76,24,28.76
106203,2025-05-29,13,6,387,2,199,0.0,398.0,190,208.0
106204,2025-01-28,3,10,279,1,649,0.0,649.0,350,299.0
106205,2026-05-20,10,10,141,1,149,26.91,122.09,60,62.09
106205,2026-05-20,11,10,141,1,129,0.0,129.0,45,84.0
106206,2026-02-04,14,3,328,1,49,0.0,49.0,18,31.0
106207,2025-07-01,16,3,246,1,39,0.0,39.0,15,24.0
106208,2026-07-17,11,3,136,2,129,0.0,258.0,90,168.0
106209,2025-03-20,14,7,279,1,49,10.44,38.56,18,20.56
106209,2025-03-20,12,7,279,2,279,0.0,558.0,280,278.0
106209,2025-03-20,5,7,279,2,349,0.0,698.0,360,338.0
106210,2026-02-20,4,8,219,1,399,87.61,311.39,210,101.39
106211,2024-07-12,5,8,293,2,349,0.0,698.0,360,338.0
106212,2024-11-10,13,1,392,1,199,0.0,199.0,95,104.0
106213,2024-12-19,1,8,126,1,999,0.0,999.0,620,379.0
106213,2024-12-19,6,8,126,1,249,0.0,249.0,120,129.0
106214,2024-05-05,11,5,152,2,129,0.0,258.0,90,168.0
106215,2025-06-06,7,2,117,1,599,0.0,599.0,260,339.0
106216,2024-08-09,16,10,18,1,39,0.0,39.0,15,24.0
106216,2024-08-09,1,10,18,1,999,0.0,999.0,620,379.0
106217,2025-10-17,2,10,26,1,799,0.0,799.0,480,319.0
106218,2024-08-06,13,8,341,2,199,0.0,398.0,190,208.0
106219,2024-05-24,13,10,235,2,199,0.0,398.0,190,208.0
106220,2026-08-04,20,7,184,2,179,0.0,358.0,140,218.0
106221,2025-11-06,9,10,52,1,79,0.0,79.0,25,54.0
106222,2026-07-04,1,2,160,1,999,0.0,999.0,620,379.0
106223,2025-05-25,2,9,329,1,799,127.35,671.65,480,191.65
106223,2025-05-25,17,9,329,1,89,0.0,89.0,30,59.0
106224,2024-02-11,14,10,364,1,49,0.0,49.0,18,31.0
106225,2025-08-21,5,2,304,1,349,39.06,309.94,180,129.94
106226,2025-08-05,3,2,34,1,649,0.0,649.0,350,299.0
106227,2024-01-19,16,3,269,3,39,0.0,117.0,45,72.0
106228,2026-04-29,11,8,323,1,129,0.0,129.0,45,84.0
106229,2025-10-04,17,5,80,1,89,11.05,77.95,30,47.95
106230,2026-01-06,3,7,98,1,649,0.0,649.0,350,299.0
106231,2025-05-29,10,10,350,1,149,36.47,112.53,60,52.53
106231,2025-05-29,20,10,350,1,179,0.0,179.0,70,109.0
106232,2025-10-03,12,6,100,1,279,14.92,264.08,140,124.08
106233,2024-10-16,1,1,210,1,999,0.0,999.0,620,379.0
106234,2026-08-08,8,4,327,1,349,0.0,349.0,150,199.0
106234,2026-08-08,19,4,327,2,99,0.0,198.0,70,128.0
106235,2025-02-22,12,3,308,2,279,0.0,558.0,280,278.0
106236,2024-07-05,13,8,330,1,199,0.0,199.0,95,104.0
106236,2024-07-05,10,8,330,2,149,0.0,298.0,120,178.0
106237,2024-03-10,12,6,4,2,279,33.32,524.68,280,244.68
106238,2025-10-19,10,9,241,1,149,0.0,149.0,60,89.0
106239,2026-08-17,9,6,274,1,79,3.98,75.02,25,50.02
106240,2026-05-29,7,1,257,1,599,0.0,599.0,260,339.0
106241,2025-12-07,20,9,128,3,179,114.25,422.75,210,212.75
106241,2025-12-07,6,9,128,1,249,0.0,249.0,120,129.0
106242,2026-08-23,12,5,152,1,279,0.0,279.0,140,139.0
106243,2025-12-21,11,9,83,1,129,0.0,129.0,45,84.0
106244,2024-12-20,2,4,173,2,799,123.42,1474.58,960,514.58
106245,2025-09-17,9,2,357,1,79,0.0,79.0,25,54.0
106246,2024-04-07,2,1,194,1,799,0.0,799.0,480,319.0
106247,2024-09-10,2,2,233,1,799,0.0,799.0,480,319.0
106248,2025-03-13,6,6,345,1,249,0.0,249.0,120,129.0
106248,2025-03-13,18,6,345,1,24,0.0,24.0,8,16.0
106249,2024-08-19,3,10,184,1,649,0.0,649.0,350,299.0
106250,2026-07-20,1,2,222,1,999,0.0,999.0,620,379.0
106251,2026-08-28,1,4,111,1,999,0.0,999.0,620,379.0
106252,2025-01-18,4,5,372,1,399,0.0,399.0,210,189.0
106253,2025-12-12,13,10,377,1,199,0.0,199.0,95,104.0
106254,2025-03-02,9,10,345,1,79,4.84,74.16,25,49.16
106254,2025-03-02,11,10,345,1,129,17.94,111.06,45,66.06
106255,2024-06-10,14,8,228,1,49,0.0,49.0,18,31.0
106255,2024-06-10,20,8,228,1,179,0.0,179.0,70,109.0
106256,2024-12-18,17,8,149,1,89,0.0,89.0,30,59.0
106257,2024-09-22,16,10,230,1,39,0.0,39.0,15,24.0
106258,2024-12-12,9,4,50,1,79,0.0,79.0,25,54.0
106258,2024-12-12,14,4,50,1,49,0.0,49.0,18,31.0
106258,2024-12-12,11,4,50,1,129,0.0,129.0,45,84.0
106259,2024-09-03,4,8,309,2,399,0.0,798.0,420,378.0
106260,2024-05-12,3,7,14,1,649,32.69,616.31,350,266.31
106260,2024-05-12,6,7,14,1,249,0.0,249.0,120,129.0
106261,2024-09-05,13,6,51,1,199,0.0,199.0,95,104.0
106261,2024-09-05,7,6,51,2,599,0.0,1198.0,520,678.0
106262,2026-06-07,19,6,182,2,99,47.84,150.16,70,80.16
106263,2024-04-13,12,8,396,1,279,0.0,279.0,140,139.0
106263,2024-04-13,8,8,396,1,349,0.0,349.0,150,199.0
106264,2024-12-09,5,4,236,2,349,0.0,698.0,360,338.0
106265,2025-07-04,5,2,3,1,349,0.0,349.0,180,169.0
106266,2024-12-31,14,10,9,1,49,0.0,49.0,18,31.0
106266,2024-12-31,15,10,9,1,35,2.76,32.24,12,20.24
106267,2025-06-22,17,2,303,1,89,0.0,89.0,30,59.0
106268,2024-02-24,20,7,8,1,179,0.0,179.0,70,109.0
106269,2025-10-30,20,9,59,1,179,0.0,179.0,70,109.0
106269,2025-10-30,12,9,59,2,279,0.0,558.0,280,278.0
106270,2025-08-10,8,2,255,3,349,118.91,928.09,450,478.09
106271,2025-11-22,3,1,104,1,649,0.0,649.0,350,299.0
106272,2025-08-14,11,1,264,1,129,0.0,129.0,45,84.0
106273,2025-04-04,16,6,326,1,39,0.0,39.0,15,24.0
106274,2024-12-28,10,4,218,2,149,0.0,298.0,120,178.0
106274,2024-12-28,5,4,218,1,349,32.43,316.57,180,136.57
106275,2024-09-15,6,3,291,1,249,0.0,249.0,120,129.0
106276,2025-06-05,14,4,200,1,49,0.0,49.0,18,31.0
106277,2024-02-02,4,7,40,1,399,0.0,399.0,210,189.0
106278,2024-12-12,10,10,48,1,149,33.72,115.28,60,55.28
106279,2025-11-20,7,4,370,3,599,0.0,1797.0,780,1017.0
106280,2024-05-08,4,3,219,1,399,95.03,303.97,210,93.97
106281,2024-03-19,16,2,278,1,39,0.0,39.0,15,24.0
106282,2025-11-02,5,5,264,1,349,0.0,349.0,180,169.0
106283,2025-02-19,20,6,68,1,179,0.0,179.0,70,109.0
106283,2025-02-19,15,6,68,1,35,0.0,35.0,12,23.0
106284,2026-03-06,7,8,47,1,599,0.0,599.0,260,339.0
106284,2026-03-06,9,8,47,1,79,0.0,79.0,25,54.0
106285,2026-07-05,15,6,132,2,35,0.0,70.0,24,46.0
106285,2026-07-05,16,6,132,1,39,6.37,32.63,15,17.63
106286,2026-07-24,9,3,21,1,79,0.0,79.0,25,54.0
106287,2025-03-22,13,3,203,1,199,0.0,199.0,95,104.0
106288,2024-10-22,18,3,51,1,24,0.0,24.0,8,16.0
106289,2025-09-24,17,1,165,1,89,0.0,89.0,30,59.0
106289,2025-09-24,6,1,165,1,249,0.0,249.0,120,129.0
106290,2025-10-12,3,4,1,1,649,0.0,649.0,350,299.0
106291,2025-10-06,7,1,256,1,599,0.0,599.0,260,339.0
106292,2024-12-07,14,8,316,1,49,9.68,39.32,18,21.32
106293,2024-03-20,2,7,104,1,799,0.0,799.0,480,319.0
106294,2024-08-28,12,10,33,2,279,0.0,558.0,280,278.0
106295,2024-06-27,19,9,42,2,99,0.0,198.0,70,128.0
106295,2024-06-27,5,9,42,1,349,0.0,349.0,180,169.0
106296,2024-05-24,11,9,393,2,129,0.0,258.0,90,168.0
106297,2026-06-25,9,10,65,2,79,0.0,158.0,50,108.0
106298,2024-01-18,14,8,345,2,49,0.0,98.0,36,62.0
106299,2025-09-17,19,10,331,2,99,0.0,198.0,70,128.0
106300,2026-07-15,13,9,128,1,199,0.0,199.0,95,104.0
106301,2025-01-06,7,5,399,1,599,0.0,599.0,260,339.0
106302,2025-07-02,11,6,241,1,129,0.0,129.0,45,84.0
106303,2025-12-03,20,3,222,1,179,0.0,179.0,70,109.0
106304,2024-12-04,19,1,121,1,99,16.6,82.4,35,47.4
106305,2025-05-14,1,1,26,1,999,0.0,999.0,620,379.0
106306,2026-03-20,8,10,400,1,349,86.46,262.54,150,112.54
106307,2026-01-07,19,4,153,1,99,0.0,99.0,35,64.0
106308,2026-03-12,7,1,236,3,599,0.0,1797.0,780,1017.0
106308,2026-03-12,8,1,236,1,349,0.0,349.0,150,199.0
106309,2026-08-20,14,10,355,1,49,0.0,49.0,18,31.0
106310,2025-01-17,13,2,361,1,199,0.0,199.0,95,104.0
106310,2025-01-17,17,2,361,1,89,0.0,89.0,30,59.0
106311,2026-01-09,1,10,298,1,999,0.0,999.0,620,379.0
106311,2026-01-09,8,10,298,1,349,0.0,349.0,150,199.0
106312,2025-09-18,18,8,335,1,24,5.53,18.47,8,10.47
106312,2025-09-18,9,8,335,1,79,0.0,79.0,25,54.0
106313,2025-11-12,9,8,217,2,79,15.72,142.28,50,92.28
106314,2026-01-01,14,1,280,1,49,0.0,49.0,18,31.0
106315,2026-01-11,14,10,150,1,49,0.0,49.0,18,31.0
106315,2026-01-11,4,10,150,1,399,0.0,399.0,210,189.0
106316,2026-05-20,5,5,52,1,349,0.0,349.0,180,169.0
106317,2024-12-27,9,4,21,1,79,13.43,65.57,25,40.57
106318,2025-11-02,13,6,277,1,199,0.0,199.0,95,104.0
106319,2024-11-05,6,5,83,2,249,76.83,421.17,240,181.17
106320,2025-09-10,12,10,211,1,279,0.0,279.0,140,139.0
106321,2026-01-13,19,1,125,1,99,0.0,99.0,35,64.0
106321,2026-01-13,5,1,125,2,349,0.0,698.0,360,338.0
106322,2026-02-23,9,6,126,1,79,0.0,79.0,25,54.0
106323,2025-03-16,1,10,19,2,999,0.0,1998.0,1240,758.0
106324,2025-06-13,3,8,122,1,649,0.0,649.0,350,299.0
106325,2024-12-16,9,7,118,1,79,0.0,79.0,25,54.0
106326,2024-07-13,17,1,310,3,89,0.0,267.0,90,177.0
106327,2024-10-19,19,10,287,2,99,40.8,157.2,70,87.2
106327,2024-10-19,1,10,287,1,999,0.0,999.0,620,379.0
106327,2024-10-19,9,10,287,1,79,0.0,79.0,25,54.0
106328,2026-06-12,1,6,199,1,999,0.0,999.0,620,379.0
106328,2026-06-12,9,6,199,1,79,0.0,79.0,25,54.0
106329,2024-11-28,1,7,370,1,999,0.0,999.0,620,379.0
106329,2024-11-28,9,7,370,2,79,24.17,133.83,50,83.83
106330,2026-08-09,13,7,206,1,199,0.0,199.0,95,104.0
106331,2024-10-01,3,1,157,2,649,0.0,1298.0,700,598.0
106331,2024-10-01,12,1,157,1,279,0.0,279.0,140,139.0
106332,2025-12-21,16,3,124,1,39,0.0,39.0,15,24.0
106332,2025-12-21,10,3,124,1,149,0.0,149.0,60,89.0
106333,2025-08-21,10,8,54,2,149,0.0,298.0,120,178.0
106333,2025-08-21,3,8,54,1,649,0.0,649.0,350,299.0
106334,2025-12-03,8,7,180,1,349,58.75,290.25,150,140.25
106335,2025-10-25,20,9,200,1,179,0.0,179.0,70,109.0
106335,2025-10-25,17,9,200,1,89,0.0,89.0,30,59.0
106335,2025-10-25,12,9,200,1,279,0.0,279.0,140,139.0
106336,2025-12-10,15,9,388,1,35,0.0,35.0,12,23.0
106337,2026-06-06,7,7,80,1,599,0.0,599.0,260,339.0
106338,2025-08-10,14,8,30,2,49,0.0,98.0,36,62.0
106339,2024-03-24,14,2,300,1,49,0.0,49.0,18,31.0
106340,2024-10-28,18,8,17,2,24,0.0,48.0,16,32.0
106340,2024-10-28,8,8,17,1,349,0.0,349.0,150,199.0
106341,2025-12-11,1,8,385,3,999,0.0,2997.0,1860,1137.0
106342,2025-05-30,17,9,113,1,89,13.79,75.21,30,45.21
106343,2025-07-25,12,2,74,1,279,0.0,279.0,140,139.0
106344,2025-09-12,14,2,264,1,49,0.0,49.0,18,31.0
106344,2025-09-12,9,2,264,1,79,0.0,79.0,25,54.0
106345,2025-01-31,13,1,3,3,199,0.0,597.0,285,312.0
106346,2026-02-05,11,10,64,1,129,8.02,120.98,45,75.98
106347,2025-12-21,16,9,217,2,39,0.0,78.0,30,48.0
106348,2025-12-15,8,7,30,1,349,0.0,349.0,150,199.0
106349,2025-12-16,17,10,69,1,89,17.57,71.43,30,41.43
106350,2026-05-24,6,7,8,2,249,0.0,498.0,240,258.0
106351,2025-09-11,16,10,81,1,39,0.0,39.0,15,24.0
106352,2026-08-02,4,9,325,2,399,0.0,798.0,420,378.0
106352,2026-08-02,5,9,325,1,349,0.0,349.0,180,169.0
106352,2026-08-02,15,9,325,1,35,0.0,35.0,12,23.0
106353,2024-05-19,11,4,224,2,129,62.2,195.8,90,105.8
106354,2025-10-15,5,10,143,1,349,0.0,349.0,180,169.0
106355,2025-12-17,13,8,69,1,199,0.0,199.0,95,104.0
106356,2025-05-13,17,3,261,1,89,0.0,89.0,30,59.0
106357,2024-11-11,8,3,146,1,349,40.21,308.79,150,158.79
106358,2025-07-27,18,9,139,1,24,0.0,24.0,8,16.0
106359,2025-01-11,1,2,3,1,999,227.98,771.02,620,151.02
106360,2026-06-10,10,8,302,1,149,0.0,149.0,60,89.0
106360,2026-06-10,17,8,302,1,89,0.0,89.0,30,59.0
106361,2025-01-02,7,8,345,1,599,0.0,599.0,260,339.0
106362,2024-07-21,1,2,234,1,999,0.0,999.0,620,379.0
106363,2025-08-23,9,8,266,2,79,0.0,158.0,50,108.0
106363,2025-08-23,1,8,266,1,999,0.0,999.0,620,379.0
106364,2025-02-16,18,6,388,1,24,0.0,24.0,8,16.0
106365,2024-04-25,20,4,253,1,179,22.88,156.12,70,86.12
106366,2025-08-11,1,6,106,1,999,0.0,999.0,620,379.0
106366,2025-08-11,13,6,106,1,199,0.0,199.0,95,104.0
106367,2025-07-14,3,4,3,2,649,0.0,1298.0,700,598.0
106368,2024-07-18,9,6,214,1,79,0.0,79.0,25,54.0
106369,2025-09-13,3,5,376,1,649,0.0,649.0,350,299.0
106370,2025-08-14,5,4,258,1,349,60.07,288.93,180,108.93
106371,2026-02-04,8,7,397,1,349,0.0,349.0,150,199.0
106372,2025-01-07,18,5,233,1,24,0.0,24.0,8,16.0
106373,2024-10-07,1,3,345,1,999,0.0,999.0,620,379.0
106373,2024-10-07,20,3,345,1,179,0.0,179.0,70,109.0
106374,2026-07-18,4,4,210,1,399,0.0,399.0,210,189.0
106374,2026-07-18,5,4,210,3,349,0.0,1047.0,540,507.0
106375,2025-08-08,20,4,288,1,179,0.0,179.0,70,109.0
106375,2025-08-08,12,4,288,1,279,64.98,214.02,140,74.02
106375,2025-08-08,2,4,288,1,799,0.0,799.0,480,319.0
106376,2024-02-03,16,1,190,1,39,0.0,39.0,15,24.0
106377,2026-03-24,14,6,27,1,49,0.0,49.0,18,31.0
106378,2024-08-14,9,10,223,1,79,0.0,79.0,25,54.0
106379,2026-02-18,7,8,264,3,599,0.0,1797.0,780,1017.0
106380,2025-12-09,4,3,351,1,399,0.0,399.0,210,189.0
106381,2026-08-04,18,2,353,3,24,0.0,72.0,24,48.0
106381,2026-08-04,11,2,353,1,129,0.0,129.0,45,84.0
106381,2026-08-04,13,2,353,1,199,0.0,199.0,95,104.0
106382,2026-08-01,3,9,245,1,649,0.0,649.0,350,299.0
106383,2024-11-01,19,2,202,2,99,22.8,175.2,70,105.2
106384,2026-01-28,9,2,22,1,79,0.0,79.0,25,54.0
106385,2024-12-03,20,4,169,2,179,61.02,296.98,140,156.98
106386,2025-10-12,17,9,192,1,89,0.0,89.0,30,59.0
106387,2025-09-13,8,1,15,1,349,0.0,349.0,150,199.0
106387,2025-09-13,14,1,15,1,49,3.07,45.93,18,27.93
106388,2024-03-09,20,2,95,1,179,0.0,179.0,70,109.0
106388,2024-03-09,6,2,95,1,249,0.0,249.0,120,129.0
106388,2024-03-09,8,2,95,2,349,37.21,660.79,300,360.79
106389,2024-01-07,18,4,77,1,24,0.0,24.0,8,16.0
106390,2024-03-13,15,1,251,2,35,17.4,52.6,24,28.6
106391,2024-05-28,4,10,262,1,399,0.0,399.0,210,189.0
106392,2024-10-16,17,6,31,1,89,0.0,89.0,30,59.0
106393,2026-06-08,1,3,323,1,999,0.0,999.0,620,379.0
106394,2025-06-23,9,8,72,1,79,0.0,79.0,25,54.0
106395,2026-03-01,12,10,7,2,279,0.0,558.0,280,278.0
106396,2026-04-09,3,7,364,1,649,0.0,649.0,350,299.0
106397,2025-12-29,18,2,244,1,24,0.0,24.0,8,16.0
106398,2025-02-11,9,1,179,3,79,0.0,237.0,75,162.0
106398,2025-02-11,8,1,179,1,349,0.0,349.0,150,199.0
106399,2026-05-02,11,4,261,2,129,0.0,258.0,90,168.0
106400,2026-01-04,5,1,155,1,349,0.0,349.0,180,169.0
106400,2026-01-04,12,1,155,1,279,0.0,279.0,140,139.0
106401,2026-01-05,20,6,30,1,179,35.49,143.51,70,73.51
106402,2026-06-03,10,4,163,2,149,0.0,298.0,120,178.0
106403,2025-09-14,10,6,187,1,149,0.0,149.0,60,89.0
106404,2025-07-04,9,7,285,1,79,0.0,79.0,25,54.0
106405,2026-05-24,8,7,212,1,349,0.0,349.0,150,199.0
106405,2026-05-24,6,7,212,1,249,15.25,233.75,120,113.75
106406,2025-04-21,10,1,399,1,149,0.0,149.0,60,89.0
106407,2026-03-15,1,1,126,1,999,0.0,999.0,620,379.0
106408,2024-03-08,2,4,5,2,799,0.0,1598.0,960,638.0
106409,2024-01-02,2,4,325,1,799,0.0,799.0,480,319.0
106410,2025-07-04,11,3,72,1,129,0.0,129.0,45,84.0
106411,2024-03-31,5,10,142,1,349,0.0,349.0,180,169.0
106412,2026-08-11,8,6,72,1,349,0.0,349.0,150,199.0
106412,2026-08-11,13,6,72,1,199,0.0,199.0,95,104.0
106413,2024-01-07,8,6,185,1,349,52.78,296.22,150,146.22
106414,2025-12-18,17,3,341,1,89,18.06,70.94,30,40.94
106414,2025-12-18,1,3,341,2,999,464.74,1533.26,1240,293.26
106415,2024-10-02,18,4,215,1,24,0.0,24.0,8,16.0
106416,2026-08-02,19,4,299,1,99,0.0,99.0,35,64.0
106417,2025-01-30,19,9,21,1,99,0.0,99.0,35,64.0
106417,2025-01-30,20,9,21,1,179,0.0,179.0,70,109.0
106418,2024-02-03,14,3,352,1,49,0.0,49.0,18,31.0
106418,2024-02-03,16,3,352,1,39,0.0,39.0,15,24.0
106419,2024-02-03,16,10,83,2,39,0.0,78.0,30,48.0
106420,2025-07-31,20,2,307,1,179,0.0,179.0,70,109.0
106420,2025-07-31,13,2,307,1,199,0.0,199.0,95,104.0
106421,2026-08-20,19,2,67,1,99,0.0,99.0,35,64.0
106422,2026-08-13,10,10,132,1,149,0.0,149.0,60,89.0
106423,2024-12-18,1,1,231,1,999,130.29,868.71,620,248.71
106424,2025-05-19,18,6,342,1,24,0.0,24.0,8,16.0
106425,2024-04-30,19,10,58,1,99,7.13,91.87,35,56.87
106426,2025-06-27,4,2,89,1,399,50.11,348.89,210,138.89
106427,2025-09-15,18,5,49,1,24,0.0,24.0,8,16.0
106428,2024-10-10,3,4,38,1,649,0.0,649.0,350,299.0
106428,2024-10-10,5,4,38,2,349,0.0,698.0,360,338.0
106429,2025-09-27,18,4,180,1,24,0.0,24.0,8,16.0
106429,2025-09-27,4,4,180,1,399,0.0,399.0,210,189.0
106430,2026-06-01,2,3,9,1,799,0.0,799.0,480,319.0
106430,2026-06-01,19,3,9,1,99,0.0,99.0,35,64.0
106431,2024-01-02,18,7,69,1,24,0.0,24.0,8,16.0
106432,2024-09-17,14,3,126,1,49,0.0,49.0,18,31.0
106432,2024-09-17,5,3,126,1,349,0.0,349.0,180,169.0
106433,2024-08-28,19,2,313,1,99,0.0,99.0,35,64.0
106434,2024-05-24,12,10,333,1,279,0.0,279.0,140,139.0
106435,2024-07-10,18,10,258,1,24,0.0,24.0,8,16.0
106436,2025-10-10,16,2,245,1,39,0.0,39.0,15,24.0
106436,2025-10-10,17,2,245,1,89,0.0,89.0,30,59.0
106437,2024-05-02,15,7,191,1,35,0.0,35.0,12,23.0
106438,2025-12-31,6,9,365,1,249,0.0,249.0,120,129.0
106438,2025-12-31,3,9,365,1,649,0.0,649.0,350,299.0
106439,2026-05-21,5,10,20,1,349,0.0,349.0,180,169.0
106439,2026-05-21,8,10,20,2,349,0.0,698.0,300,398.0
106440,2026-06-25,11,2,94,1,129,30.87,98.13,45,53.13
106441,2025-11-07,10,1,216,1,149,31.86,117.14,60,57.14
106442,2024-08-15,5,2,259,1,349,0.0,349.0,180,169.0
106443,2024-04-13,12,10,229,1,279,0.0,279.0,140,139.0
106444,2024-09-21,2,9,282,1,799,116.85,682.15,480,202.15
106445,2026-07-28,8,5,12,1,349,0.0,349.0,150,199.0
106446,2026-07-29,18,6,21,3,24,9.52,62.48,24,38.48
106447,2025-01-30,8,6,184,2,349,0.0,698.0,300,398.0
106448,2024-12-10,11,4,376,1,129,0.0,129.0,45,84.0
106449,2025-06-15,14,1,295,1,49,0.0,49.0,18,31.0
106450,2024-11-14,3,2,7,2,649,0.0,1298.0,700,598.0
106451,2026-08-13,18,3,394,1,24,0.0,24.0,8,16.0
106452,2024-09-09,14,1,88,1,49,0.0,49.0,18,31.0
106452,2024-09-09,18,1,88,1,24,0.0,24.0,8,16.0
106453,2025-01-16,5,5,171,1,349,0.0,349.0,180,169.0
106454,2025-03-26,1,3,351,3,999,0.0,2997.0,1860,1137.0
106455,2024-05-25,13,1,174,2,199,61.58,336.42,190,146.42
106456,2025-01-31,13,2,177,1,199,0.0,199.0,95,104.0
106457,2026-04-25,10,5,124,1,149,0.0,149.0,60,89.0
106458,2024-06-11,6,10,348,1,249,0.0,249.0,120,129.0
106459,2025-08-31,10,9,351,1,149,0.0,149.0,60,89.0
106459,2025-08-31,14,9,351,2,49,0.0,98.0,36,62.0
106460,2025-03-01,3,4,216,1,649,0.0,649.0,350,299.0
106460,2025-03-01,17,4,216,1,89,0.0,89.0,30,59.0
106461,2024-07-15,8,4,114,1,349,0.0,349.0,150,199.0
106462,2024-01-16,15,2,185,1,35,0.0,35.0,12,23.0
106462,2024-01-16,17,2,185,2,89,0.0,178.0,60,118.0
106463,2024-10-31,18,8,352,2,24,0.0,48.0,16,32.0
106464,2024-03-17,7,5,63,1,599,0.0,599.0,260,339.0
106465,2025-01-25,14,1,393,1,49,9.58,39.42,18,21.42
106466,2026-03-14,11,4,331,1,129,0.0,129.0,45,84.0
106466,2026-03-14,19,4,331,1,99,0.0,99.0,35,64.0
106467,2025-12-19,14,3,277,2,49,0.0,98.0,36,62.0
106467,2025-12-19,5,3,277,2,349,0.0,698.0,360,338.0
106468,2026-07-15,14,7,281,1,49,0.0,49.0,18,31.0
106468,2026-07-15,6,7,281,1,249,0.0,249.0,120,129.0
106469,2025-03-23,3,2,59,1,649,0.0,649.0,350,299.0
106470,2025-12-11,10,10,96,1,149,17.08,131.92,60,71.92
106471,2025-11-11,18,10,362,1,24,1.83,22.17,8,14.17
106472,2024-09-05,8,10,91,1,349,0.0,349.0,150,199.0
106472,2024-09-05,11,10,91,1,129,0.0,129.0,45,84.0
106473,2024-11-23,16,7,191,1,39,7.36,31.64,15,16.64
106474,2025-07-05,16,10,364,1,39,0.0,39.0,15,24.0
106475,2026-03-01,8,1,382,1,349,0.0,349.0,150,199.0
106476,2025-04-28,17,6,265,2,89,0.0,178.0,60,118.0
106476,2025-04-28,19,6,265,1,99,0.0,99.0,35,64.0
106477,2024-09-16,8,3,80,1,349,67.79,281.21,150,131.21
106477,2024-09-16,20,3,80,2,179,0.0,358.0,140,218.0
106478,2026-08-26,16,1,122,1,39,0.0,39.0,15,24.0
106479,2024-05-16,18,6,157,1,24,0.0,24.0,8,16.0
106479,2024-05-16,19,6,157,1,99,0.0,99.0,35,64.0
106480,2026-07-23,1,6,39,2,999,0.0,1998.0,1240,758.0
106481,2026-03-13,8,2,327,1,349,0.0,349.0,150,199.0
106482,2026-04-09,1,10,201,1,999,0.0,999.0,620,379.0
106483,2026-02-27,1,1,194,2,999,0.0,1998.0,1240,758.0
106484,2024-08-26,14,10,39,2,49,0.0,98.0,36,62.0
106485,2025-10-15,4,7,163,1,399,0.0,399.0,210,189.0
106486,2026-01-18,9,6,321,1,79,0.0,79.0,25,54.0
106487,2026-01-07,6,1,261,1,249,0.0,249.0,120,129.0
106488,2024-10-29,9,4,102,1,79,0.0,79.0,25,54.0
106489,2024-07-27,5,8,312,1,349,0.0,349.0,180,169.0
106490,2024-12-12,1,7,182,1,999,171.1,827.9,620,207.9
106491,2025-05-16,8,9,247,1,349,0.0,349.0,150,199.0
106492,2025-08-20,4,8,3,1,399,0.0,399.0,210,189.0
106492,2025-08-20,19,8,3,1,99,0.0,99.0,35,64.0
106493,2026-04-08,14,1,339,1,49,2.91,46.09,18,28.09
106493,2026-04-08,6,1,339,1,249,0.0,249.0,120,129.0
106494,2026-01-31,4,2,7,1,399,0.0,399.0,210,189.0
106494,2026-01-31,20,2,7,1,179,0.0,179.0,70,109.0
106495,2025-11-19,1,2,114,1,999,0.0,999.0,620,379.0
106495,2025-11-19,7,2,114,1,599,0.0,599.0,260,339.0
106496,2024-10-21,6,8,185,1,249,0.0,249.0,120,129.0
106497,2025-05-15,2,1,207,1,799,0.0,799.0,480,319.0
106498,2024-12-17,1,10,112,2,999,194.58,1803.42,1240,563.42
106499,2024-09-24,5,5,57,1,349,0.0,349.0,180,169.0
106500,2024-01-13,4,9,377,1,399,0.0,399.0,210,189.0
106501,2024-12-20,3,1,121,1,649,0.0,649.0,350,299.0
106502,2024-10-14,5,10,164,1,349,0.0,349.0,180,169.0
106502,2024-10-14,2,10,164,1,799,0.0,799.0,480,319.0
106503,2025-08-18,3,4,271,1,649,0.0,649.0,350,299.0
106503,2025-08-18,18,4,271,1,24,0.0,24.0,8,16.0
106503,2025-08-18,6,4,271,1,249,0.0,249.0,120,129.0
106504,2024-03-18,11,4,10,3,129,0.0,387.0,135,252.0
106505,2024-10-28,16,2,246,1,39,0.0,39.0,15,24.0
106505,2024-10-28,1,2,246,1,999,0.0,999.0,620,379.0
106505,2024-10-28,9,2,246,1,79,0.0,79.0,25,54.0
106506,2024-02-26,13,2,104,1,199,0.0,199.0,95,104.0
106507,2025-10-23,3,6,220,1,649,0.0,649.0,350,299.0
106508,2025-08-15,19,10,263,1,99,0.0,99.0,35,64.0
106509,2024-12-18,10,2,167,2,149,0.0,298.0,120,178.0
106509,2024-12-18,14,2,167,1,49,0.0,49.0,18,31.0
106510,2024-06-19,8,2,239,2,349,0.0,698.0,300,398.0
106510,2024-06-19,15,2,239,1,35,0.0,35.0,12,23.0
106511,2026-07-24,19,5,5,1,99,0.0,99.0,35,64.0
106511,2026-07-24,2,5,5,2,799,0.0,1598.0,960,638.0
106512,2025-08-31,6,10,398,2,249,0.0,498.0,240,258.0
106513,2025-11-21,17,8,33,1,89,5.85,83.15,30,53.15
106514,2025-07-07,13,4,243,1,199,0.0,199.0,95,104.0
106515,2026-03-10,18,8,155,2,24,0.0,48.0,16,32.0
106516,2026-05-29,18,10,254,2,24,0.0,48.0,16,32.0
106517,2025-01-31,7,5,137,1,599,0.0,599.0,260,339.0
106518,2025-11-29,8,6,332,1,349,68.4,280.6,150,130.6
106518,2025-11-29,5,6,332,1,349,54.79,294.21,180,114.21
106519,2024-09-18,11,3,126,3,129,0.0,387.0,135,252.0
106520,2025-11-01,15,6,53,1,35,0.0,35.0,12,23.0
106521,2025-02-20,17,3,108,2,89,0.0,178.0,60,118.0
106521,2025-02-20,16,3,108,1,39,0.0,39.0,15,24.0
106522,2024-01-09,10,3,268,1,149,0.0,149.0,60,89.0
106523,2026-07-22,17,4,49,1,89,0.0,89.0,30,59.0
106524,2026-05-05,19,1,222,1,99,15.13,83.87,35,48.87
106524,2026-05-05,7,1,222,2,599,0.0,1198.0,520,678.0
106524,2026-05-05,4,1,222,2,399,0.0,798.0,420,378.0
106525,2024-11-14,11,1,318,2,129,44.35,213.65,90,123.65
106526,2026-08-29,1,4,271,1,999,0.0,999.0,620,379.0
106527,2024-12-04,5,3,204,1,349,83.88,265.12,180,85.12
106528,2025-04-25,1,7,215,1,999,0.0,999.0,620,379.0
106529,2026-04-20,14,8,231,2,49,0.0,98.0,36,62.0
106530,2024-11-24,11,3,399,1,129,17.65,111.35,45,66.35
106530,2024-11-24,5,3,399,1,349,0.0,349.0,180,169.0
106531,2025-04-17,8,6,395,1,349,0.0,349.0,150,199.0
106532,2025-11-11,18,7,173,2,24,0.0,48.0,16,32.0
106533,2024-05-31,8,6,252,1,349,0.0,349.0,150,199.0
106534,2025-03-18,13,1,162,1,199,0.0,199.0,95,104.0
106534,2025-03-18,7,1,162,1,599,0.0,599.0,260,339.0
106535,2024-11-28,16,8,318,1,39,0.0,39.0,15,24.0
106535,2024-11-28,14,8,318,1,49,0.0,49.0,18,31.0
106536,2025-11-19,7,5,93,1,599,0.0,599.0,260,339.0
106537,2024-06-06,16,10,279,2,39,0.0,78.0,30,48.0
106537,2024-06-06,2,10,279,2,799,0.0,1598.0,960,638.0
106538,2024-09-21,10,6,231,1,149,0.0,149.0,60,89.0
106538,2024-09-21,8,6,231,1,349,0.0,349.0,150,199.0
106538,2024-09-21,5,6,231,1,349,0.0,349.0,180,169.0
106539,2025-12-13,18,8,394,1,24,0.0,24.0,8,16.0
106539,2025-12-13,5,8,394,2,349,0.0,698.0,360,338.0
106540,2024-06-29,2,5,211,1,799,0.0,799.0,480,319.0
106541,2025-03-18,4,10,346,1,399,0.0,399.0,210,189.0
106542,2025-12-14,12,2,35,1,279,0.0,279.0,140,139.0
106543,2026-01-27,17,5,63,1,89,0.0,89.0,30,59.0
106543,2026-01-27,2,5,63,2,799,0.0,1598.0,960,638.0
106543,2026-01-27,6,5,63,1,249,0.0,249.0,120,129.0
106544,2024-04-24,12,6,209,1,279,46.77,232.23,140,92.23
106544,2024-04-24,13,6,209,1,199,0.0,199.0,95,104.0
106545,2026-04-21,3,5,357,2,649,0.0,1298.0,700,598.0
106546,2025-12-21,13,10,191,1,199,0.0,199.0,95,104.0
106547,2024-12-20,12,2,145,1,279,0.0,279.0,140,139.0
106548,2026-01-25,10,5,178,1,149,0.0,149.0,60,89.0
106549,2025-12-24,4,1,147,1,399,0.0,399.0,210,189.0
106550,2025-09-16,7,9,201,3,599,0.0,1797.0,780,1017.0
106550,2025-09-16,6,9,201,2,249,0.0,498.0,240,258.0
106551,2025-08-05,19,5,340,1,99,10.24,88.76,35,53.76
106552,2025-12-29,9,2,90,2,79,34.75,123.25,50,73.25
106553,2026-08-31,12,5,170,1,279,0.0,279.0,140,139.0
106553,2026-08-31,18,5,170,2,24,7.89,40.11,16,24.11
106553,2026-08-31,14,5,170,2,49,0.0,98.0,36,62.0
106554,2025-08-25,15,1,336,1,35,0.0,35.0,12,23.0
106554,2025-08-25,2,1,336,1,799,0.0,799.0,480,319.0
106555,2026-03-12,6,5,132,1,249,0.0,249.0,120,129.0
106556,2026-01-06,17,9,289,1,89,0.0,89.0,30,59.0
106557,2026-04-24,3,5,181,1,649,0.0,649.0,350,299.0
106558,2026-07-21,1,4,64,1,999,0.0,999.0,620,379.0
106558,2026-07-21,13,4,64,1,199,0.0,199.0,95,104.0
106559,2024-08-10,18,6,170,1,24,0.0,24.0,8,16.0
106560,2024-07-09,5,2,241,2,349,0.0,698.0,360,338.0
106561,2025-09-02,17,5,76,1,89,0.0,89.0,30,59.0
106562,2025-04-15,11,2,165,1,129,0.0,129.0,45,84.0
106562,2025-04-15,2,2,165,1,799,0.0,799.0,480,319.0
106563,2025-08-17,13,6,106,3,199,0.0,597.0,285,312.0
106563,2025-08-17,12,6,106,1,279,0.0,279.0,140,139.0
106563,2025-08-17,9,6,106,2,79,0.0,158.0,50,108.0
106564,2026-03-02,13,7,154,1,199,0.0,199.0,95,104.0
106565,2026-06-30,5,3,87,2,349,74.62,623.38,360,263.38
106566,2025-03-13,3,2,201,1,649,0.0,649.0,350,299.0
106566,2025-03-13,19,2,201,1,99,19.8,79.2,35,44.2
106567,2025-12-17,19,2,329,1,99,0.0,99.0,35,64.0
106568,2024-08-14,7,10,273,1,599,34.0,565.0,260,305.0
106569,2025-07-10,12,7,177,1,279,0.0,279.0,140,139.0
106569,2025-07-10,1,7,177,2,999,0.0,1998.0,1240,758.0
106570,2024-01-27,13,2,186,2,199,0.0,398.0,190,208.0
106570,2024-01-27,11,2,186,1,129,0.0,129.0,45,84.0
106571,2025-06-08,1,3,332,2,999,250.7,1747.3,1240,507.3
106572,2025-07-22,14,4,366,1,49,0.0,49.0,18,31.0
106573,2025-12-29,12,5,35,2,279,65.69,492.31,280,212.31
106574,2025-10-30,8,2,117,2,349,0.0,698.0,300,398.0
106575,2025-01-04,15,10,99,1,35,0.0,35.0,12,23.0
106576,2024-01-08,3,10,250,1,649,0.0,649.0,350,299.0
106577,2024-05-15,15,7,374,1,35,0.0,35.0,12,23.0
106577,2024-05-15,20,7,374,2,179,0.0,358.0,140,218.0
106577,2024-05-15,3,7,374,3,649,0.0,1947.0,1050,897.0
106578,2026-08-07,3,8,378,1,649,0.0,649.0,350,299.0
106579,2026-06-21,4,9,364,1,399,0.0,399.0,210,189.0
106579,2026-06-21,15,9,364,1,35,0.0,35.0,12,23.0
106579,2026-06-21,14,9,364,1,49,10.77,38.23,18,20.23
106580,2024-12-09,19,4,349,2,99,0.0,198.0,70,128.0
106580,2024-12-09,20,4,349,1,179,0.0,179.0,70,109.0
106581,2024-10-17,12,10,247,1,279,0.0,279.0,140,139.0
106582,2025-04-02,3,2,172,1,649,0.0,649.0,350,299.0
106583,2025-11-29,11,9,395,1,129,0.0,129.0,45,84.0
106583,2025-11-29,13,9,395,1,199,0.0,199.0,95,104.0
106584,2025-01-02,16,9,188,1,39,8.82,30.18,15,15.18
106585,2024-03-24,1,7,130,2,999,233.83,1764.17,1240,524.17
106585,2024-03-24,4,7,130,1,399,0.0,399.0,210,189.0
106585,2024-03-24,9,7,130,2,79,0.0,158.0,50,108.0
106586,2025-02-25,14,1,281,1,49,0.0,49.0,18,31.0
106587,2024-10-19,6,5,238,2,249,0.0,498.0,240,258.0
106588,2024-12-09,8,5,267,1,349,0.0,349.0,150,199.0
106589,2024-07-06,19,1,275,1,99,0.0,99.0,35,64.0
106590,2025-11-06,13,4,387,2,199,47.98,350.02,190,160.02
106591,2025-07-02,16,5,231,1,39,0.0,39.0,15,24.0
106592,2024-10-28,13,8,203,1,199,0.0,199.0,95,104.0
106593,2025-07-31,12,9,89,1,279,49.95,229.05,140,89.05
106594,2025-05-28,16,7,385,1,39,0.0,39.0,15,24.0
106594,2025-05-28,9,7,385,2,79,13.39,144.61,50,94.61
106595,2026-02-28,20,10,264,2,179,0.0,358.0,140,218.0
106596,2026-07-23,20,1,127,2,179,0.0,358.0,140,218.0
106597,2024-05-31,18,10,110,3,24,0.0,72.0,24,48.0
106598,2026-05-19,10,4,69,2,149,53.55,244.45,120,124.45
106599,2025-12-09,10,3,11,1,149,0.0,149.0,60,89.0
106599,2025-12-09,6,3,11,2,249,96.11,401.89,240,161.89
106600,2025-11-30,16,1,266,1,39,0.0,39.0,15,24.0
106600,2025-11-30,2,1,266,1,799,0.0,799.0,480,319.0
106601,2025-01-22,18,7,28,1,24,0.0,24.0,8,16.0
106602,2024-12-23,6,4,135,1,249,0.0,249.0,120,129.0
106603,2024-01-07,7,6,389,1,599,0.0,599.0,260,339.0
106603,2024-01-07,17,6,389,1,89,0.0,89.0,30,59.0
106604,2026-08-16,8,1,143,3,349,0.0,1047.0,450,597.0
106605,2025-09-22,3,1,346,3,649,0.0,1947.0,1050,897.0
106605,2025-09-22,16,1,346,1,39,6.86,32.14,15,17.14
106605,2025-09-22,5,1,346,2,349,0.0,698.0,360,338.0
106606,2025-02-24,9,6,10,1,79,0.0,79.0,25,54.0
106607,2025-07-20,11,3,118,1,129,9.97,119.03,45,74.03
106608,2024-02-21,3,3,134,1,649,0.0,649.0,350,299.0
106608,2024-02-21,19,3,134,1,99,0.0,99.0,35,64.0
106609,2024-07-19,20,1,249,1,179,0.0,179.0,70,109.0
106610,2025-10-07,20,4,207,2,179,0.0,358.0,140,218.0
106610,2025-10-07,14,4,207,1,49,0.0,49.0,18,31.0
106611,2025-06-19,10,9,322,1,149,0.0,149.0,60,89.0
106611,2025-06-19,8,9,322,1,349,0.0,349.0,150,199.0
106612,2026-02-19,5,9,180,1,349,0.0,349.0,180,169.0
106613,2025-11-06,6,4,332,1,249,0.0,249.0,120,129.0
106614,2025-09-17,3,5,393,1,649,0.0,649.0,350,299.0
106615,2026-03-18,14,6,294,1,49,9.69,39.31,18,21.31
106616,2024-03-25,20,2,169,1,179,0.0,179.0,70,109.0
106617,2025-11-29,9,4,102,1,79,19.17,59.83,25,34.83
106617,2025-11-29,8,4,102,1,349,0.0,349.0,150,199.0
106618,2025-12-16,10,7,376,1,149,0.0,149.0,60,89.0
106619,2024-11-01,18,9,143,1,24,5.09,18.91,8,10.91
106620,2024-08-13,3,10,138,1,649,0.0,649.0,350,299.0
106621,2024-09-02,8,8,370,2,349,0.0,698.0,300,398.0
106622,2024-08-15,7,8,8,1,599,0.0,599.0,260,339.0
106622,2024-08-15,14,8,8,1,49,0.0,49.0,18,31.0
106623,2025-06-29,19,3,38,2,99,0.0,198.0,70,128.0
106624,2024-06-06,18,7,265,2,24,0.0,48.0,16,32.0
106624,2024-06-06,8,7,265,1,349,0.0,349.0,150,199.0
106625,2025-11-07,19,2,278,1,99,24.1,74.9,35,39.9
106626,2024-05-05,19,8,95,2,99,19.3,178.7,70,108.7
106626,2024-05-05,6,8,95,1,249,0.0,249.0,120,129.0
106627,2024-02-03,17,10,217,3,89,0.0,267.0,90,177.0
106628,2024-12-05,20,7,321,1,179,31.39,147.61,70,77.61
106629,2024-08-08,10,2,75,1,149,0.0,149.0,60,89.0
106630,2026-08-21,4,7,83,1,399,0.0,399.0,210,189.0
106631,2024-11-23,12,8,382,1,279,20.86,258.14,140,118.14
106632,2024-09-10,3,1,56,2,649,0.0,1298.0,700,598.0
106633,2024-08-14,5,1,172,2,349,0.0,698.0,360,338.0
106634,2025-01-21,10,2,24,1,149,0.0,149.0,60,89.0
106635,2025-09-21,17,10,38,1,89,0.0,89.0,30,59.0
106636,2026-02-13,7,3,52,1,599,138.88,460.12,260,200.12
106637,2025-01-11,9,6,15,1,79,0.0,79.0,25,54.0
106637,2025-01-11,13,6,15,1,199,0.0,199.0,95,104.0
106638,2025-10-10,5,10,66,1,349,82.81,266.19,180,86.19
106639,2025-05-18,20,4,267,1,179,0.0,179.0,70,109.0
106640,2026-04-16,14,5,358,2,49,0.0,98.0,36,62.0
106641,2025-08-16,17,1,65,1,89,11.47,77.53,30,47.53
106642,2024-11-13,11,3,382,3,129,0.0,387.0,135,252.0
106642,2024-11-13,6,3,382,2,249,69.58,428.42,240,188.42
106643,2025-12-08,10,3,296,1,149,18.34,130.66,60,70.66
106644,2026-03-23,9,5,255,2,79,0.0,158.0,50,108.0
106645,2025-05-02,16,2,342,1,39,0.0,39.0,15,24.0
106646,2026-08-20,1,10,37,1,999,95.91,903.09,620,283.09
106647,2026-05-15,17,1,201,1,89,0.0,89.0,30,59.0
106648,2024-08-14,10,1,230,1,149,9.38,139.62,60,79.62
106649,2026-02-18,18,9,358,1,24,0.0,24.0,8,16.0
106650,2025-09-16,6,7,178,1,249,0.0,249.0,120,129.0
106651,2025-07-11,14,6,337,1,49,0.0,49.0,18,31.0
106652,2025-06-19,4,7,331,1,399,0.0,399.0,210,189.0
106653,2026-04-22,17,3,162,1,89,0.0,89.0,30,59.0
106653,2026-04-22,7,3,162,1,599,78.67,520.33,260,260.33
106654,2025-09-26,10,10,143,1,149,0.0,149.0,60,89.0
106655,2025-07-14,12,8,321,2,279,0.0,558.0,280,278.0
106656,2024-03-02,13,2,374,2,199,0.0,398.0,190,208.0
106657,2025-04-14,19,2,49,1,99,0.0,99.0,35,64.0
106658,2026-06-09,10,3,305,1,149,0.0,149.0,60,89.0
106659,2025-12-13,8,5,389,1,349,0.0,349.0,150,199.0
106660,2024-03-05,19,3,40,1,99,0.0,99.0,35,64.0
106660,2024-03-05,4,3,40,1,399,0.0,399.0,210,189.0
106661,2026-05-19,4,4,295,2,399,0.0,798.0,420,378.0
106662,2026-03-29,19,6,151,1,99,0.0,99.0,35,64.0
106663,2025-07-23,1,6,152,1,999,0.0,999.0,620,379.0
106663,2025-07-23,4,6,152,2,399,92.73,705.27,420,285.27
106663,2025-07-23,2,6,152,1,799,132.57,666.43,480,186.43
106664,2024-01-28,9,7,356,2,79,11.05,146.95,50,96.95
106664,2024-01-28,2,7,356,1,799,0.0,799.0,480,319.0
106664,2024-01-28,18,7,356,1,24,0.0,24.0,8,16.0
106665,2025-08-09,17,4,269,1,89,5.58,83.42,30,53.42
106665,2025-08-09,10,4,269,2,149,0.0,298.0,120,178.0
106666,2024-03-09,15,1,45,1,35,0.0,35.0,12,23.0
106666,2024-03-09,4,1,45,1,399,21.85,377.15,210,167.15
106667,2024-12-06,19,1,315,1,99,20.76,78.24,35,43.24
106668,2025-10-12,10,7,202,1,149,0.0,149.0,60,89.0
106668,2025-10-12,5,7,202,2,349,0.0,698.0,360,338.0
106668,2025-10-12,13,7,202,1,199,0.0,199.0,95,104.0
106669,2026-06-13,20,3,232,1,179,0.0,179.0,70,109.0
106670,2025-01-03,19,7,141,1,99,22.86,76.14,35,41.14
106671,2026-04-28,15,10,239,2,35,0.0,70.0,24,46.0
106672,2026-06-18,8,6,35,1,349,0.0,349.0,150,199.0
106673,2024-01-26,8,7,275,2,349,112.54,585.46,300,285.46
106674,2024-09-28,9,1,33,1,79,0.0,79.0,25,54.0
106675,2025-12-12,1,9,344,1,999,0.0,999.0,620,379.0
106676,2026-01-18,6,1,214,1,249,0.0,249.0,120,129.0
106677,2025-02-12,19,2,386,2,99,0.0,198.0,70,128.0
106677,2025-02-12,20,2,386,1,179,0.0,179.0,70,109.0
106677,2025-02-12,17,2,386,2,89,0.0,178.0,60,118.0
106678,2025-11-05,3,4,224,1,649,0.0,649.0,350,299.0
106678,2025-11-05,15,4,224,1,35,0.0,35.0,12,23.0
106679,2025-09-27,12,7,188,1,279,0.0,279.0,140,139.0
106679,2025-09-27,16,7,188,1,39,0.0,39.0,15,24.0
106680,2026-01-01,9,10,79,1,79,0.0,79.0,25,54.0
106680,2026-01-01,20,10,79,2,179,0.0,358.0,140,218.0
106681,2025-12-18,5,9,76,1,349,0.0,349.0,180,169.0
106681,2025-12-18,13,9,76,3,199,0.0,597.0,285,312.0
106682,2024-04-14,4,9,302,1,399,0.0,399.0,210,189.0
106683,2024-07-01,12,7,237,1,279,0.0,279.0,140,139.0
106683,2024-07-01,18,7,237,1,24,0.0,24.0,8,16.0
106684,2024-06-03,3,2,48,1,649,0.0,649.0,350,299.0
106685,2026-06-30,5,2,105,1,349,0.0,349.0,180,169.0
106686,2026-06-13,17,10,108,1,89,0.0,89.0,30,59.0
106686,2026-06-13,12,10,108,1,279,0.0,279.0,140,139.0
106687,2026-03-02,14,9,210,1,49,0.0,49.0,18,31.0
106688,2024-05-17,18,2,395,1,24,0.0,24.0,8,16.0
106689,2025-08-21,12,5,347,2,279,0.0,558.0,280,278.0
106690,2024-08-03,2,1,370,2,799,0.0,1598.0,960,638.0
106691,2025-01-15,16,8,77,2,39,0.0,78.0,30,48.0
106692,2024-10-25,18,3,256,2,24,0.0,48.0,16,32.0
106693,2026-03-31,12,7,161,1,279,0.0,279.0,140,139.0
106694,2024-06-16,11,8,51,1,129,0.0,129.0,45,84.0
106694,2024-06-16,18,8,51,1,24,0.0,24.0,8,16.0
106694,2024-06-16,6,8,51,1,249,0.0,249.0,120,129.0
106695,2025-10-27,5,1,51,3,349,0.0,1047.0,540,507.0
106695,2025-10-27,9,1,51,2,79,0.0,158.0,50,108.0
106695,2025-10-27,8,1,51,1,349,0.0,349.0,150,199.0
106696,2026-08-17,10,5,32,2,149,0.0,298.0,120,178.0
106697,2025-11-27,13,7,89,1,199,23.29,175.71,95,80.71
106697,2025-11-27,6,7,89,1,249,0.0,249.0,120,129.0
106698,2024-04-06,3,10,236,3,649,0.0,1947.0,1050,897.0
106699,2026-06-08,5,7,183,2,349,0.0,698.0,360,338.0
106699,2026-06-08,15,7,183,2,35,16.97,53.03,24,29.03
106700,2025-10-25,13,10,52,1,199,0.0,199.0,95,104.0
106700,2025-10-25,11,10,52,2,129,0.0,258.0,90,168.0
106701,2025-04-23,6,5,114,1,249,0.0,249.0,120,129.0
106701,2025-04-23,13,5,114,2,199,0.0,398.0,190,208.0
106702,2025-11-07,19,2,34,1,99,0.0,99.0,35,64.0
106702,2025-11-07,2,2,34,1,799,0.0,799.0,480,319.0
106703,2026-05-14,18,3,227,1,24,0.0,24.0,8,16.0
106703,2026-05-14,9,3,227,1,79,0.0,79.0,25,54.0
106704,2025-05-13,8,6,347,1,349,0.0,349.0,150,199.0
106705,2025-07-07,14,2,23,1,49,0.0,49.0,18,31.0
106705,2025-07-07,3,2,23,1,649,0.0,649.0,350,299.0
106706,2025-04-19,10,6,290,1,149,0.0,149.0,60,89.0
106707,2024-03-30,10,9,235,2,149,0.0,298.0,120,178.0
106708,2026-02-19,9,10,342,3,79,0.0,237.0,75,162.0
106709,2024-05-27,14,4,43,1,49,0.0,49.0,18,31.0
106710,2025-02-15,8,6,133,2,349,0.0,698.0,300,398.0
106711,2025-02-05,16,9,261,1,39,0.0,39.0,15,24.0
106712,2024-11-05,5,6,295,2,349,81.69,616.31,360,256.31
106713,2025-02-24,8,8,136,2,349,0.0,698.0,300,398.0
106714,2025-10-03,11,10,378,1,129,0.0,129.0,45,84.0
106715,2024-11-29,11,8,397,1,129,0.0,129.0,45,84.0
106715,2024-11-29,8,8,397,1,349,0.0,349.0,150,199.0
106716,2024-07-17,14,8,313,1,49,0.0,49.0,18,31.0
106717,2026-05-06,16,1,367,1,39,0.0,39.0,15,24.0
106717,2026-05-06,17,1,367,1,89,0.0,89.0,30,59.0
106718,2026-08-05,18,9,294,1,24,0.0,24.0,8,16.0
106718,2026-08-05,4,9,294,1,399,0.0,399.0,210,189.0
106719,2025-04-25,5,2,67,2,349,0.0,698.0,360,338.0
106720,2024-12-11,4,4,393,1,399,43.9,355.1,210,145.1
106721,2024-03-01,6,7,87,1,249,0.0,249.0,120,129.0
106722,2024-02-16,16,10,305,1,39,0.0,39.0,15,24.0
106723,2025-02-13,4,4,21,1,399,0.0,399.0,210,189.0
106723,2025-02-13,15,4,21,1,35,0.0,35.0,12,23.0
106723,2025-02-13,5,4,21,1,349,0.0,349.0,180,169.0
106724,2026-06-28,15,8,161,1,35,0.0,35.0,12,23.0
106725,2025-12-26,17,6,172,1,89,0.0,89.0,30,59.0
106726,2024-12-27,8,6,71,1,349,52.16,296.84,150,146.84
106727,2026-08-03,5,3,237,2,349,0.0,698.0,360,338.0
106728,2025-03-25,10,3,93,2,149,0.0,298.0,120,178.0
106729,2024-11-03,2,8,289,1,799,0.0,799.0,480,319.0
106729,2024-11-03,14,8,289,1,49,10.74,38.26,18,20.26
106730,2025-03-22,9,2,226,1,79,0.0,79.0,25,54.0
106730,2025-03-22,11,2,226,1,129,0.0,129.0,45,84.0
106731,2024-08-30,8,1,199,1,349,0.0,349.0,150,199.0
106731,2024-08-30,1,1,199,1,999,0.0,999.0,620,379.0
106732,2026-05-20,1,1,276,1,999,0.0,999.0,620,379.0
106733,2025-01-07,17,10,239,2,89,0.0,178.0,60,118.0
106734,2025-11-06,1,1,374,1,999,187.37,811.63,620,191.63
106735,2025-02-08,10,6,159,1,149,23.61,125.39,60,65.39
106736,2026-06-03,15,8,380,2,35,0.0,70.0,24,46.0
106736,2026-06-03,18,8,380,2,24,0.0,48.0,16,32.0
106737,2025-10-24,18,6,118,1,24,0.0,24.0,8,16.0
106737,2025-10-24,9,6,118,2,79,0.0,158.0,50,108.0
106738,2025-05-24,8,5,204,1,349,63.11,285.89,150,135.89
106739,2024-06-02,2,3,192,1,799,0.0,799.0,480,319.0
106740,2026-06-03,1,6,183,2,999,0.0,1998.0,1240,758.0
106741,2025-07-23,3,7,254,2,649,0.0,1298.0,700,598.0
106742,2024-11-09,6,4,113,1,249,52.76,196.24,120,76.24
106743,2026-05-14,7,4,377,1,599,0.0,599.0,260,339.0
106743,2026-05-14,5,4,377,1,349,0.0,349.0,180,169.0
106744,2024-03-09,10,4,331,3,149,0.0,447.0,180,267.0
106745,2024-12-01,6,10,322,1,249,0.0,249.0,120,129.0
106746,2025-07-13,17,10,188,1,89,0.0,89.0,30,59.0
106747,2024-12-20,18,4,66,1,24,2.22,21.78,8,13.78
106747,2024-12-20,1,4,66,1,999,0.0,999.0,620,379.0
106748,2025-05-13,11,2,178,1,129,0.0,129.0,45,84.0
106749,2024-10-22,5,1,151,1,349,0.0,349.0,180,169.0
106749,2024-10-22,7,1,151,1,599,0.0,599.0,260,339.0
106750,2024-05-31,16,4,153,3,39,0.0,117.0,45,72.0
106751,2024-02-16,16,8,359,1,39,0.0,39.0,15,24.0
106752,2024-06-30,16,3,325,2,39,0.0,78.0,30,48.0
106753,2026-07-20,5,9,397,1,349,0.0,349.0,180,169.0
106754,2025-08-22,16,10,73,1,39,4.09,34.91,15,19.91
106755,2025-05-25,19,8,351,1,99,0.0,99.0,35,64.0
106756,2025-02-02,14,4,189,1,49,0.0,49.0,18,31.0
106756,2025-02-02,1,4,189,1,999,0.0,999.0,620,379.0
106757,2025-12-11,1,3,105,2,999,0.0,1998.0,1240,758.0
106758,2024-06-12,6,4,135,1,249,0.0,249.0,120,129.0
106758,2024-06-12,9,4,135,1,79,12.97,66.03,25,41.03
106759,2024-11-02,9,1,35,1,79,0.0,79.0,25,54.0
106760,2025-11-04,1,10,321,1,999,106.57,892.43,620,272.43
106761,2025-05-15,1,1,221,1,999,127.88,871.12,620,251.12
106762,2026-02-01,17,4,33,1,89,14.18,74.82,30,44.82
106763,2026-05-30,7,1,376,1,599,65.7,533.3,260,273.3
106764,2026-03-26,1,3,58,2,999,0.0,1998.0,1240,758.0
106765,2024-07-31,11,5,109,1,129,0.0,129.0,45,84.0
106765,2024-07-31,13,5,109,2,199,0.0,398.0,190,208.0
106766,2024-04-20,11,2,316,2,129,0.0,258.0,90,168.0
106767,2024-07-14,14,5,28,1,49,0.0,49.0,18,31.0
106768,2026-02-15,13,8,229,1,199,0.0,199.0,95,104.0
106769,2026-06-14,11,8,261,2,129,0.0,258.0,90,168.0
106769,2026-06-14,20,8,261,2,179,0.0,358.0,140,218.0
106770,2026-06-24,9,4,304,1,79,0.0,79.0,25,54.0
106771,2024-11-19,16,8,34,1,39,0.0,39.0,15,24.0
106772,2026-04-11,3,3,368,1,649,0.0,649.0,350,299.0
106773,2025-07-12,4,10,364,1,399,50.28,348.72,210,138.72
106774,2026-03-26,18,3,71,1,24,2.15,21.85,8,13.85
106775,2025-07-25,18,5,35,1,24,0.0,24.0,8,16.0
106775,2025-07-25,10,5,35,2,149,0.0,298.0,120,178.0
106776,2024-06-17,6,5,283,2,249,0.0,498.0,240,258.0
106777,2024-04-06,9,5,179,2,79,0.0,158.0,50,108.0
106778,2026-07-24,2,8,266,1,799,0.0,799.0,480,319.0
106779,2025-03-22,4,6,319,2,399,0.0,798.0,420,378.0
106779,2025-03-22,20,6,319,1,179,0.0,179.0,70,109.0
106780,2024-12-28,10,1,287,1,149,0.0,149.0,60,89.0
106781,2025-01-01,12,1,56,1,279,39.95,239.05,140,99.05
106781,2025-01-01,14,1,56,2,49,0.0,98.0,36,62.0
106782,2025-01-27,20,5,107,1,179,0.0,179.0,70,109.0
106782,2025-01-27,4,5,107,1,399,0.0,399.0,210,189.0
106783,2026-07-12,20,4,231,1,179,0.0,179.0,70,109.0
106784,2024-03-18,4,2,300,1,399,0.0,399.0,210,189.0
106784,2024-03-18,1,2,300,1,999,0.0,999.0,620,379.0
106785,2024-05-19,20,8,195,1,179,0.0,179.0,70,109.0
106786,2026-02-21,9,10,154,1,79,15.47,63.53,25,38.53
106786,2026-02-21,11,10,154,1,129,0.0,129.0,45,84.0
106787,2025-07-26,16,7,252,2,39,0.0,78.0,30,48.0
106788,2024-05-29,3,2,270,2,649,0.0,1298.0,700,598.0
106788,2024-05-29,16,2,270,1,39,0.0,39.0,15,24.0
106788,2024-05-29,6,2,270,1,249,0.0,249.0,120,129.0
106789,2024-02-13,8,7,293,1,349,0.0,349.0,150,199.0
106790,2024-09-12,3,1,12,1,649,0.0,649.0,350,299.0
106791,2024-10-19,5,1,266,1,349,0.0,349.0,180,169.0
106792,2024-01-18,7,1,311,2,599,0.0,1198.0,520,678.0
106793,2024-09-04,11,3,305,1,129,0.0,129.0,45,84.0
106793,2024-09-04,3,3,305,1,649,0.0,649.0,350,299.0
106794,2025-12-31,18,6,274,1,24,0.0,24.0,8,16.0
106795,2026-04-24,1,2,69,2,999,0.0,1998.0,1240,758.0
106796,2026-05-31,5,8,290,1,349,0.0,349.0,180,169.0
106796,2026-05-31,10,8,290,1,149,22.47,126.53,60,66.53
106796,2026-05-31,12,8,290,2,279,0.0,558.0,280,278.0
106797,2025-02-09,12,4,171,1,279,59.66,219.34,140,79.34
106798,2024-12-05,9,5,51,3,79,0.0,237.0,75,162.0
106799,2026-08-31,3,8,349,1,649,0.0,649.0,350,299.0
106799,2026-08-31,6,8,349,1,249,0.0,249.0,120,129.0
106800,2026-01-31,10,2,52,1,149,0.0,149.0,60,89.0
106801,2025-07-13,15,3,281,1,35,0.0,35.0,12,23.0
106801,2025-07-13,14,3,281,2,49,0.0,98.0,36,62.0
106801,2025-07-13,10,3,281,1,149,25.55,123.45,60,63.45
106802,2024-10-13,13,4,169,2,199,0.0,398.0,190,208.0
106803,2024-12-07,8,10,316,1,349,0.0,349.0,150,199.0
106804,2025-06-20,19,9,58,1,99,0.0,99.0,35,64.0
106805,2025-07-18,14,7,182,1,49,0.0,49.0,18,31.0
106806,2024-01-17,11,1,244,1,129,0.0,129.0,45,84.0
106807,2026-07-26,4,8,155,1,399,52.07,346.93,210,136.93
106807,2026-07-26,3,8,155,1,649,0.0,649.0,350,299.0
106808,2025-08-22,1,10,248,1,999,0.0,999.0,620,379.0
106808,2025-08-22,7,10,248,1,599,0.0,599.0,260,339.0
106809,2025-09-05,7,1,284,1,599,0.0,599.0,260,339.0
106810,2024-08-30,5,1,81,2,349,0.0,698.0,360,338.0
106810,2024-08-30,2,1,81,2,799,0.0,1598.0,960,638.0
106811,2026-01-27,10,10,107,1,149,0.0,149.0,60,89.0
106812,2025-12-30,15,10,295,1,35,3.45,31.55,12,19.55
106812,2025-12-30,8,10,295,1,349,0.0,349.0,150,199.0
106813,2024-04-24,3,8,271,1,649,0.0,649.0,350,299.0
106814,2025-09-11,18,9,291,1,24,0.0,24.0,8,16.0
106815,2025-11-06,16,4,68,2,39,0.0,78.0,30,48.0
106815,2025-11-06,18,4,68,3,24,14.2,57.8,24,33.8
106816,2026-04-06,4,10,352,1,399,0.0,399.0,210,189.0
106817,2024-08-24,8,8,361,1,349,0.0,349.0,150,199.0
106818,2026-05-13,5,5,182,2,349,0.0,698.0,360,338.0
106818,2026-05-13,14,5,182,1,49,0.0,49.0,18,31.0
106819,2025-04-28,6,10,265,1,249,0.0,249.0,120,129.0
106820,2024-04-25,11,8,264,1,129,0.0,129.0,45,84.0
106820,2024-04-25,5,8,264,2,349,0.0,698.0,360,338.0
106821,2024-05-05,8,4,288,2,349,0.0,698.0,300,398.0
106822,2024-08-15,10,1,109,1,149,0.0,149.0,60,89.0
106823,2024-11-07,18,9,314,1,24,2.38,21.62,8,13.62
106824,2025-06-01,18,1,274,2,24,0.0,48.0,16,32.0
106825,2026-01-10,14,2,362,1,49,0.0,49.0,18,31.0
106825,2026-01-10,9,2,362,1,79,0.0,79.0,25,54.0
106826,2024-08-03,20,6,343,1,179,0.0,179.0,70,109.0
106827,2026-08-25,19,5,396,1,99,0.0,99.0,35,64.0
106828,2024-07-05,15,1,86,1,35,0.0,35.0,12,23.0
106829,2025-09-15,5,8,361,1,349,0.0,349.0,180,169.0
106830,2026-06-27,15,6,171,2,35,0.0,70.0,24,46.0
106831,2026-04-04,19,3,111,1,99,23.19,75.81,35,40.81
106832,2025-10-29,3,8,285,1,649,0.0,649.0,350,299.0
106833,2025-12-16,6,1,14,1,249,0.0,249.0,120,129.0
106833,2025-12-16,15,1,14,1,35,0.0,35.0,12,23.0
106834,2024-06-04,9,8,102,2,79,0.0,158.0,50,108.0
106834,2024-06-04,7,8,102,1,599,105.33,493.67,260,233.67
106834,2024-06-04,1,8,102,2,999,0.0,1998.0,1240,758.0
106835,2024-01-12,12,8,42,1,279,0.0,279.0,140,139.0
106835,2024-01-12,19,8,42,2,99,0.0,198.0,70,128.0
106836,2025-03-31,1,8,360,1,999,0.0,999.0,620,379.0
106837,2024-04-18,6,8,133,1,249,0.0,249.0,120,129.0
106837,2024-04-18,3,8,133,1,649,0.0,649.0,350,299.0
106837,2024-04-18,10,8,133,1,149,0.0,149.0,60,89.0
106838,2025-01-03,16,2,118,2,39,0.0,78.0,30,48.0
106838,2025-01-03,2,2,118,2,799,397.92,1200.08,960,240.08
106839,2024-09-12,11,2,125,1,129,0.0,129.0,45,84.0
106839,2024-09-12,16,2,125,1,39,0.0,39.0,15,24.0
106840,2026-06-16,15,1,102,1,35,0.0,35.0,12,23.0
106841,2026-05-15,8,2,89,2,349,0.0,698.0,300,398.0
106841,2026-05-15,3,2,89,1,649,134.92,514.08,350,164.08
106842,2026-03-22,7,8,399,1,599,0.0,599.0,260,339.0
106842,2026-03-22,14,8,399,1,49,0.0,49.0,18,31.0
106843,2025-12-15,18,9,79,1,24,0.0,24.0,8,16.0
106844,2024-06-26,16,2,18,1,39,0.0,39.0,15,24.0
106845,2024-03-02,1,9,90,1,999,0.0,999.0,620,379.0
106846,2025-11-03,16,6,251,1,39,0.0,39.0,15,24.0
106847,2025-10-24,4,3,374,2,399,63.8,734.2,420,314.2
106848,2025-01-16,9,4,380,1,79,0.0,79.0,25,54.0
106849,2025-05-09,13,1,248,1,199,40.89,158.11,95,63.11
106850,2025-05-25,13,8,362,2,199,0.0,398.0,190,208.0
106851,2024-09-29,16,6,300,1,39,0.0,39.0,15,24.0
106852,2024-12-02,1,1,184,2,999,0.0,1998.0,1240,758.0
106853,2025-03-14,1,8,304,1,999,0.0,999.0,620,379.0
106854,2025-09-18,8,7,151,1,349,0.0,349.0,150,199.0
106854,2025-09-18,3,7,151,1,649,54.46,594.54,350,244.54
106855,2026-07-22,15,4,266,1,35,0.0,35.0,12,23.0
106855,2026-07-22,18,4,266,1,24,0.0,24.0,8,16.0
106856,2025-07-14,6,7,125,1,249,0.0,249.0,120,129.0
106857,2025-12-26,1,10,356,2,999,190.46,1807.54,1240,567.54
106857,2025-12-26,3,10,356,1,649,0.0,649.0,350,299.0
106858,2026-03-11,5,1,180,2,349,0.0,698.0,360,338.0
106859,2024-05-13,17,2,164,1,89,0.0,89.0,30,59.0
106859,2024-05-13,19,2,164,1,99,0.0,99.0,35,64.0
106860,2025-11-02,7,8,149,1,599,140.28,458.72,260,198.72
106861,2025-05-18,17,9,24,1,89,18.44,70.56,30,40.56
106861,2025-05-18,9,9,24,1,79,0.0,79.0,25,54.0
106862,2025-08-19,2,10,229,1,799,0.0,799.0,480,319.0
106863,2024-02-18,13,2,64,1,199,0.0,199.0,95,104.0
106864,2026-06-07,16,10,348,1,39,0.0,39.0,15,24.0
106865,2026-07-20,1,1,127,1,999,159.18,839.82,620,219.82
106866,2024-01-05,2,3,18,1,799,0.0,799.0,480,319.0
106867,2024-08-31,1,4,281,2,999,0.0,1998.0,1240,758.0
106868,2024-07-26,12,8,350,1,279,0.0,279.0,140,139.0
106869,2026-02-13,2,3,44,1,799,0.0,799.0,480,319.0
106870,2025-09-14,1,10,35,1,999,0.0,999.0,620,379.0
106871,2024-07-23,15,5,373,2,35,0.0,70.0,24,46.0
106871,2024-07-23,12,5,373,1,279,0.0,279.0,140,139.0
106872,2026-03-17,10,4,19,1,149,0.0,149.0,60,89.0
106873,2024-12-30,14,8,15,1,49,0.0,49.0,18,31.0
106874,2025-04-27,10,6,276,2,149,0.0,298.0,120,178.0
106874,2025-04-27,8,6,276,1,349,0.0,349.0,150,199.0
106875,2025-02-06,7,9,182,1,599,0.0,599.0,260,339.0
106876,2025-06-26,9,4,340,2,79,0.0,158.0,50,108.0
106877,2025-05-16,12,10,245,1,279,0.0,279.0,140,139.0
106878,2024-11-01,11,4,304,1,129,0.0,129.0,45,84.0
106879,2025-03-21,5,8,192,1,349,0.0,349.0,180,169.0
106880,2026-06-09,2,2,15,1,799,0.0,799.0,480,319.0
106880,2026-06-09,3,2,15,1,649,0.0,649.0,350,299.0
106881,2025-06-07,8,1,44,2,349,0.0,698.0,300,398.0
106882,2026-06-16,2,3,143,2,799,379.45,1218.55,960,258.55
106883,2025-07-27,5,9,207,1,349,63.42,285.58,180,105.58
106884,2026-01-30,13,9,183,3,199,0.0,597.0,285,312.0
106885,2024-11-16,3,1,330,1,649,50.27,598.73,350,248.73
106886,2026-02-22,14,3,65,1,49,0.0,49.0,18,31.0
106887,2024-10-22,17,1,104,2,89,0.0,178.0,60,118.0
106888,2024-01-25,19,10,198,3,99,0.0,297.0,105,192.0
106889,2024-07-04,12,4,131,1,279,0.0,279.0,140,139.0
106890,2024-01-27,3,1,238,2,649,0.0,1298.0,700,598.0
106890,2024-01-27,6,1,238,1,249,0.0,249.0,120,129.0
106891,2026-07-14,4,7,115,1,399,0.0,399.0,210,189.0
106891,2026-07-14,14,7,115,1,49,0.0,49.0,18,31.0
106891,2026-07-14,12,7,115,1,279,0.0,279.0,140,139.0
106892,2026-08-31,12,7,299,2,279,0.0,558.0,280,278.0
106893,2026-01-24,12,6,335,1,279,0.0,279.0,140,139.0
106894,2024-05-08,15,9,106,1,35,0.0,35.0,12,23.0
106895,2026-05-31,11,3,225,1,129,24.19,104.81,45,59.81
106895,2026-05-31,18,3,225,2,24,0.0,48.0,16,32.0
106895,2026-05-31,14,3,225,1,49,0.0,49.0,18,31.0
106896,2026-01-05,16,6,51,2,39,0.0,78.0,30,48.0
106897,2024-12-15,12,4,21,1,279,0.0,279.0,140,139.0
106898,2025-06-07,2,7,286,1,799,0.0,799.0,480,319.0
106899,2025-11-08,17,6,227,2,89,0.0,178.0,60,118.0
106899,2025-11-08,15,6,227,1,35,0.0,35.0,12,23.0
106900,2024-01-30,17,6,17,1,89,0.0,89.0,30,59.0
106901,2025-06-06,15,6,389,1,35,0.0,35.0,12,23.0
106902,2025-12-27,13,3,104,1,199,0.0,199.0,95,104.0
106902,2025-12-27,17,3,104,1,89,0.0,89.0,30,59.0
106903,2024-08-04,8,10,261,1,349,0.0,349.0,150,199.0
106904,2025-04-10,2,1,389,1,799,0.0,799.0,480,319.0
106905,2025-07-08,9,3,181,2,79,14.76,143.24,50,93.24
106905,2025-07-08,12,3,181,1,279,0.0,279.0,140,139.0
106906,2025-12-29,11,9,243,2,129,37.43,220.57,90,130.57
106907,2026-07-31,20,1,182,2,179,0.0,358.0,140,218.0
106907,2026-07-31,12,1,182,1,279,0.0,279.0,140,139.0
106907,2026-07-31,19,1,182,1,99,13.28,85.72,35,50.72
106908,2026-04-18,5,2,389,1,349,49.31,299.69,180,119.69
106909,2025-10-06,15,10,150,3,35,0.0,105.0,36,69.0
106910,2025-08-30,7,3,161,2,599,0.0,1198.0,520,678.0
106910,2025-08-30,4,3,161,2,399,0.0,798.0,420,378.0
106910,2025-08-30,8,3,161,1,349,0.0,349.0,150,199.0
106911,2025-09-18,13,9,400,1,199,0.0,199.0,95,104.0
106912,2025-07-22,9,8,259,1,79,0.0,79.0,25,54.0
106913,2024-03-14,10,1,105,1,149,0.0,149.0,60,89.0
106914,2025-12-04,7,10,226,1,599,48.61,550.39,260,290.39
106914,2025-12-04,15,10,226,1,35,0.0,35.0,12,23.0
106914,2025-12-04,3,10,226,1,649,129.37,519.63,350,169.63
106915,2025-12-16,9,2,62,1,79,0.0,79.0,25,54.0
106915,2025-12-16,14,2,62,2,49,6.29,91.71,36,55.71
106916,2025-06-17,20,10,251,1,179,0.0,179.0,70,109.0
106916,2025-06-17,11,10,251,1,129,0.0,129.0,45,84.0
106917,2026-05-07,15,2,81,1,35,0.0,35.0,12,23.0
106918,2025-11-16,13,1,204,1,199,27.88,171.12,95,76.12
106919,2025-01-08,18,2,368,2,24,0.0,48.0,16,32.0
106920,2024-01-25,19,1,243,1,99,0.0,99.0,35,64.0
106921,2024-03-14,1,3,331,1,999,0.0,999.0,620,379.0
106922,2024-12-29,9,8,11,1,79,0.0,79.0,25,54.0
106923,2025-04-28,4,7,19,1,399,0.0,399.0,210,189.0
106924,2024-07-11,18,8,394,1,24,0.0,24.0,8,16.0
106924,2024-07-11,17,8,394,1,89,6.42,82.58,30,52.58
106924,2024-07-11,8,8,394,1,349,0.0,349.0,150,199.0
106925,2024-08-06,15,8,121,1,35,0.0,35.0,12,23.0
106925,2024-08-06,18,8,121,2,24,0.0,48.0,16,32.0
106926,2024-09-19,10,8,334,1,149,0.0,149.0,60,89.0
106926,2024-09-19,1,8,334,1,999,0.0,999.0,620,379.0
106926,2024-09-19,14,8,334,1,49,0.0,49.0,18,31.0
106927,2026-02-12,4,2,150,1,399,0.0,399.0,210,189.0
106928,2026-02-02,11,3,388,2,129,0.0,258.0,90,168.0
106929,2025-02-01,4,6,70,1,399,0.0,399.0,210,189.0
106930,2024-07-17,8,7,339,1,349,0.0,349.0,150,199.0
106931,2024-05-11,11,3,355,1,129,0.0,129.0,45,84.0
106932,2024-04-15,7,6,45,1,599,0.0,599.0,260,339.0
106932,2024-04-15,2,6,45,1,799,0.0,799.0,480,319.0
106933,2025-02-11,13,1,9,2,199,30.01,367.99,190,177.99
106934,2024-02-27,1,1,123,1,999,0.0,999.0,620,379.0
106935,2024-12-16,20,1,30,1,179,17.69,161.31,70,91.31
106935,2024-12-16,18,1,30,2,24,4.34,43.66,16,27.66
106936,2026-07-28,13,1,333,2,199,20.37,377.63,190,187.63
106937,2025-06-12,19,10,400,2,99,0.0,198.0,70,128.0
106938,2026-03-25,16,9,91,1,39,0.0,39.0,15,24.0
106939,2024-05-30,14,10,75,2,49,0.0,98.0,36,62.0
106939,2024-05-30,5,10,75,1,349,0.0,349.0,180,169.0
106940,2024-10-26,2,10,142,1,799,0.0,799.0,480,319.0
106941,2026-07-14,9,7,62,1,79,0.0,79.0,25,54.0
106942,2025-02-01,9,1,215,1,79,16.51,62.49,25,37.49
106943,2025-10-29,6,8,335,1,249,0.0,249.0,120,129.0
106944,2026-08-10,6,2,115,1,249,0.0,249.0,120,129.0
106944,2026-08-10,11,2,115,1,129,0.0,129.0,45,84.0
106945,2025-07-28,5,4,169,1,349,0.0,349.0,180,169.0
106946,2024-11-25,13,1,78,1,199,0.0,199.0,95,104.0
106947,2025-07-07,1,2,146,1,999,0.0,999.0,620,379.0
106948,2024-03-09,2,1,346,1,799,0.0,799.0,480,319.0
106949,2024-05-12,8,1,128,3,349,0.0,1047.0,450,597.0
106950,2024-01-09,5,1,38,2,349,0.0,698.0,360,338.0
106950,2024-01-09,9,1,38,1,79,0.0,79.0,25,54.0
106950,2024-01-09,8,1,38,2,349,0.0,698.0,300,398.0
106951,2026-05-19,2,8,267,1,799,0.0,799.0,480,319.0
106951,2026-05-19,4,8,267,1,399,0.0,399.0,210,189.0
106952,2025-11-15,16,1,106,1,39,0.0,39.0,15,24.0
106953,2024-11-19,4,2,279,1,399,52.51,346.49,210,136.49
106954,2024-09-09,2,10,261,1,799,0.0,799.0,480,319.0
106955,2025-11-24,19,7,378,1,99,10.28,88.72,35,53.72
106956,2026-06-19,2,5,253,1,799,0.0,799.0,480,319.0
106956,2026-06-19,14,5,253,1,49,0.0,49.0,18,31.0
106957,2024-11-20,11,2,396,1,129,22.04,106.96,45,61.96
106958,2024-12-07,12,5,236,1,279,51.27,227.73,140,87.73
106959,2026-04-23,4,3,394,2,399,188.9,609.1,420,189.1
106959,2026-04-23,20,3,394,2,179,0.0,358.0,140,218.0
106959,2026-04-23,1,3,394,1,999,0.0,999.0,620,379.0
106960,2026-05-27,3,7,127,3,649,0.0,1947.0,1050,897.0
106961,2026-06-14,13,2,217,1,199,0.0,199.0,95,104.0
106961,2026-06-14,20,2,217,1,179,0.0,179.0,70,109.0
106962,2024-11-15,10,10,102,2,149,53.2,244.8,120,124.8
106963,2024-05-21,17,8,340,1,89,0.0,89.0,30,59.0
106963,2024-05-21,2,8,340,1,799,0.0,799.0,480,319.0
106964,2025-04-06,10,9,268,1,149,35.21,113.79,60,53.79
106965,2024-11-17,4,6,85,1,399,66.64,332.36,210,122.36
106966,2026-05-19,1,7,309,1,999,0.0,999.0,620,379.0
106966,2026-05-19,11,7,309,1,129,0.0,129.0,45,84.0
106967,2024-02-16,7,9,308,1,599,0.0,599.0,260,339.0
106967,2024-02-16,17,9,308,1,89,0.0,89.0,30,59.0
106968,2025-10-17,7,2,143,1,599,80.29,518.71,260,258.71
106969,2026-06-07,5,1,24,1,349,0.0,349.0,180,169.0
106970,2026-08-11,14,7,101,1,49,0.0,49.0,18,31.0
106971,2025-10-31,18,6,383,1,24,0.0,24.0,8,16.0
106972,2026-07-17,13,2,231,1,199,0.0,199.0,95,104.0
106972,2026-07-17,1,2,231,1,999,0.0,999.0,620,379.0
106973,2024-04-02,1,10,243,1,999,0.0,999.0,620,379.0
106974,2025-01-05,12,10,365,1,279,0.0,279.0,140,139.0
106975,2024-01-11,7,6,48,1,599,0.0,599.0,260,339.0
106976,2026-08-15,1,2,364,1,999,0.0,999.0,620,379.0
106977,2026-06-04,15,6,13,1,35,0.0,35.0,12,23.0
106977,2026-06-04,1,6,13,1,999,0.0,999.0,620,379.0
106977,2026-06-04,12,6,13,1,279,33.09,245.91,140,105.91
106978,2024-02-04,8,8,147,1,349,0.0,349.0,150,199.0
106978,2024-02-04,5,8,147,1,349,0.0,349.0,180,169.0
106979,2024-01-23,16,5,361,2,39,0.0,78.0,30,48.0
106980,2025-01-13,2,10,272,2,799,0.0,1598.0,960,638.0
106981,2024-10-17,1,5,5,1,999,0.0,999.0,620,379.0
106981,2024-10-17,7,5,5,1,599,0.0,599.0,260,339.0
106982,2026-04-16,20,1,30,1,179,0.0,179.0,70,109.0
106982,2026-04-16,15,1,30,1,35,1.76,33.24,12,21.24
106983,2024-07-03,7,10,169,1,599,0.0,599.0,260,339.0
106984,2026-02-23,4,5,12,1,399,0.0,399.0,210,189.0
106985,2025-08-01,16,5,324,1,39,0.0,39.0,15,24.0
106986,2025-01-25,5,9,137,2,349,0.0,698.0,360,338.0
106987,2024-06-17,9,4,16,1,79,0.0,79.0,25,54.0
106988,2026-08-29,18,8,244,2,24,0.0,48.0,16,32.0
106988,2026-08-29,20,8,244,1,179,0.0,179.0,70,109.0
106988,2026-08-29,16,8,244,1,39,0.0,39.0,15,24.0
106989,2025-10-03,1,10,220,1,999,175.07,823.93,620,203.93
106990,2025-04-05,12,10,192,2,279,73.73,484.27,280,204.27
106991,2025-01-18,8,2,183,2,349,0.0,698.0,300,398.0
106992,2026-06-06,4,6,101,3,399,0.0,1197.0,630,567.0
106992,2026-06-06,8,6,101,1,349,0.0,349.0,150,199.0
106993,2026-03-24,10,1,274,2,149,0.0,298.0,120,178.0
106993,2026-03-24,6,1,274,1,249,0.0,249.0,120,129.0
106994,2026-03-15,9,4,142,1,79,10.92,68.08,25,43.08
106994,2026-03-15,4,4,142,1,399,0.0,399.0,210,189.0
106995,2025-10-01,1,10,283,1,999,0.0,999.0,620,379.0
106996,2026-05-22,16,1,48,1,39,0.0,39.0,15,24.0
106996,2026-05-22,15,1,48,1,35,0.0,35.0,12,23.0
106997,2024-11-20,11,1,87,1,129,8.94,120.06,45,75.06
106998,2025-12-08,16,8,161,3,39,0.0,117.0,45,72.0
106999,2025-02-27,12,4,245,1,279,0.0,279.0,140,139.0
107000,2025-09-15,10,5,255,2,149,0.0,298.0,120,178.0
107000,2025-09-15,4,5,255,2,399,0.0,798.0,420,378.0
107001,2026-08-30,20,1,27,1,179,0.0,179.0,70,109.0
107002,2026-08-18,4,7,221,1,399,0.0,399.0,210,189.0
107002,2026-08-18,6,7,221,1,249,0.0,249.0,120,129.0
107003,2025-06-17,18,4,58,2,24,11.07,36.93,16,20.93
107003,2025-06-17,5,4,58,2,349,0.0,698.0,360,338.0
107004,2025-08-20,18,8,179,1,24,0.0,24.0,8,16.0
107004,2025-08-20,7,8,179,1,599,0.0,599.0,260,339.0
107004,2025-08-20,16,8,179,1,39,0.0,39.0,15,24.0
107005,2026-05-30,15,10,201,1,35,8.71,26.29,12,14.29
107006,2026-08-19,19,7,178,2,99,35.06,162.94,70,92.94
107007,2026-02-10,10,2,323,1,149,0.0,149.0,60,89.0
107007,2026-02-10,16,2,323,1,39,4.62,34.38,15,19.38
107007,2026-02-10,12,2,323,1,279,0.0,279.0,140,139.0
107008,2024-03-21,5,10,113,1,349,0.0,349.0,180,169.0
107008,2024-03-21,15,10,113,3,35,0.0,105.0,36,69.0
107009,2024-12-08,12,10,122,3,279,0.0,837.0,420,417.0
107009,2024-12-08,14,10,122,1,49,0.0,49.0,18,31.0
107010,2026-05-29,8,3,283,2,349,0.0,698.0,300,398.0
107010,2026-05-29,19,3,283,1,99,0.0,99.0,35,64.0
107011,2026-01-30,13,10,51,1,199,0.0,199.0,95,104.0
107012,2026-01-04,15,6,109,1,35,6.06,28.94,12,16.94
107013,2025-11-13,13,6,324,1,199,19.45,179.55,95,84.55
107014,2025-03-11,3,8,99,3,649,215.58,1731.42,1050,681.42
107015,2025-02-25,4,1,91,3,399,0.0,1197.0,630,567.0
107015,2025-02-25,12,1,91,1,279,0.0,279.0,140,139.0
107016,2026-03-12,19,10,157,2,99,35.96,162.04,70,92.04
107017,2024-11-16,4,1,189,1,399,0.0,399.0,210,189.0
107018,2025-11-25,10,6,150,1,149,0.0,149.0,60,89.0
107018,2025-11-25,6,6,150,1,249,0.0,249.0,120,129.0
107019,2025-12-23,16,3,165,2,39,4.66,73.34,30,43.34
107019,2025-12-23,4,3,165,1,399,0.0,399.0,210,189.0
107020,2026-04-14,11,5,325,1,129,26.62,102.38,45,57.38
107021,2024-12-06,20,3,52,2,179,0.0,358.0,140,218.0
107022,2026-01-03,15,8,311,2,35,12.31,57.69,24,33.69
107023,2024-05-06,1,10,50,1,999,0.0,999.0,620,379.0
107024,2024-06-08,9,7,395,1,79,0.0,79.0,25,54.0
107024,2024-06-08,7,7,395,2,599,0.0,1198.0,520,678.0
107025,2025-03-13,5,4,28,1,349,0.0,349.0,180,169.0
107026,2024-03-10,14,6,140,1,49,0.0,49.0,18,31.0
107027,2026-07-15,2,1,248,1,799,0.0,799.0,480,319.0
107028,2026-06-03,6,8,218,1,249,0.0,249.0,120,129.0
107028,2026-06-03,14,8,218,2,49,0.0,98.0,36,62.0
107028,2026-06-03,18,8,218,1,24,0.0,24.0,8,16.0
107029,2024-03-02,12,1,151,1,279,0.0,279.0,140,139.0
107030,2026-04-09,9,10,247,1,79,0.0,79.0,25,54.0
107031,2025-06-14,12,2,378,1,279,0.0,279.0,140,139.0
107031,2025-06-14,7,2,378,1,599,0.0,599.0,260,339.0
107032,2025-12-07,16,7,63,1,39,0.0,39.0,15,24.0
107033,2026-05-21,17,2,137,1,89,0.0,89.0,30,59.0
107034,2025-08-24,19,9,39,1,99,0.0,99.0,35,64.0
107034,2025-08-24,11,9,39,1,129,0.0,129.0,45,84.0
107035,2024-05-16,20,1,41,1,179,21.84,157.16,70,87.16
107035,2024-05-16,17,1,41,1,89,0.0,89.0,30,59.0
107036,2024-01-04,1,5,65,1,999,232.8,766.2,620,146.2
107037,2025-06-01,20,4,279,1,179,32.92,146.08,70,76.08
107037,2025-06-01,5,4,279,1,349,0.0,349.0,180,169.0
107038,2026-07-16,6,2,2,1,249,0.0,249.0,120,129.0
107039,2025-08-19,13,4,78,1,199,0.0,199.0,95,104.0
107040,2025-01-20,16,2,254,2,39,17.87,60.13,30,30.13
107040,2025-01-20,12,2,254,1,279,0.0,279.0,140,139.0
107041,2024-02-08,7,2,193,2,599,0.0,1198.0,520,678.0
107042,2026-06-15,5,9,319,2,349,0.0,698.0,360,338.0
107043,2024-12-11,1,5,392,3,999,406.28,2590.72,1860,730.72
107044,2025-12-09,14,7,364,1,49,0.0,49.0,18,31.0
107045,2025-12-02,20,6,79,1,179,20.15,158.85,70,88.85
107045,2025-12-02,14,6,79,1,49,6.56,42.44,18,24.44
107046,2024-10-12,17,6,124,1,89,0.0,89.0,30,59.0
107047,2024-03-20,13,8,95,1,199,0.0,199.0,95,104.0
107048,2025-02-03,1,5,31,2,999,0.0,1998.0,1240,758.0
107049,2024-12-04,7,3,222,1,599,0.0,599.0,260,339.0
107049,2024-12-04,20,3,222,1,179,0.0,179.0,70,109.0
107050,2025-12-06,6,2,43,1,249,0.0,249.0,120,129.0
107050,2025-12-06,1,2,43,1,999,164.21,834.79,620,214.79
107051,2026-03-23,19,9,245,1,99,0.0,99.0,35,64.0
107051,2026-03-23,13,9,245,1,199,0.0,199.0,95,104.0
107052,2024-09-11,10,10,263,1,149,0.0,149.0,60,89.0
107053,2025-07-03,20,1,23,1,179,0.0,179.0,70,109.0
107054,2024-02-21,3,2,390,1,649,0.0,649.0,350,299.0
107055,2024-09-02,14,5,206,1,49,0.0,49.0,18,31.0
107056,2026-01-23,6,2,18,1,249,0.0,249.0,120,129.0
107057,2026-02-25,13,3,171,1,199,0.0,199.0,95,104.0
107058,2026-02-07,7,8,394,3,599,0.0,1797.0,780,1017.0
107058,2026-02-07,9,8,394,1,79,0.0,79.0,25,54.0
107059,2024-06-13,12,2,290,1,279,58.21,220.79,140,80.79
107059,2024-06-13,11,2,290,1,129,0.0,129.0,45,84.0
107060,2025-07-28,1,3,270,1,999,0.0,999.0,620,379.0
107060,2025-07-28,7,3,270,1,599,0.0,599.0,260,339.0
107061,2025-03-19,8,6,252,1,349,0.0,349.0,150,199.0
107062,2026-08-24,8,1,79,1,349,0.0,349.0,150,199.0
107063,2025-11-03,16,2,215,1,39,9.6,29.4,15,14.4
107064,2026-07-03,4,3,59,1,399,0.0,399.0,210,189.0
107065,2024-06-17,1,8,126,1,999,0.0,999.0,620,379.0
107066,2025-04-17,12,8,72,1,279,37.19,241.81,140,101.81
107066,2025-04-17,5,8,72,1,349,0.0,349.0,180,169.0
107067,2026-02-02,3,7,98,1,649,0.0,649.0,350,299.0
107067,2026-02-02,2,7,98,1,799,0.0,799.0,480,319.0
107067,2026-02-02,15,7,98,1,35,0.0,35.0,12,23.0
107068,2025-01-14,15,10,7,1,35,0.0,35.0,12,23.0
107068,2025-01-14,11,10,7,1,129,0.0,129.0,45,84.0
107069,2025-10-15,7,2,269,1,599,0.0,599.0,260,339.0
107070,2025-06-16,4,9,148,1,399,0.0,399.0,210,189.0
107070,2025-06-16,3,9,148,1,649,0.0,649.0,350,299.0
107071,2026-08-24,9,9,40,1,79,0.0,79.0,25,54.0
107072,2024-07-19,10,6,80,1,149,0.0,149.0,60,89.0
107072,2024-07-19,12,6,80,2,279,0.0,558.0,280,278.0
107073,2026-07-03,5,10,377,1,349,0.0,349.0,180,169.0
107074,2025-02-23,11,2,229,1,129,0.0,129.0,45,84.0
107075,2025-05-04,17,7,295,2,89,0.0,178.0,60,118.0
107075,2025-05-04,5,7,295,1,349,0.0,349.0,180,169.0
107076,2025-07-04,14,8,310,1,49,0.0,49.0,18,31.0
107076,2025-07-04,19,8,310,1,99,0.0,99.0,35,64.0
107077,2024-10-23,6,3,237,1,249,0.0,249.0,120,129.0
107078,2026-07-30,12,10,334,1,279,0.0,279.0,140,139.0
107078,2026-07-30,6,10,334,1,249,0.0,249.0,120,129.0
107079,2026-06-12,17,6,392,1,89,0.0,89.0,30,59.0
107080,2026-08-07,8,4,236,1,349,34.25,314.75,150,164.75
107081,2026-08-29,3,7,196,1,649,0.0,649.0,350,299.0
107082,2025-11-14,11,7,294,2,129,53.47,204.53,90,114.53
107083,2025-04-18,5,10,133,2,349,0.0,698.0,360,338.0
107084,2026-04-20,5,5,97,1,349,0.0,349.0,180,169.0
107085,2024-01-30,7,4,35,1,599,0.0,599.0,260,339.0
107086,2026-04-05,4,6,314,2,399,0.0,798.0,420,378.0
107087,2025-06-02,8,4,38,2,349,0.0,698.0,300,398.0
107087,2025-06-02,4,4,38,2,399,0.0,798.0,420,378.0
107087,2025-06-02,2,4,38,1,799,0.0,799.0,480,319.0
107088,2025-11-17,12,8,393,1,279,0.0,279.0,140,139.0
107089,2025-01-21,5,10,202,1,349,35.57,313.43,180,133.43
107089,2025-01-21,7,10,202,1,599,0.0,599.0,260,339.0
107090,2025-01-15,20,10,243,1,179,0.0,179.0,70,109.0
107091,2024-02-09,17,3,166,2,89,0.0,178.0,60,118.0
107092,2025-03-20,8,8,244,1,349,0.0,349.0,150,199.0
107093,2025-03-03,7,10,297,2,599,259.12,938.88,520,418.88
107094,2024-09-13,8,1,159,1,349,0.0,349.0,150,199.0
107094,2024-09-13,7,1,159,1,599,40.49,558.51,260,298.51
107095,2024-10-06,20,2,368,1,179,37.85,141.15,70,71.15
107096,2025-08-31,7,5,128,3,599,0.0,1797.0,780,1017.0
107096,2025-08-31,8,5,128,1,349,0.0,349.0,150,199.0
107097,2024-12-04,3,9,8,2,649,0.0,1298.0,700,598.0
107097,2024-12-04,20,9,8,1,179,0.0,179.0,70,109.0
107098,2026-04-02,16,6,74,1,39,5.44,33.56,15,18.56
107098,2026-04-02,12,6,74,1,279,50.14,228.86,140,88.86
107099,2024-05-11,13,1,284,1,199,0.0,199.0,95,104.0
107100,2025-08-24,18,1,387,1,24,3.1,20.9,8,12.9
107101,2024-07-03,19,9,281,2,99,0.0,198.0,70,128.0
107102,2025-07-03,2,4,312,2,799,0.0,1598.0,960,638.0
107103,2025-07-30,13,8,128,2,199,0.0,398.0,190,208.0
107104,2025-10-24,20,10,251,2,179,0.0,358.0,140,218.0
107105,2025-03-24,18,1,266,1,24,0.0,24.0,8,16.0
107106,2025-06-14,17,6,44,1,89,18.4,70.6,30,40.6
107107,2024-07-27,19,9,62,1,99,0.0,99.0,35,64.0
107108,2025-04-29,10,9,164,1,149,0.0,149.0,60,89.0
107109,2025-01-20,9,9,196,2,79,0.0,158.0,50,108.0
107110,2025-11-12,15,2,359,1,35,0.0,35.0,12,23.0
107111,2025-04-01,10,8,136,1,149,0.0,149.0,60,89.0
107111,2025-04-01,7,8,136,2,599,179.47,1018.53,520,498.53
107112,2026-02-11,9,8,394,1,79,13.75,65.25,25,40.25
107113,2025-03-22,11,4,163,1,129,0.0,129.0,45,84.0
107114,2024-09-25,19,2,323,1,99,0.0,99.0,35,64.0
107114,2024-09-25,13,2,323,3,199,0.0,597.0,285,312.0
107115,2024-10-31,20,8,331,1,179,0.0,179.0,70,109.0
107116,2024-02-27,3,3,100,1,649,0.0,649.0,350,299.0
107117,2025-07-16,2,2,383,1,799,0.0,799.0,480,319.0
107118,2026-04-02,9,8,26,2,79,0.0,158.0,50,108.0
107119,2026-01-31,10,10,11,1,149,0.0,149.0,60,89.0
107120,2025-04-04,16,1,325,2,39,0.0,78.0,30,48.0
107120,2025-04-04,17,1,325,3,89,0.0,267.0,90,177.0
107120,2025-04-04,4,1,325,2,399,0.0,798.0,420,378.0
107121,2024-08-13,7,2,381,1,599,0.0,599.0,260,339.0
107121,2024-08-13,4,2,381,1,399,0.0,399.0,210,189.0
107121,2024-08-13,6,2,381,1,249,46.61,202.39,120,82.39
107122,2026-05-01,18,10,120,1,24,0.0,24.0,8,16.0
107123,2024-03-11,19,9,125,1,99,0.0,99.0,35,64.0
107124,2025-02-20,20,4,34,2,179,0.0,358.0,140,218.0
107125,2026-04-25,9,6,347,2,79,0.0,158.0,50,108.0
107126,2025-02-13,13,4,256,1,199,0.0,199.0,95,104.0
107127,2024-05-18,6,10,318,1,249,47.31,201.69,120,81.69
107128,2024-10-24,2,6,120,2,799,0.0,1598.0,960,638.0
107129,2025-09-15,7,5,32,2,599,0.0,1198.0,520,678.0
107130,2024-06-24,1,4,32,1,999,0.0,999.0,620,379.0
107130,2024-06-24,18,4,32,1,24,0.0,24.0,8,16.0
107131,2025-11-03,14,9,285,2,49,0.0,98.0,36,62.0
107132,2025-04-04,15,1,261,1,35,0.0,35.0,12,23.0
107133,2024-12-16,13,8,242,1,199,0.0,199.0,95,104.0
107134,2024-09-30,4,9,93,1,399,0.0,399.0,210,189.0
107134,2024-09-30,8,9,93,3,349,0.0,1047.0,450,597.0
107134,2024-09-30,16,9,93,1,39,0.0,39.0,15,24.0
107135,2026-03-26,4,9,294,1,399,0.0,399.0,210,189.0
107136,2025-02-17,4,10,44,1,399,0.0,399.0,210,189.0
107136,2025-02-17,17,10,44,1,89,0.0,89.0,30,59.0
107137,2025-12-31,20,10,26,2,179,0.0,358.0,140,218.0
107138,2025-04-06,10,2,168,1,149,0.0,149.0,60,89.0
107139,2024-04-20,17,10,222,1,89,0.0,89.0,30,59.0
107139,2024-04-20,9,10,222,1,79,0.0,79.0,25,54.0
107140,2025-04-06,8,9,159,3,349,0.0,1047.0,450,597.0
107141,2025-06-12,15,6,197,1,35,0.0,35.0,12,23.0
107141,2025-06-12,18,6,197,1,24,3.77,20.23,8,12.23
107142,2025-04-24,2,1,3,1,799,0.0,799.0,480,319.0
107142,2025-04-24,19,1,3,1,99,0.0,99.0,35,64.0
107142,2025-04-24,13,1,3,1,199,0.0,199.0,95,104.0
107143,2026-03-19,7,3,350,1,599,100.99,498.01,260,238.01
107144,2026-06-11,15,10,140,1,35,0.0,35.0,12,23.0
107144,2026-06-11,5,10,140,1,349,0.0,349.0,180,169.0
107145,2026-02-18,9,4,126,1,79,6.93,72.07,25,47.07
107146,2025-08-30,6,1,132,1,249,0.0,249.0,120,129.0
107147,2025-07-18,2,10,399,2,799,0.0,1598.0,960,638.0
107148,2025-10-26,3,1,63,2,649,0.0,1298.0,700,598.0
107149,2024-11-11,16,10,89,1,39,0.0,39.0,15,24.0
107150,2026-03-15,15,5,152,1,35,0.0,35.0,12,23.0
107151,2026-04-25,3,2,111,1,649,0.0,649.0,350,299.0
107152,2024-10-25,3,2,325,2,649,0.0,1298.0,700,598.0
107153,2026-06-04,10,8,121,1,149,0.0,149.0,60,89.0
107154,2026-04-18,16,3,137,1,39,0.0,39.0,15,24.0
107155,2025-03-20,15,4,113,2,35,5.85,64.15,24,40.15
107155,2025-03-20,16,4,113,1,39,0.0,39.0,15,24.0
107156,2026-06-09,9,1,366,1,79,0.0,79.0,25,54.0
107157,2024-05-21,12,5,128,1,279,0.0,279.0,140,139.0
107158,2024-02-04,2,3,296,1,799,0.0,799.0,480,319.0
107159,2024-12-26,16,10,204,2,39,0.0,78.0,30,48.0
107160,2025-08-12,12,8,92,1,279,0.0,279.0,140,139.0
107161,2024-12-28,8,9,395,1,349,0.0,349.0,150,199.0
107162,2026-07-09,12,7,290,1,279,0.0,279.0,140,139.0
107163,2024-10-13,8,7,70,1,349,71.02,277.98,150,127.98
107164,2024-11-06,10,4,164,1,149,28.59,120.41,60,60.41
107165,2025-10-17,8,7,361,1,349,0.0,349.0,150,199.0
107166,2024-01-05,17,4,98,1,89,0.0,89.0,30,59.0
107166,2024-01-05,3,4,98,1,649,0.0,649.0,350,299.0
107166,2024-01-05,8,4,98,1,349,0.0,349.0,150,199.0
107167,2025-12-24,9,1,282,1,79,14.52,64.48,25,39.48
107168,2025-01-25,8,7,224,3,349,0.0,1047.0,450,597.0
107169,2026-08-12,4,9,51,1,399,0.0,399.0,210,189.0
107170,2025-11-30,5,8,95,2,349,0.0,698.0,360,338.0
107171,2024-03-06,13,1,343,1,199,0.0,199.0,95,104.0
107172,2024-04-21,13,4,108,1,199,0.0,199.0,95,104.0
107173,2024-04-16,9,9,170,1,79,0.0,79.0,25,54.0
107174,2026-07-19,9,1,346,2,79,0.0,158.0,50,108.0
107175,2025-11-24,11,8,121,2,129,0.0,258.0,90,168.0
107176,2025-03-24,5,5,30,1,349,50.4,298.6,180,118.6
107177,2024-08-18,2,5,13,1,799,0.0,799.0,480,319.0
107177,2024-08-18,1,5,13,1,999,0.0,999.0,620,379.0
107177,2024-08-18,3,5,13,1,649,0.0,649.0,350,299.0
107178,2026-05-10,11,3,353,1,129,18.67,110.33,45,65.33
107179,2024-08-19,8,10,255,1,349,0.0,349.0,150,199.0
107180,2025-12-10,8,10,221,1,349,0.0,349.0,150,199.0
107180,2025-12-10,2,10,221,1,799,0.0,799.0,480,319.0
107181,2026-01-25,19,8,307,3,99,0.0,297.0,105,192.0
107181,2026-01-25,8,8,307,1,349,0.0,349.0,150,199.0
107182,2024-11-16,20,6,256,1,179,39.84,139.16,70,69.16
107182,2024-11-16,15,6,256,1,35,3.46,31.54,12,19.54
107183,2025-06-09,11,2,392,1,129,29.34,99.66,45,54.66
107184,2024-09-11,2,1,350,1,799,0.0,799.0,480,319.0
107184,2024-09-11,15,1,350,1,35,0.0,35.0,12,23.0
107185,2025-01-27,15,10,400,1,35,0.0,35.0,12,23.0
107185,2025-01-27,12,10,400,1,279,0.0,279.0,140,139.0
107186,2026-07-31,20,7,212,1,179,0.0,179.0,70,109.0
107187,2025-12-01,1,10,93,1,999,57.23,941.77,620,321.77
107187,2025-12-01,9,10,93,1,79,8.02,70.98,25,45.98
107187,2025-12-01,13,10,93,1,199,0.0,199.0,95,104.0
107188,2026-04-16,3,8,56,3,649,0.0,1947.0,1050,897.0
107188,2026-04-16,18,8,56,3,24,0.0,72.0,24,48.0
107189,2025-07-17,11,6,73,2,129,0.0,258.0,90,168.0
107190,2024-09-28,1,9,398,1,999,0.0,999.0,620,379.0
107190,2024-09-28,13,9,398,1,199,0.0,199.0,95,104.0
107191,2025-12-14,2,7,301,1,799,0.0,799.0,480,319.0
107192,2025-06-05,2,9,291,2,799,307.67,1290.33,960,330.33
107192,2025-06-05,5,9,291,1,349,0.0,349.0,180,169.0
107193,2024-07-22,4,8,173,2,399,43.75,754.25,420,334.25
107194,2025-03-07,14,4,70,1,49,0.0,49.0,18,31.0
107195,2025-10-17,1,6,17,3,999,0.0,2997.0,1860,1137.0
107195,2025-10-17,10,6,17,1,149,0.0,149.0,60,89.0
107196,2025-12-29,18,1,89,1,24,0.0,24.0,8,16.0
107197,2024-10-02,8,10,281,1,349,39.0,310.0,150,160.0
107198,2026-05-12,12,1,234,1,279,0.0,279.0,140,139.0
107199,2025-01-28,20,4,206,1,179,0.0,179.0,70,109.0
107200,2024-10-29,20,2,309,1,179,0.0,179.0,70,109.0
107201,2024-08-12,19,8,314,1,99,0.0,99.0,35,64.0
107202,2026-03-08,18,1,362,1,24,0.0,24.0,8,16.0
107202,2026-03-08,7,1,362,1,599,79.95,519.05,260,259.05
107203,2024-12-30,15,8,388,1,35,0.0,35.0,12,23.0
107204,2025-05-19,17,7,195,1,89,5.94,83.06,30,53.06
107204,2025-05-19,12,7,195,1,279,0.0,279.0,140,139.0
107205,2024-09-11,14,10,52,2,49,0.0,98.0,36,62.0
107206,2025-11-26,16,2,10,1,39,0.0,39.0,15,24.0
107207,2026-02-12,8,7,22,1,349,0.0,349.0,150,199.0
107208,2024-12-20,12,10,319,1,279,0.0,279.0,140,139.0
107209,2026-07-12,2,2,309,1,799,0.0,799.0,480,319.0
107209,2026-07-12,16,2,309,1,39,0.0,39.0,15,24.0
107210,2024-02-08,8,2,10,1,349,0.0,349.0,150,199.0
107211,2024-06-03,1,8,210,1,999,0.0,999.0,620,379.0
107212,2025-09-05,15,1,300,1,35,0.0,35.0,12,23.0
107213,2025-12-06,9,4,231,1,79,0.0,79.0,25,54.0
107213,2025-12-06,2,4,231,1,799,0.0,799.0,480,319.0
107214,2024-10-09,8,10,76,2,349,0.0,698.0,300,398.0
107215,2025-07-31,5,7,313,1,349,0.0,349.0,180,169.0
107216,2024-12-05,12,2,230,1,279,47.24,231.76,140,91.76
107216,2024-12-05,20,2,230,1,179,13.63,165.37,70,95.37
107217,2025-07-31,7,8,124,2,599,0.0,1198.0,520,678.0
107218,2025-11-07,8,8,230,1,349,0.0,349.0,150,199.0
107218,2025-11-07,3,8,230,1,649,0.0,649.0,350,299.0
107218,2025-11-07,1,8,230,1,999,0.0,999.0,620,379.0
107219,2026-08-07,10,2,355,3,149,0.0,447.0,180,267.0
107220,2025-04-22,9,6,110,1,79,0.0,79.0,25,54.0
107221,2025-10-29,2,6,332,2,799,182.64,1415.36,960,455.36
107222,2025-08-25,20,8,151,1,179,31.21,147.79,70,77.79
107223,2024-12-04,5,1,163,1,349,0.0,349.0,180,169.0
107224,2024-10-12,6,4,61,1,249,0.0,249.0,120,129.0
107225,2026-08-21,20,10,99,1,179,0.0,179.0,70,109.0
107226,2024-08-25,14,3,114,1,49,0.0,49.0,18,31.0
107227,2026-02-22,11,10,270,1,129,0.0,129.0,45,84.0
107227,2026-02-22,13,10,270,1,199,0.0,199.0,95,104.0
107228,2024-06-18,3,8,36,1,649,0.0,649.0,350,299.0
107229,2026-03-08,11,9,284,1,129,10.45,118.55,45,73.55
107230,2024-08-02,6,5,300,1,249,0.0,249.0,120,129.0
107230,2024-08-02,15,5,300,1,35,0.0,35.0,12,23.0
107231,2026-08-02,14,2,385,1,49,0.0,49.0,18,31.0
107232,2025-11-26,19,5,4,1,99,7.79,91.21,35,56.21
107233,2024-04-18,4,2,27,3,399,0.0,1197.0,630,567.0
107234,2025-12-01,16,1,399,1,39,6.06,32.94,15,17.94
107235,2025-09-19,14,1,60,1,49,0.0,49.0,18,31.0
107235,2025-09-19,13,1,60,1,199,0.0,199.0,95,104.0
107236,2024-12-18,13,4,41,1,199,0.0,199.0,95,104.0
107237,2024-10-19,20,5,338,2,179,0.0,358.0,140,218.0
107238,2025-12-18,16,10,321,1,39,0.0,39.0,15,24.0
107239,2026-01-03,7,1,260,1,599,0.0,599.0,260,339.0
107240,2024-12-11,6,10,400,3,249,47.76,699.24,360,339.24
107240,2024-12-11,13,10,400,2,199,77.19,320.81,190,130.81
107241,2026-05-12,19,4,263,1,99,0.0,99.0,35,64.0
107242,2024-10-27,8,2,232,1,349,41.85,307.15,150,157.15
107243,2024-03-27,6,9,368,2,249,0.0,498.0,240,258.0
107244,2025-09-15,15,4,167,1,35,0.0,35.0,12,23.0
107245,2024-05-07,15,7,168,1,35,0.0,35.0,12,23.0
107245,2024-05-07,1,7,168,1,999,0.0,999.0,620,379.0
107245,2024-05-07,3,7,168,1,649,124.35,524.65,350,174.65
107246,2024-11-03,8,5,193,1,349,0.0,349.0,150,199.0
107246,2024-11-03,12,5,193,1,279,31.22,247.78,140,107.78
107247,2025-06-12,14,8,194,2,49,0.0,98.0,36,62.0
107247,2025-06-12,6,8,194,1,249,14.19,234.81,120,114.81
107247,2025-06-12,13,8,194,1,199,0.0,199.0,95,104.0
107248,2024-11-10,16,4,171,2,39,0.0,78.0,30,48.0
107249,2024-09-03,18,2,249,1,24,0.0,24.0,8,16.0
107250,2025-12-08,2,1,11,3,799,0.0,2397.0,1440,957.0
107251,2025-07-24,10,10,360,2,149,0.0,298.0,120,178.0
107252,2026-04-10,19,1,63,1,99,0.0,99.0,35,64.0
107252,2026-04-10,9,1,63,1,79,0.0,79.0,25,54.0
107253,2025-08-28,11,7,21,1,129,0.0,129.0,45,84.0
107254,2025-05-19,6,4,383,2,249,0.0,498.0,240,258.0
107255,2024-10-19,14,10,392,1,49,0.0,49.0,18,31.0
107256,2026-02-24,5,6,71,1,349,0.0,349.0,180,169.0
107257,2024-08-14,6,6,280,2,249,0.0,498.0,240,258.0
107257,2024-08-14,14,6,280,1,49,0.0,49.0,18,31.0
107258,2024-10-01,2,10,178,1,799,0.0,799.0,480,319.0
107259,2026-04-12,1,2,328,1,999,0.0,999.0,620,379.0
107259,2026-04-12,9,2,328,1,79,0.0,79.0,25,54.0
107259,2026-04-12,17,2,328,1,89,0.0,89.0,30,59.0
107260,2026-01-03,14,10,99,1,49,0.0,49.0,18,31.0
107260,2026-01-03,2,10,99,1,799,0.0,799.0,480,319.0
107261,2025-09-28,7,5,204,2,599,0.0,1198.0,520,678.0
107262,2024-02-18,11,2,358,1,129,0.0,129.0,45,84.0
107262,2024-02-18,7,2,358,1,599,0.0,599.0,260,339.0
107263,2024-05-28,1,10,344,2,999,0.0,1998.0,1240,758.0
107264,2025-06-04,11,7,96,2,129,0.0,258.0,90,168.0
107264,2025-06-04,15,7,96,1,35,0.0,35.0,12,23.0
107264,2025-06-04,12,7,96,1,279,0.0,279.0,140,139.0
107265,2026-01-08,15,5,346,1,35,7.56,27.44,12,15.44
107266,2025-04-30,3,6,294,3,649,0.0,1947.0,1050,897.0
107267,2024-01-22,6,4,212,1,249,0.0,249.0,120,129.0
107267,2024-01-22,7,4,212,1,599,94.77,504.23,260,244.23
107268,2024-07-31,16,8,307,1,39,0.0,39.0,15,24.0
107269,2025-09-04,8,4,216,2,349,0.0,698.0,300,398.0
107270,2025-12-02,9,8,292,1,79,0.0,79.0,25,54.0
107271,2024-02-11,7,8,112,1,599,0.0,599.0,260,339.0
107272,2024-02-24,13,9,128,2,199,80.14,317.86,190,127.86
107273,2024-10-19,9,8,127,1,79,0.0,79.0,25,54.0
107273,2024-10-19,6,8,127,1,249,0.0,249.0,120,129.0
107273,2024-10-19,17,8,127,2,89,0.0,178.0,60,118.0
107274,2024-04-11,20,7,247,1,179,0.0,179.0,70,109.0
107274,2024-04-11,16,7,247,1,39,8.13,30.87,15,15.87
107275,2025-07-18,18,10,354,1,24,0.0,24.0,8,16.0
107276,2024-05-24,10,8,346,1,149,0.0,149.0,60,89.0
107277,2025-10-29,18,6,137,1,24,0.0,24.0,8,16.0
107278,2026-02-08,20,4,213,1,179,0.0,179.0,70,109.0
107279,2026-08-05,4,10,74,1,399,0.0,399.0,210,189.0
107280,2026-07-15,7,3,260,1,599,0.0,599.0,260,339.0
107281,2024-10-31,14,7,302,2,49,0.0,98.0,36,62.0
107282,2024-02-06,18,4,225,1,24,0.0,24.0,8,16.0
107282,2024-02-06,4,4,225,1,399,0.0,399.0,210,189.0
107283,2024-12-13,7,6,145,1,599,0.0,599.0,260,339.0
107284,2025-12-11,4,1,25,1,399,0.0,399.0,210,189.0
107285,2024-03-15,1,10,101,1,999,0.0,999.0,620,379.0
107286,2025-01-05,3,10,299,1,649,0.0,649.0,350,299.0
107287,2024-11-19,15,9,111,1,35,1.91,33.09,12,21.09
107288,2024-09-07,8,1,293,1,349,0.0,349.0,150,199.0
107288,2024-09-07,11,1,293,2,129,0.0,258.0,90,168.0
107289,2025-12-10,10,10,83,2,149,0.0,298.0,120,178.0
107290,2025-11-06,8,9,162,1,349,0.0,349.0,150,199.0
107290,2025-11-06,20,9,162,1,179,0.0,179.0,70,109.0
107290,2025-11-06,9,9,162,1,79,8.07,70.93,25,45.93
107291,2025-07-11,10,4,206,1,149,15.43,133.57,60,73.57
107292,2026-06-11,19,10,242,1,99,0.0,99.0,35,64.0
107293,2024-05-03,18,4,102,1,24,0.0,24.0,8,16.0
107294,2024-06-21,10,4,136,1,149,0.0,149.0,60,89.0
107294,2024-06-21,8,4,136,1,349,0.0,349.0,150,199.0
107295,2025-02-01,4,6,135,1,399,0.0,399.0,210,189.0
107296,2025-11-04,18,10,174,1,24,0.0,24.0,8,16.0
107297,2025-08-31,5,4,49,1,349,39.66,309.34,180,129.34
107298,2024-04-01,3,2,121,1,649,0.0,649.0,350,299.0
107299,2026-07-25,8,9,273,1,349,0.0,349.0,150,199.0
107300,2024-11-25,11,7,387,1,129,22.64,106.36,45,61.36
107300,2024-11-25,19,7,387,1,99,0.0,99.0,35,64.0
107301,2025-01-04,2,6,31,2,799,0.0,1598.0,960,638.0
107301,2025-01-04,18,6,31,1,24,0.0,24.0,8,16.0
107302,2025-10-08,12,3,234,1,279,0.0,279.0,140,139.0
107302,2025-10-08,13,3,234,2,199,0.0,398.0,190,208.0
107303,2026-07-12,6,7,386,1,249,17.13,231.87,120,111.87
107304,2025-11-09,2,4,186,2,799,146.73,1451.27,960,491.27
107305,2026-07-21,18,9,368,1,24,0.0,24.0,8,16.0
107306,2024-08-04,9,7,303,1,79,0.0,79.0,25,54.0
107307,2025-10-03,14,4,193,1,49,0.0,49.0,18,31.0
107308,2026-03-31,12,1,372,1,279,15.64,263.36,140,123.36
107309,2025-06-14,12,10,196,2,279,0.0,558.0,280,278.0
107309,2025-06-14,18,10,196,1,24,4.22,19.78,8,11.78
107310,2025-01-08,1,10,256,1,999,0.0,999.0,620,379.0
107310,2025-01-08,8,10,256,2,349,0.0,698.0,300,398.0
107311,2026-08-18,20,3,354,1,179,0.0,179.0,70,109.0
107312,2024-06-12,6,1,296,1,249,0.0,249.0,120,129.0
107313,2025-03-06,1,10,376,1,999,0.0,999.0,620,379.0
107314,2026-05-10,12,4,136,1,279,0.0,279.0,140,139.0
107314,2026-05-10,4,4,136,1,399,0.0,399.0,210,189.0
107315,2026-06-02,4,9,77,1,399,0.0,399.0,210,189.0
107315,2026-06-02,16,9,77,1,39,0.0,39.0,15,24.0
107316,2026-08-14,11,6,65,2,129,0.0,258.0,90,168.0
107317,2026-05-19,17,4,222,1,89,0.0,89.0,30,59.0
107317,2026-05-19,1,4,222,1,999,0.0,999.0,620,379.0
107318,2024-03-05,13,1,156,2,199,48.29,349.71,190,159.71
107319,2026-06-28,18,1,7,1,24,0.0,24.0,8,16.0
107319,2026-06-28,4,1,7,3,399,136.01,1060.99,630,430.99
107320,2025-03-24,14,8,261,2,49,0.0,98.0,36,62.0
107321,2025-11-01,6,8,271,2,249,36.67,461.33,240,221.33
107322,2025-02-14,15,9,385,2,35,0.0,70.0,24,46.0
107323,2026-03-17,18,6,327,1,24,5.93,18.07,8,10.07
107323,2026-03-17,2,6,327,1,799,0.0,799.0,480,319.0
107324,2025-08-23,8,4,87,1,349,0.0,349.0,150,199.0
107325,2026-04-15,18,6,145,1,24,0.0,24.0,8,16.0
107325,2026-04-15,10,6,145,1,149,0.0,149.0,60,89.0
107326,2024-08-11,6,6,98,3,249,0.0,747.0,360,387.0
107327,2024-08-01,19,8,27,1,99,0.0,99.0,35,64.0
107327,2024-08-01,9,8,27,1,79,19.7,59.3,25,34.3
107328,2025-04-06,4,7,183,1,399,0.0,399.0,210,189.0
107329,2024-01-06,5,6,263,1,349,0.0,349.0,180,169.0
107330,2025-12-01,14,8,66,1,49,0.0,49.0,18,31.0
107331,2024-11-18,16,8,347,1,39,0.0,39.0,15,24.0
107332,2025-08-04,6,4,165,2,249,0.0,498.0,240,258.0
107333,2024-03-27,16,1,28,1,39,0.0,39.0,15,24.0
107334,2024-07-15,17,2,376,1,89,0.0,89.0,30,59.0
107335,2025-10-07,5,10,325,1,349,0.0,349.0,180,169.0
107335,2025-10-07,17,10,325,1,89,0.0,89.0,30,59.0
107336,2024-11-25,12,8,318,1,279,30.85,248.15,140,108.15
107337,2024-09-03,17,4,43,2,89,0.0,178.0,60,118.0
107337,2024-09-03,7,4,43,1,599,0.0,599.0,260,339.0
107338,2024-09-17,4,1,169,2,399,0.0,798.0,420,378.0
107338,2024-09-17,1,1,169,1,999,0.0,999.0,620,379.0
107339,2024-09-03,3,10,287,1,649,44.59,604.41,350,254.41
107340,2025-10-07,5,7,348,2,349,0.0,698.0,360,338.0
107341,2024-07-12,3,8,181,1,649,139.7,509.3,350,159.3
107342,2025-01-09,15,1,27,1,35,0.0,35.0,12,23.0
107343,2025-11-27,7,4,270,1,599,0.0,599.0,260,339.0
107344,2025-06-18,2,7,280,2,799,0.0,1598.0,960,638.0
107345,2025-09-13,2,3,63,1,799,0.0,799.0,480,319.0
107346,2024-10-09,12,3,192,1,279,0.0,279.0,140,139.0
107347,2026-07-01,12,2,397,1,279,0.0,279.0,140,139.0
107347,2026-07-01,20,2,397,1,179,0.0,179.0,70,109.0
107348,2025-03-09,3,2,123,1,649,0.0,649.0,350,299.0
107349,2024-11-11,3,9,345,1,649,115.14,533.86,350,183.86
107350,2026-06-05,15,9,208,1,35,0.0,35.0,12,23.0
107351,2025-11-04,14,1,210,1,49,4.82,44.18,18,26.18
107351,2025-11-04,18,1,210,2,24,0.0,48.0,16,32.0
107352,2025-09-29,15,6,243,1,35,0.0,35.0,12,23.0
107353,2026-05-21,4,3,289,1,399,0.0,399.0,210,189.0
107353,2026-05-21,6,3,289,2,249,0.0,498.0,240,258.0
107354,2024-03-14,8,10,384,1,349,0.0,349.0,150,199.0
107355,2026-04-08,1,1,292,1,999,0.0,999.0,620,379.0
107356,2025-11-20,17,6,304,1,89,17.02,71.98,30,41.98
107356,2025-11-20,10,6,304,1,149,0.0,149.0,60,89.0
107357,2025-01-05,9,5,303,2,79,0.0,158.0,50,108.0
107358,2024-10-15,11,6,193,1,129,0.0,129.0,45,84.0
107359,2024-05-04,1,7,310,1,999,0.0,999.0,620,379.0
107360,2026-07-09,18,4,237,1,24,0.0,24.0,8,16.0
107360,2026-07-09,4,4,237,1,399,0.0,399.0,210,189.0
107361,2024-06-13,10,9,120,2,149,0.0,298.0,120,178.0
107362,2024-10-18,4,2,39,1,399,85.33,313.67,210,103.67
107363,2025-11-29,11,4,133,2,129,31.65,226.35,90,136.35
107364,2025-12-12,20,10,294,2,179,0.0,358.0,140,218.0
107365,2024-07-04,13,6,389,1,199,0.0,199.0,95,104.0
107365,2024-07-04,3,6,389,1,649,0.0,649.0,350,299.0
107366,2026-03-17,16,3,316,1,39,3.11,35.89,15,20.89
107367,2025-06-15,3,10,299,1,649,0.0,649.0,350,299.0
107367,2025-06-15,11,10,299,1,129,0.0,129.0,45,84.0
107368,2026-04-18,3,1,306,2,649,0.0,1298.0,700,598.0
107369,2024-04-15,11,1,286,1,129,14.16,114.84,45,69.84
107370,2024-02-24,14,10,13,2,49,0.0,98.0,36,62.0
107371,2025-10-19,6,6,265,1,249,0.0,249.0,120,129.0
107372,2024-06-22,20,10,383,2,179,0.0,358.0,140,218.0
107373,2025-06-30,18,2,63,1,24,0.0,24.0,8,16.0
107374,2024-01-18,14,5,96,1,49,0.0,49.0,18,31.0
107375,2026-02-11,15,2,275,1,35,0.0,35.0,12,23.0
107375,2026-02-11,3,2,275,1,649,0.0,649.0,350,299.0
107376,2026-06-01,1,10,352,2,999,0.0,1998.0,1240,758.0
107377,2026-04-09,12,1,252,1,279,0.0,279.0,140,139.0
107378,2026-07-25,13,3,174,2,199,0.0,398.0,190,208.0
107379,2026-06-04,9,1,297,2,79,0.0,158.0,50,108.0
107380,2025-04-10,3,6,279,1,649,0.0,649.0,350,299.0
107381,2025-02-19,19,1,93,1,99,11.7,87.3,35,52.3
107381,2025-02-19,14,1,93,2,49,0.0,98.0,36,62.0
107382,2026-05-29,3,10,254,2,649,0.0,1298.0,700,598.0
107383,2026-06-25,16,9,42,1,39,0.0,39.0,15,24.0
107384,2026-08-07,16,9,120,2,39,0.0,78.0,30,48.0
107385,2026-01-30,11,2,393,1,129,0.0,129.0,45,84.0
107385,2026-01-30,6,2,393,1,249,0.0,249.0,120,129.0
107386,2024-08-20,6,10,100,3,249,0.0,747.0,360,387.0
107387,2026-07-12,18,3,91,1,24,2.6,21.4,8,13.4
107388,2026-07-14,4,4,45,1,399,0.0,399.0,210,189.0
107389,2025-11-12,19,6,21,1,99,0.0,99.0,35,64.0
107390,2026-04-26,7,6,265,1,599,92.06,506.94,260,246.94
107391,2025-08-08,5,6,168,1,349,0.0,349.0,180,169.0
107392,2026-07-11,15,4,139,1,35,3.32,31.68,12,19.68
107393,2024-04-22,7,6,294,1,599,0.0,599.0,260,339.0
107394,2026-05-02,15,2,70,1,35,0.0,35.0,12,23.0
107395,2024-03-10,9,10,47,1,79,0.0,79.0,25,54.0
107395,2024-03-10,18,10,47,1,24,0.0,24.0,8,16.0
107396,2024-12-20,15,1,4,1,35,0.0,35.0,12,23.0
107397,2024-06-05,3,10,385,1,649,0.0,649.0,350,299.0
107398,2025-05-15,12,3,286,1,279,0.0,279.0,140,139.0
107399,2024-09-21,5,7,320,2,349,50.69,647.31,360,287.31
107399,2024-09-21,7,7,320,1,599,0.0,599.0,260,339.0
107400,2026-07-19,20,7,312,1,179,16.89,162.11,70,92.11
107401,2025-08-06,9,9,228,1,79,0.0,79.0,25,54.0
107402,2026-05-30,2,2,318,1,799,0.0,799.0,480,319.0
107403,2024-11-04,13,2,187,1,199,19.33,179.67,95,84.67
107404,2024-02-02,10,8,203,1,149,0.0,149.0,60,89.0
107405,2026-02-07,1,9,38,1,999,0.0,999.0,620,379.0
107406,2025-12-07,16,6,379,1,39,0.0,39.0,15,24.0
107407,2025-07-22,1,5,319,1,999,0.0,999.0,620,379.0
107408,2026-03-19,9,8,291,1,79,0.0,79.0,25,54.0
107409,2026-04-10,11,1,253,1,129,0.0,129.0,45,84.0
107409,2026-04-10,20,1,253,1,179,0.0,179.0,70,109.0
107410,2025-09-04,20,10,213,1,179,0.0,179.0,70,109.0
107410,2025-09-04,14,10,213,1,49,5.38,43.62,18,25.62
107411,2026-08-01,14,1,247,2,49,0.0,98.0,36,62.0
107412,2025-12-19,10,10,223,2,149,27.52,270.48,120,150.48
107413,2025-11-19,18,5,343,1,24,1.32,22.68,8,14.68
107414,2025-01-07,5,1,353,1,349,0.0,349.0,180,169.0
107414,2025-01-07,11,1,353,1,129,0.0,129.0,45,84.0
107415,2024-01-03,4,5,370,2,399,0.0,798.0,420,378.0
107416,2024-09-30,11,3,290,1,129,10.86,118.14,45,73.14
107416,2024-09-30,5,3,290,2,349,0.0,698.0,360,338.0
107417,2026-01-25,16,2,278,1,39,8.82,30.18,15,15.18
107417,2026-01-25,2,2,278,1,799,0.0,799.0,480,319.0
107418,2025-12-12,11,4,57,1,129,0.0,129.0,45,84.0
107419,2024-12-14,19,8,338,1,99,0.0,99.0,35,64.0
107420,2025-10-09,2,5,279,1,799,77.16,721.84,480,241.84
107421,2024-08-12,18,10,281,1,24,0.0,24.0,8,16.0
107422,2024-10-22,16,10,210,1,39,0.0,39.0,15,24.0
107422,2024-10-22,8,10,210,1,349,0.0,349.0,150,199.0
107423,2026-07-15,20,1,44,1,179,0.0,179.0,70,109.0
107424,2025-03-08,6,5,142,2,249,0.0,498.0,240,258.0
107425,2024-10-04,8,2,187,1,349,0.0,349.0,150,199.0
107426,2025-05-23,8,4,358,1,349,0.0,349.0,150,199.0
107426,2025-05-23,17,4,358,1,89,0.0,89.0,30,59.0
107427,2025-02-06,5,3,284,1,349,0.0,349.0,180,169.0
107428,2025-12-25,9,5,324,1,79,6.09,72.91,25,47.91
107428,2025-12-25,2,5,324,2,799,0.0,1598.0,960,638.0
107429,2026-07-28,5,6,159,1,349,0.0,349.0,180,169.0
107430,2025-09-07,15,3,120,1,35,0.0,35.0,12,23.0
107431,2025-09-07,17,2,129,1,89,21.17,67.83,30,37.83
107432,2025-01-11,6,4,308,1,249,0.0,249.0,120,129.0
107433,2025-08-11,15,8,191,1,35,0.0,35.0,12,23.0
107433,2025-08-11,9,8,191,1,79,6.73,72.27,25,47.27
107434,2024-12-05,9,2,92,1,79,11.25,67.75,25,42.75
107434,2024-12-05,6,2,92,2,249,0.0,498.0,240,258.0
107435,2024-01-02,9,7,28,1,79,18.25,60.75,25,35.75
107436,2026-05-03,8,3,303,1,349,0.0,349.0,150,199.0
107436,2026-05-03,6,3,303,1,249,0.0,249.0,120,129.0
107437,2025-03-26,2,2,183,1,799,0.0,799.0,480,319.0
107438,2025-05-28,8,7,141,1,349,0.0,349.0,150,199.0
107439,2024-04-11,1,9,332,1,999,110.96,888.04,620,268.04
107439,2024-04-11,6,9,332,1,249,0.0,249.0,120,129.0
107440,2026-04-08,20,9,164,1,179,0.0,179.0,70,109.0
107441,2024-07-15,6,2,153,2,249,0.0,498.0,240,258.0
107441,2024-07-15,10,2,153,1,149,0.0,149.0,60,89.0
107441,2024-07-15,1,2,153,1,999,0.0,999.0,620,379.0
107442,2025-03-06,4,9,273,2,399,0.0,798.0,420,378.0
107443,2026-04-11,19,10,380,1,99,0.0,99.0,35,64.0
107443,2026-04-11,14,10,380,1,49,0.0,49.0,18,31.0
107443,2026-04-11,13,10,380,1,199,0.0,199.0,95,104.0
107444,2025-04-24,5,10,146,2,349,151.94,546.06,360,186.06
107445,2026-06-29,3,10,43,1,649,0.0,649.0,350,299.0
107445,2026-06-29,15,10,43,1,35,0.0,35.0,12,23.0
107446,2024-08-28,14,7,160,1,49,9.97,39.03,18,21.03
107446,2024-08-28,6,7,160,1,249,0.0,249.0,120,129.0
107447,2025-12-16,7,1,329,1,599,0.0,599.0,260,339.0
107448,2026-08-12,6,10,30,1,249,0.0,249.0,120,129.0
107449,2025-07-26,6,6,88,1,249,0.0,249.0,120,129.0
107449,2025-07-26,18,6,88,1,24,0.0,24.0,8,16.0
107450,2025-11-30,7,4,75,1,599,119.6,479.4,260,219.4
107451,2025-02-13,14,2,79,1,49,8.21,40.79,18,22.79
107452,2026-01-13,10,3,313,1,149,0.0,149.0,60,89.0
107453,2026-06-09,12,6,101,2,279,101.94,456.06,280,176.06
107454,2025-12-08,16,3,80,1,39,5.95,33.05,15,18.05
107455,2026-07-04,19,10,352,1,99,0.0,99.0,35,64.0
107456,2025-09-04,3,6,186,2,649,0.0,1298.0,700,598.0
107457,2025-08-24,18,9,84,2,24,5.63,42.37,16,26.37
107457,2025-08-24,9,9,84,2,79,35.35,122.65,50,72.65
107457,2025-08-24,8,9,84,1,349,0.0,349.0,150,199.0
107458,2024-11-24,17,1,22,1,89,0.0,89.0,30,59.0
107459,2025-12-12,17,8,360,2,89,0.0,178.0,60,118.0
107459,2025-12-12,1,8,360,3,999,0.0,2997.0,1860,1137.0
107459,2025-12-12,13,8,360,1,199,0.0,199.0,95,104.0
107460,2026-05-17,7,2,139,1,599,91.1,507.9,260,247.9
107461,2025-10-28,18,3,395,1,24,0.0,24.0,8,16.0
107462,2024-09-22,15,10,221,1,35,7.99,27.01,12,15.01
107463,2025-07-21,13,2,345,1,199,0.0,199.0,95,104.0
107463,2025-07-21,18,2,345,2,24,0.0,48.0,16,32.0
107464,2026-01-18,17,4,379,2,89,0.0,178.0,60,118.0
107464,2026-01-18,3,4,379,2,649,0.0,1298.0,700,598.0
107465,2026-07-07,17,1,56,2,89,0.0,178.0,60,118.0
107465,2026-07-07,10,1,56,2,149,0.0,298.0,120,178.0
107465,2026-07-07,1,1,56,1,999,0.0,999.0,620,379.0
107466,2024-06-29,3,9,12,2,649,0.0,1298.0,700,598.0
107466,2024-06-29,17,9,12,1,89,0.0,89.0,30,59.0
107466,2024-06-29,19,9,12,1,99,0.0,99.0,35,64.0
107467,2024-05-28,7,5,294,1,599,0.0,599.0,260,339.0
107468,2025-03-08,20,8,119,1,179,0.0,179.0,70,109.0
107469,2024-05-26,8,10,385,1,349,0.0,349.0,150,199.0
107470,2026-08-14,18,1,57,2,24,3.48,44.52,16,28.52
107470,2026-08-14,2,1,57,1,799,0.0,799.0,480,319.0
107470,2026-08-14,10,1,57,1,149,0.0,149.0,60,89.0
107471,2025-03-20,12,7,357,1,279,0.0,279.0,140,139.0
107472,2025-07-09,2,10,112,1,799,0.0,799.0,480,319.0
107472,2025-07-09,5,10,112,3,349,0.0,1047.0,540,507.0
107472,2025-07-09,10,10,112,1,149,0.0,149.0,60,89.0
107473,2024-09-15,3,10,342,1,649,0.0,649.0,350,299.0
107474,2025-04-15,15,2,369,3,35,0.0,105.0,36,69.0
107475,2026-08-18,3,2,150,1,649,0.0,649.0,350,299.0
107475,2026-08-18,16,2,150,1,39,0.0,39.0,15,24.0
107475,2026-08-18,12,2,150,3,279,0.0,837.0,420,417.0
107476,2025-05-24,12,2,341,2,279,0.0,558.0,280,278.0
107477,2024-01-11,11,10,47,2,129,0.0,258.0,90,168.0
107478,2024-10-02,2,4,93,1,799,0.0,799.0,480,319.0
107479,2026-08-12,10,7,29,1,149,0.0,149.0,60,89.0
107480,2026-08-22,7,2,224,1,599,0.0,599.0,260,339.0
107481,2024-08-29,4,9,286,3,399,0.0,1197.0,630,567.0
107481,2024-08-29,9,9,286,1,79,0.0,79.0,25,54.0
107482,2025-09-30,8,10,217,1,349,0.0,349.0,150,199.0
107482,2025-09-30,20,10,217,2,179,0.0,358.0,140,218.0
107483,2024-04-04,19,8,152,2,99,44.85,153.15,70,83.15
107484,2025-08-24,15,10,187,1,35,3.7,31.3,12,19.3
107485,2024-05-26,18,1,44,1,24,0.0,24.0,8,16.0
107486,2026-03-22,14,6,111,1,49,0.0,49.0,18,31.0
107487,2026-07-07,7,1,60,1,599,52.44,546.56,260,286.56
107487,2026-07-07,16,1,60,1,39,0.0,39.0,15,24.0
107488,2024-07-18,5,6,292,2,349,0.0,698.0,360,338.0
107489,2025-04-29,13,1,113,1,199,0.0,199.0,95,104.0
107490,2024-05-01,1,1,339,2,999,0.0,1998.0,1240,758.0
107491,2024-12-20,18,10,220,2,24,0.0,48.0,16,32.0
107492,2024-03-21,4,6,364,1,399,0.0,399.0,210,189.0
107493,2024-10-22,8,8,46,1,349,0.0,349.0,150,199.0
107494,2026-08-23,15,10,127,1,35,0.0,35.0,12,23.0
107494,2026-08-23,12,10,127,1,279,0.0,279.0,140,139.0
107495,2024-02-26,9,10,189,1,79,19.36,59.64,25,34.64
107496,2026-04-27,3,7,327,1,649,0.0,649.0,350,299.0
107497,2024-04-04,11,5,43,2,129,0.0,258.0,90,168.0
107498,2025-07-04,11,1,285,3,129,0.0,387.0,135,252.0
107498,2025-07-04,14,1,285,1,49,0.0,49.0,18,31.0
107499,2025-04-18,7,10,1,2,599,0.0,1198.0,520,678.0
107499,2025-04-18,20,10,1,1,179,0.0,179.0,70,109.0
107500,2026-06-30,2,3,236,1,799,0.0,799.0,480,319.0
107501,2024-08-16,6,1,219,2,249,0.0,498.0,240,258.0
107502,2024-07-26,13,2,168,2,199,0.0,398.0,190,208.0
107502,2024-07-26,15,2,168,2,35,11.21,58.79,24,34.79
107503,2026-01-10,11,10,21,1,129,0.0,129.0,45,84.0
107504,2025-12-23,7,4,157,1,599,0.0,599.0,260,339.0
107505,2025-12-05,1,2,63,1,999,0.0,999.0,620,379.0
107506,2024-02-02,19,2,381,1,99,0.0,99.0,35,64.0
107507,2024-10-18,20,2,248,1,179,0.0,179.0,70,109.0
107508,2026-04-10,19,7,390,1,99,0.0,99.0,35,64.0
107508,2026-04-10,14,7,390,3,49,11.32,135.68,54,81.68
107508,2026-04-10,7,7,390,1,599,0.0,599.0,260,339.0
107509,2025-09-16,8,5,121,1,349,0.0,349.0,150,199.0
107510,2025-09-17,10,10,321,2,149,0.0,298.0,120,178.0
107511,2024-11-17,3,9,313,1,649,0.0,649.0,350,299.0
107512,2024-10-18,5,8,233,1,349,0.0,349.0,180,169.0
107513,2026-07-14,15,8,276,2,35,0.0,70.0,24,46.0
107513,2026-07-14,20,8,276,2,179,0.0,358.0,140,218.0
107514,2025-12-24,18,9,100,1,24,0.0,24.0,8,16.0
107515,2024-05-27,13,1,303,1,199,0.0,199.0,95,104.0
107516,2026-07-05,3,6,386,1,649,0.0,649.0,350,299.0
107517,2025-08-29,15,10,167,1,35,0.0,35.0,12,23.0
107518,2024-12-15,2,10,202,1,799,0.0,799.0,480,319.0
107519,2025-02-18,6,4,156,2,249,0.0,498.0,240,258.0
107520,2025-12-22,13,1,302,1,199,0.0,199.0,95,104.0
107520,2025-12-22,12,1,302,1,279,0.0,279.0,140,139.0
107520,2025-12-22,9,1,302,1,79,18.7,60.3,25,35.3
107521,2025-01-24,10,2,160,1,149,0.0,149.0,60,89.0
107522,2025-08-25,2,10,167,1,799,0.0,799.0,480,319.0
107523,2025-12-12,16,9,285,2,39,0.0,78.0,30,48.0
107524,2024-08-12,13,4,6,1,199,46.2,152.8,95,57.8
107525,2026-07-12,3,9,95,1,649,0.0,649.0,350,299.0
107525,2026-07-12,5,9,95,1,349,0.0,349.0,180,169.0
107526,2025-01-01,1,2,114,1,999,0.0,999.0,620,379.0
107527,2025-03-15,19,2,288,1,99,11.33,87.67,35,52.67
107527,2025-03-15,7,2,288,2,599,0.0,1198.0,520,678.0
107528,2025-12-04,16,3,141,1,39,0.0,39.0,15,24.0
107529,2025-09-24,18,5,110,2,24,4.96,43.04,16,27.04
107529,2025-09-24,3,5,110,1,649,0.0,649.0,350,299.0
107530,2025-04-06,7,2,140,1,599,0.0,599.0,260,339.0
107531,2025-10-31,19,3,107,1,99,0.0,99.0,35,64.0
107531,2025-10-31,1,3,107,1,999,172.26,826.74,620,206.74
107531,2025-10-31,15,3,107,2,35,0.0,70.0,24,46.0
107532,2026-06-04,18,4,275,1,24,0.0,24.0,8,16.0
107532,2026-06-04,10,4,275,2,149,0.0,298.0,120,178.0
107533,2026-03-04,8,3,23,1,349,0.0,349.0,150,199.0
107534,2026-03-27,17,1,12,1,89,0.0,89.0,30,59.0
107535,2024-10-17,7,4,164,2,599,0.0,1198.0,520,678.0
107535,2024-10-17,10,4,164,1,149,0.0,149.0,60,89.0
107536,2025-03-15,9,6,242,1,79,0.0,79.0,25,54.0
107537,2025-07-31,19,5,231,2,99,0.0,198.0,70,128.0
107537,2025-07-31,11,5,231,1,129,0.0,129.0,45,84.0
107538,2024-02-25,16,3,257,1,39,0.0,39.0,15,24.0
107539,2026-01-31,8,6,121,1,349,0.0,349.0,150,199.0
107540,2024-12-08,8,3,375,1,349,74.47,274.53,150,124.53
107541,2024-11-07,10,7,80,1,149,10.71,138.29,60,78.29
107542,2024-10-17,16,4,391,1,39,0.0,39.0,15,24.0
107543,2024-11-08,7,10,246,1,599,0.0,599.0,260,339.0
107544,2024-12-19,4,7,39,2,399,86.79,711.21,420,291.21
107544,2024-12-19,11,7,39,1,129,10.01,118.99,45,73.99
107544,2024-12-19,3,7,39,1,649,125.03,523.97,350,173.97
107545,2025-09-20,20,4,346,1,179,23.44,155.56,70,85.56
107546,2025-08-30,10,5,92,1,149,0.0,149.0,60,89.0
107547,2024-10-14,11,4,262,1,129,17.61,111.39,45,66.39
107547,2024-10-14,14,4,262,1,49,0.0,49.0,18,31.0
107548,2024-08-24,6,8,282,1,249,0.0,249.0,120,129.0
107548,2024-08-24,8,8,282,3,349,158.27,888.73,450,438.73
107549,2026-03-29,12,8,296,1,279,0.0,279.0,140,139.0
107550,2024-04-21,2,7,227,1,799,0.0,799.0,480,319.0
107551,2025-06-18,19,7,331,1,99,0.0,99.0,35,64.0
107552,2025-06-25,15,6,82,1,35,0.0,35.0,12,23.0
107553,2025-08-21,8,4,39,1,349,0.0,349.0,150,199.0
107553,2025-08-21,17,4,39,1,89,0.0,89.0,30,59.0
107553,2025-08-21,15,4,39,1,35,0.0,35.0,12,23.0
107554,2026-05-20,1,7,316,1,999,0.0,999.0,620,379.0
107555,2025-10-08,4,9,323,1,399,0.0,399.0,210,189.0
107556,2026-08-08,5,8,242,1,349,0.0,349.0,180,169.0
107557,2026-05-08,1,3,95,3,999,0.0,2997.0,1860,1137.0
107558,2024-09-03,11,9,321,3,129,0.0,387.0,135,252.0
107559,2024-09-30,19,10,364,1,99,0.0,99.0,35,64.0
107560,2024-12-24,17,1,146,1,89,4.62,84.38,30,54.38
107560,2024-12-24,6,1,146,3,249,0.0,747.0,360,387.0
107561,2025-02-11,18,10,174,2,24,0.0,48.0,16,32.0
107562,2025-07-30,4,1,42,1,399,28.6,370.4,210,160.4
107562,2025-07-30,13,1,42,1,199,0.0,199.0,95,104.0
107563,2024-09-21,10,5,72,2,149,0.0,298.0,120,178.0
107563,2024-09-21,20,5,72,1,179,0.0,179.0,70,109.0
107564,2024-09-10,15,4,150,1,35,0.0,35.0,12,23.0
107564,2024-09-10,5,4,150,1,349,0.0,349.0,180,169.0
107565,2025-01-30,3,2,206,2,649,0.0,1298.0,700,598.0
107566,2025-11-16,13,8,152,1,199,0.0,199.0,95,104.0
107567,2025-11-27,10,8,197,1,149,0.0,149.0,60,89.0
107568,2026-08-10,9,1,110,1,79,0.0,79.0,25,54.0
107569,2024-08-20,19,9,200,1,99,0.0,99.0,35,64.0
107569,2024-08-20,4,9,200,1,399,0.0,399.0,210,189.0
107570,2025-02-13,4,9,342,2,399,0.0,798.0,420,378.0
107571,2026-07-31,18,10,282,1,24,0.0,24.0,8,16.0
107571,2026-07-31,17,10,282,2,89,0.0,178.0,60,118.0
107572,2025-11-29,2,4,278,1,799,0.0,799.0,480,319.0
107573,2025-09-08,17,4,135,1,89,0.0,89.0,30,59.0
107573,2025-09-08,6,4,135,1,249,0.0,249.0,120,129.0
107574,2025-07-16,3,9,262,1,649,0.0,649.0,350,299.0
107575,2024-04-02,16,6,390,1,39,0.0,39.0,15,24.0
107576,2026-05-27,8,8,213,1,349,0.0,349.0,150,199.0
107577,2025-10-09,19,1,233,1,99,0.0,99.0,35,64.0
107577,2025-10-09,3,1,233,1,649,0.0,649.0,350,299.0
107578,2025-08-18,9,2,52,1,79,19.08,59.92,25,34.92
107578,2025-08-18,13,2,52,2,199,0.0,398.0,190,208.0
107579,2025-07-16,15,8,216,1,35,5.93,29.07,12,17.07
107579,2025-07-16,19,8,216,1,99,0.0,99.0,35,64.0
107580,2025-02-12,8,10,206,1,349,0.0,349.0,150,199.0
107581,2024-10-13,2,5,294,2,799,369.64,1228.36,960,268.36
107582,2026-01-17,20,5,267,1,179,0.0,179.0,70,109.0
107583,2025-06-14,13,2,238,1,199,0.0,199.0,95,104.0
107584,2024-02-12,5,1,158,3,349,0.0,1047.0,540,507.0
107585,2025-02-20,17,6,347,1,89,0.0,89.0,30,59.0
107586,2026-06-27,9,8,353,1,79,0.0,79.0,25,54.0
107586,2026-06-27,12,8,353,1,279,0.0,279.0,140,139.0
107587,2025-01-21,14,1,4,1,49,0.0,49.0,18,31.0
107587,2025-01-21,3,1,4,1,649,0.0,649.0,350,299.0
107588,2025-03-08,19,10,381,1,99,0.0,99.0,35,64.0
107589,2025-10-08,20,4,223,1,179,0.0,179.0,70,109.0
107590,2026-03-06,19,6,113,1,99,0.0,99.0,35,64.0
107591,2025-11-13,7,6,117,1,599,103.71,495.29,260,235.29
107592,2026-04-19,15,2,126,1,35,0.0,35.0,12,23.0
107593,2024-05-14,13,4,173,1,199,0.0,199.0,95,104.0
107593,2024-05-14,14,4,173,1,49,0.0,49.0,18,31.0
107594,2026-06-23,4,6,130,1,399,0.0,399.0,210,189.0
107594,2026-06-23,5,6,130,1,349,0.0,349.0,180,169.0
107595,2026-06-05,3,9,397,3,649,0.0,1947.0,1050,897.0
107596,2025-06-24,12,10,66,2,279,0.0,558.0,280,278.0
107596,2025-06-24,17,10,66,2,89,0.0,178.0,60,118.0
107597,2025-10-09,6,4,144,1,249,0.0,249.0,120,129.0
107598,2024-09-01,5,5,68,1,349,0.0,349.0,180,169.0
107599,2025-04-14,15,2,334,3,35,0.0,105.0,36,69.0
107600,2024-08-20,1,9,50,1,999,0.0,999.0,620,379.0
107601,2024-01-28,17,9,44,1,89,0.0,89.0,30,59.0
107602,2026-08-14,6,10,268,1,249,0.0,249.0,120,129.0
107603,2024-10-17,20,2,122,1,179,25.27,153.73,70,83.73
107604,2025-09-09,15,10,388,1,35,3.61,31.39,12,19.39
107605,2024-11-21,6,3,162,2,249,0.0,498.0,240,258.0
107605,2024-11-21,1,3,162,1,999,217.27,781.73,620,161.73
107606,2025-01-18,8,4,394,1,349,76.35,272.65,150,122.65
107607,2025-02-19,13,4,235,2,199,0.0,398.0,190,208.0
107608,2024-12-17,10,1,57,1,149,0.0,149.0,60,89.0
107609,2025-10-20,1,9,283,2,999,0.0,1998.0,1240,758.0
107610,2026-07-27,15,8,130,2,35,0.0,70.0,24,46.0
107611,2025-03-25,8,5,399,1,349,0.0,349.0,150,199.0
107612,2026-08-08,8,7,20,2,349,0.0,698.0,300,398.0
107613,2025-11-13,8,2,299,1,349,0.0,349.0,150,199.0
107614,2025-09-22,13,4,25,2,199,83.88,314.12,190,124.12
107614,2025-09-22,15,4,25,1,35,0.0,35.0,12,23.0
107615,2024-09-26,20,7,152,1,179,0.0,179.0,70,109.0
107616,2024-03-19,7,1,227,1,599,0.0,599.0,260,339.0
107617,2026-04-21,17,3,192,1,89,0.0,89.0,30,59.0
107617,2026-04-21,10,3,192,2,149,0.0,298.0,120,178.0
107618,2025-08-21,5,4,339,1,349,0.0,349.0,180,169.0
107618,2025-08-21,2,4,339,1,799,0.0,799.0,480,319.0
107618,2025-08-21,15,4,339,1,35,0.0,35.0,12,23.0
107619,2025-03-10,16,2,147,2,39,0.0,78.0,30,48.0
107620,2026-03-15,2,7,315,2,799,150.69,1447.31,960,487.31
107621,2024-11-29,1,10,152,1,999,226.02,772.98,620,152.98
107622,2026-02-15,20,10,272,1,179,0.0,179.0,70,109.0
107623,2024-12-12,13,5,248,3,199,0.0,597.0,285,312.0
107623,2024-12-12,10,5,248,1,149,34.73,114.27,60,54.27
107623,2024-12-12,9,5,248,1,79,0.0,79.0,25,54.0
107624,2026-06-20,11,4,380,1,129,0.0,129.0,45,84.0
107625,2024-10-26,6,6,131,1,249,0.0,249.0,120,129.0
107625,2024-10-26,12,6,131,2,279,0.0,558.0,280,278.0
107626,2024-06-08,6,8,377,1,249,0.0,249.0,120,129.0
107627,2025-12-04,17,7,59,1,89,0.0,89.0,30,59.0
107628,2024-07-06,20,7,206,2,179,0.0,358.0,140,218.0
107629,2026-07-16,2,2,389,1,799,0.0,799.0,480,319.0
107630,2025-11-04,8,7,59,2,349,0.0,698.0,300,398.0
107631,2024-09-19,18,4,348,1,24,0.0,24.0,8,16.0
107631,2024-09-19,5,4,348,1,349,0.0,349.0,180,169.0
107632,2024-08-27,19,7,13,1,99,0.0,99.0,35,64.0
107633,2026-06-23,11,3,394,1,129,8.95,120.05,45,75.05
107634,2025-09-23,13,8,246,1,199,0.0,199.0,95,104.0
107635,2026-05-27,17,10,21,1,89,0.0,89.0,30,59.0
107635,2026-05-27,5,10,21,2,349,0.0,698.0,360,338.0
107636,2024-05-10,5,9,37,1,349,0.0,349.0,180,169.0
107637,2026-06-24,8,5,58,1,349,23.36,325.64,150,175.64
107638,2025-06-25,15,10,352,1,35,0.0,35.0,12,23.0
107639,2025-11-13,19,6,78,1,99,19.89,79.11,35,44.11
107639,2025-11-13,2,6,78,1,799,0.0,799.0,480,319.0
107640,2025-01-20,8,1,73,1,349,0.0,349.0,150,199.0
107640,2025-01-20,1,1,73,1,999,0.0,999.0,620,379.0
107641,2024-03-14,9,7,309,1,79,13.72,65.28,25,40.28
107641,2024-03-14,16,7,309,2,39,0.0,78.0,30,48.0
107642,2026-07-25,2,2,168,1,799,0.0,799.0,480,319.0
107643,2026-08-27,1,9,163,1,999,0.0,999.0,620,379.0
107644,2025-01-11,20,2,88,1,179,0.0,179.0,70,109.0
107644,2025-01-11,1,2,88,2,999,0.0,1998.0,1240,758.0
107644,2025-01-11,4,2,88,2,399,0.0,798.0,420,378.0
107645,2026-07-11,15,2,146,2,35,0.0,70.0,24,46.0
107645,2026-07-11,8,2,146,1,349,0.0,349.0,150,199.0
107646,2024-07-12,14,6,180,2,49,0.0,98.0,36,62.0
107647,2024-06-27,20,6,135,1,179,0.0,179.0,70,109.0
107648,2024-03-30,19,8,191,1,99,0.0,99.0,35,64.0
107649,2025-02-11,1,8,172,2,999,0.0,1998.0,1240,758.0
107650,2024-03-06,4,8,201,1,399,0.0,399.0,210,189.0
107651,2025-02-15,2,10,397,1,799,0.0,799.0,480,319.0
107652,2024-06-09,20,5,33,1,179,0.0,179.0,70,109.0
107653,2025-12-26,5,1,30,1,349,49.37,299.63,180,119.63
107654,2026-04-04,7,4,88,1,599,0.0,599.0,260,339.0
107655,2025-11-27,16,2,235,1,39,0.0,39.0,15,24.0
107656,2024-08-18,13,7,101,1,199,0.0,199.0,95,104.0
107656,2024-08-18,12,7,101,1,279,0.0,279.0,140,139.0
107657,2026-01-28,3,1,288,1,649,0.0,649.0,350,299.0
107658,2024-10-08,9,9,229,2,79,0.0,158.0,50,108.0
107659,2026-01-21,6,8,210,1,249,0.0,249.0,120,129.0
107659,2026-01-21,5,8,210,1,349,0.0,349.0,180,169.0
107660,2025-08-14,20,7,79,1,179,0.0,179.0,70,109.0
107661,2025-01-13,9,5,17,2,79,17.07,140.93,50,90.93
107662,2024-04-11,18,3,113,1,24,0.0,24.0,8,16.0
107662,2024-04-11,1,3,113,1,999,0.0,999.0,620,379.0
107663,2026-03-30,3,1,145,1,649,0.0,649.0,350,299.0
107663,2026-03-30,1,1,145,1,999,102.77,896.23,620,276.23
107664,2026-07-07,20,5,30,1,179,41.7,137.3,70,67.3
107665,2025-11-11,7,3,152,1,599,0.0,599.0,260,339.0
107665,2025-11-11,18,3,152,1,24,3.76,20.24,8,12.24
107666,2026-07-31,17,10,194,1,89,7.91,81.09,30,51.09
107666,2026-07-31,12,10,194,1,279,34.37,244.63,140,104.63
107667,2026-07-02,2,1,217,1,799,0.0,799.0,480,319.0
107667,2026-07-02,10,1,217,1,149,0.0,149.0,60,89.0
107668,2024-08-11,20,10,286,1,179,0.0,179.0,70,109.0
107669,2025-12-26,10,5,164,1,149,0.0,149.0,60,89.0
107669,2025-12-26,16,5,164,2,39,0.0,78.0,30,48.0
107670,2024-12-27,3,7,110,2,649,74.27,1223.73,700,523.73
107671,2025-05-23,8,8,163,2,349,0.0,698.0,300,398.0
107671,2025-05-23,19,8,163,1,99,0.0,99.0,35,64.0
107672,2024-06-29,10,7,167,1,149,17.09,131.91,60,71.91
107673,2026-08-09,19,3,271,3,99,0.0,297.0,105,192.0
107674,2025-12-23,9,2,48,2,79,18.36,139.64,50,89.64
107675,2024-10-25,14,6,289,1,49,0.0,49.0,18,31.0
107676,2025-01-19,14,1,180,1,49,0.0,49.0,18,31.0
107677,2025-03-18,9,8,335,1,79,0.0,79.0,25,54.0
107677,2025-03-18,12,8,335,1,279,0.0,279.0,140,139.0
107678,2026-01-09,13,5,256,2,199,0.0,398.0,190,208.0
107679,2026-06-24,6,8,338,1,249,0.0,249.0,120,129.0
107680,2024-12-07,18,6,224,1,24,4.22,19.78,8,11.78
107681,2025-05-09,6,4,298,2,249,0.0,498.0,240,258.0
107682,2025-09-09,7,7,50,1,599,0.0,599.0,260,339.0
107683,2025-02-13,12,5,297,1,279,0.0,279.0,140,139.0
107684,2025-06-09,6,8,372,1,249,0.0,249.0,120,129.0
107685,2024-05-05,14,5,10,2,49,13.28,84.72,36,48.72
107686,2024-07-12,17,5,273,2,89,0.0,178.0,60,118.0
107686,2024-07-12,14,5,273,1,49,0.0,49.0,18,31.0
107687,2025-02-23,9,8,263,1,79,5.75,73.25,25,48.25
107688,2026-06-15,4,4,13,1,399,0.0,399.0,210,189.0
107689,2024-12-27,6,6,52,1,249,0.0,249.0,120,129.0
107689,2024-12-27,14,6,52,1,49,0.0,49.0,18,31.0
107690,2024-10-08,16,3,361,1,39,2.45,36.55,15,21.55
107690,2024-10-08,1,3,361,1,999,0.0,999.0,620,379.0
107690,2024-10-08,6,3,361,1,249,0.0,249.0,120,129.0
107691,2026-01-04,7,1,131,1,599,0.0,599.0,260,339.0
107692,2026-07-16,16,3,277,1,39,0.0,39.0,15,24.0
107692,2026-07-16,11,3,277,1,129,0.0,129.0,45,84.0
107692,2026-07-16,17,3,277,1,89,0.0,89.0,30,59.0
107693,2025-04-25,19,3,113,1,99,0.0,99.0,35,64.0
107694,2024-01-11,12,1,330,1,279,0.0,279.0,140,139.0
107694,2024-01-11,9,1,330,2,79,0.0,158.0,50,108.0
107695,2025-11-27,15,6,328,1,35,0.0,35.0,12,23.0
107695,2025-11-27,9,6,328,1,79,0.0,79.0,25,54.0
107696,2025-03-10,13,6,104,2,199,0.0,398.0,190,208.0
107696,2025-03-10,17,6,104,1,89,0.0,89.0,30,59.0
107697,2025-11-17,11,8,177,2,129,26.08,231.92,90,141.92
107697,2025-11-17,1,8,177,3,999,645.75,2351.25,1860,491.25
107698,2024-11-03,15,4,101,2,35,3.65,66.35,24,42.35
107699,2024-01-03,6,8,356,1,249,0.0,249.0,120,129.0
107699,2024-01-03,3,8,356,2,649,0.0,1298.0,700,598.0
107700,2024-12-23,11,7,376,1,129,0.0,129.0,45,84.0
107701,2025-12-09,5,6,12,1,349,0.0,349.0,180,169.0
107702,2025-02-13,13,8,154,2,199,0.0,398.0,190,208.0
107703,2024-09-07,19,2,386,2,99,0.0,198.0,70,128.0
107703,2024-09-07,20,2,386,2,179,0.0,358.0,140,218.0
107704,2025-04-30,5,5,338,1,349,0.0,349.0,180,169.0
107705,2026-01-14,18,9,148,2,24,9.64,38.36,16,22.36
107706,2024-05-20,3,9,115,1,649,0.0,649.0,350,299.0
107706,2024-05-20,6,9,115,1,249,0.0,249.0,120,129.0
107707,2025-11-30,20,9,297,3,179,0.0,537.0,210,327.0
107707,2025-11-30,4,9,297,2,399,0.0,798.0,420,378.0
107708,2025-11-12,3,6,104,1,649,94.69,554.31,350,204.31
107709,2025-01-18,2,9,362,2,799,0.0,1598.0,960,638.0
107710,2026-08-05,2,6,344,1,799,0.0,799.0,480,319.0
107710,2026-08-05,18,6,344,2,24,0.0,48.0,16,32.0
107711,2026-05-28,2,6,235,1,799,0.0,799.0,480,319.0
107712,2024-12-03,6,2,399,1,249,0.0,249.0,120,129.0
107713,2024-02-08,7,9,233,1,599,88.81,510.19,260,250.19
107713,2024-02-08,4,9,233,1,399,0.0,399.0,210,189.0
107714,2024-11-27,10,5,234,1,149,0.0,149.0,60,89.0
107714,2024-11-27,20,5,234,2,179,0.0,358.0,140,218.0
107715,2024-08-23,3,10,305,1,649,0.0,649.0,350,299.0
107715,2024-08-23,15,10,305,1,35,0.0,35.0,12,23.0
107716,2025-07-24,7,2,2,2,599,0.0,1198.0,520,678.0
107717,2026-06-18,4,7,328,1,399,0.0,399.0,210,189.0
107718,2026-05-07,12,1,345,2,279,0.0,558.0,280,278.0
107718,2026-05-07,4,1,345,1,399,83.07,315.93,210,105.93
107719,2024-11-25,7,5,38,1,599,30.0,569.0,260,309.0
107720,2025-03-25,17,10,160,3,89,0.0,267.0,90,177.0
107721,2024-02-15,7,9,253,1,599,0.0,599.0,260,339.0
107722,2025-07-21,6,9,304,1,249,48.7,200.3,120,80.3
107722,2025-07-21,3,9,304,1,649,0.0,649.0,350,299.0
107722,2025-07-21,16,9,304,1,39,0.0,39.0,15,24.0
107723,2024-03-19,1,3,48,1,999,54.02,944.98,620,324.98
107723,2024-03-19,16,3,48,1,39,0.0,39.0,15,24.0
107724,2026-07-06,13,6,357,2,199,0.0,398.0,190,208.0
107725,2026-05-04,9,10,391,1,79,6.87,72.13,25,47.13
107726,2024-09-02,8,2,354,1,349,0.0,349.0,150,199.0
107727,2025-12-05,1,2,223,2,999,0.0,1998.0,1240,758.0
107728,2025-08-15,13,2,247,1,199,0.0,199.0,95,104.0
107728,2025-08-15,20,2,247,1,179,0.0,179.0,70,109.0
107728,2025-08-15,6,2,247,1,249,0.0,249.0,120,129.0
107729,2026-03-05,14,6,96,1,49,2.57,46.43,18,28.43
107730,2025-05-12,20,10,255,1,179,0.0,179.0,70,109.0
107731,2024-08-08,12,9,101,1,279,62.97,216.03,140,76.03
107732,2025-10-22,5,6,243,1,349,0.0,349.0,180,169.0
107733,2024-04-07,13,6,317,1,199,0.0,199.0,95,104.0
107733,2024-04-07,8,6,317,2,349,0.0,698.0,300,398.0
107734,2025-08-31,11,4,87,2,129,0.0,258.0,90,168.0
107735,2024-08-31,20,7,257,1,179,0.0,179.0,70,109.0
107735,2024-08-31,3,7,257,1,649,0.0,649.0,350,299.0
107736,2025-11-25,1,4,266,1,999,0.0,999.0,620,379.0
107737,2026-03-31,8,5,109,1,349,0.0,349.0,150,199.0
107737,2026-03-31,7,5,109,1,599,0.0,599.0,260,339.0
107738,2024-05-09,16,10,24,2,39,0.0,78.0,30,48.0
107739,2025-02-22,8,1,331,2,349,0.0,698.0,300,398.0
107740,2025-12-28,2,1,155,1,799,0.0,799.0,480,319.0
107740,2025-12-28,6,1,155,1,249,0.0,249.0,120,129.0
107740,2025-12-28,11,1,155,1,129,11.19,117.81,45,72.81
107741,2024-07-07,13,4,230,1,199,0.0,199.0,95,104.0
107741,2024-07-07,2,4,230,1,799,49.45,749.55,480,269.55
107742,2025-08-13,17,10,244,1,89,0.0,89.0,30,59.0
107742,2025-08-13,8,10,244,1,349,0.0,349.0,150,199.0
107743,2025-11-16,20,10,228,3,179,56.84,480.16,210,270.16
107743,2025-11-16,14,10,228,2,49,0.0,98.0,36,62.0
107744,2024-12-31,16,6,160,1,39,0.0,39.0,15,24.0
107745,2026-04-03,5,4,282,1,349,0.0,349.0,180,169.0
107746,2025-06-15,3,9,79,1,649,0.0,649.0,350,299.0
107747,2025-10-11,19,8,1,2,99,0.0,198.0,70,128.0
107748,2024-06-12,17,5,320,2,89,0.0,178.0,60,118.0
107749,2024-01-29,15,6,18,1,35,0.0,35.0,12,23.0
107750,2024-03-04,9,10,159,2,79,0.0,158.0,50,108.0
107751,2026-06-05,13,4,117,1,199,0.0,199.0,95,104.0
107751,2026-06-05,6,4,117,1,249,0.0,249.0,120,129.0
107752,2026-05-18,16,5,190,2,39,0.0,78.0,30,48.0
107753,2026-03-11,6,1,206,1,249,0.0,249.0,120,129.0
107753,2026-03-11,11,1,206,2,129,0.0,258.0,90,168.0
107754,2024-08-17,14,1,160,1,49,0.0,49.0,18,31.0
107755,2025-06-30,15,1,246,1,35,0.0,35.0,12,23.0
107756,2026-02-28,16,5,279,1,39,0.0,39.0,15,24.0
107756,2026-02-28,15,5,279,2,35,0.0,70.0,24,46.0
107757,2025-11-18,4,8,358,1,399,63.61,335.39,210,125.39
107757,2025-11-18,7,8,358,3,599,0.0,1797.0,780,1017.0
107758,2024-05-15,7,2,386,1,599,116.12,482.88,260,222.88
107759,2026-05-29,15,8,64,1,35,0.0,35.0,12,23.0
107760,2024-07-04,2,1,361,3,799,0.0,2397.0,1440,957.0
107760,2024-07-04,17,1,361,2,89,0.0,178.0,60,118.0
107760,2024-07-04,4,1,361,1,399,0.0,399.0,210,189.0
107761,2024-07-17,5,5,69,2,349,0.0,698.0,360,338.0
107762,2026-06-02,14,1,50,1,49,0.0,49.0,18,31.0
107763,2025-05-20,4,10,388,2,399,0.0,798.0,420,378.0
107763,2025-05-20,20,10,388,1,179,0.0,179.0,70,109.0
107764,2025-01-20,10,1,301,1,149,0.0,149.0,60,89.0
107765,2025-07-31,7,4,238,1,599,131.77,467.23,260,207.23
107766,2026-08-15,12,6,60,1,279,42.01,236.99,140,96.99
107766,2026-08-15,3,6,60,1,649,0.0,649.0,350,299.0
107767,2024-05-20,12,7,382,2,279,0.0,558.0,280,278.0
107767,2024-05-20,11,7,382,1,129,0.0,129.0,45,84.0
107768,2026-01-19,19,2,319,1,99,0.0,99.0,35,64.0
107769,2024-12-16,9,3,73,2,79,0.0,158.0,50,108.0
107769,2024-12-16,5,3,73,1,349,0.0,349.0,180,169.0
107769,2024-12-16,13,3,73,1,199,0.0,199.0,95,104.0
107770,2024-05-17,7,10,33,1,599,0.0,599.0,260,339.0
107770,2024-05-17,14,10,33,1,49,0.0,49.0,18,31.0
107771,2025-03-18,5,3,215,1,349,0.0,349.0,180,169.0
107772,2025-07-26,4,6,341,1,399,0.0,399.0,210,189.0
107773,2024-08-24,20,4,219,1,179,0.0,179.0,70,109.0
107774,2025-02-28,17,10,153,1,89,0.0,89.0,30,59.0
107774,2025-02-28,11,10,153,1,129,0.0,129.0,45,84.0
107775,2025-10-18,6,1,400,1,249,0.0,249.0,120,129.0
107775,2025-10-18,11,1,400,1,129,0.0,129.0,45,84.0
107776,2025-08-23,20,2,98,1,179,0.0,179.0,70,109.0
107776,2025-08-23,15,2,98,1,35,0.0,35.0,12,23.0
107777,2025-12-21,7,8,114,1,599,0.0,599.0,260,339.0
107778,2026-04-07,8,8,371,1,349,0.0,349.0,150,199.0
107778,2026-04-07,9,8,371,1,79,0.0,79.0,25,54.0
107778,2026-04-07,16,8,371,1,39,5.26,33.74,15,18.74
107779,2025-03-04,14,5,39,1,49,0.0,49.0,18,31.0
107780,2025-03-19,5,6,172,1,349,0.0,349.0,180,169.0
107781,2025-06-01,6,10,367,1,249,0.0,249.0,120,129.0
107782,2025-08-13,13,8,69,2,199,25.77,372.23,190,182.23
107783,2024-05-08,5,4,184,1,349,0.0,349.0,180,169.0
107784,2024-11-30,11,2,257,3,129,31.56,355.44,135,220.44
107784,2024-11-30,6,2,257,1,249,46.32,202.68,120,82.68
107785,2024-07-17,4,6,294,1,399,35.71,363.29,210,153.29
107786,2025-02-04,7,10,353,1,599,0.0,599.0,260,339.0
107786,2025-02-04,8,10,353,1,349,0.0,349.0,150,199.0
107787,2026-08-08,7,6,356,2,599,0.0,1198.0,520,678.0
107787,2026-08-08,11,6,356,1,129,0.0,129.0,45,84.0
107788,2025-08-30,10,5,247,1,149,0.0,149.0,60,89.0
107789,2025-03-26,20,10,368,2,179,19.76,338.24,140,198.24
107790,2025-08-12,19,2,67,1,99,0.0,99.0,35,64.0
107791,2025-11-14,11,10,111,2,129,0.0,258.0,90,168.0
107791,2025-11-14,2,10,111,1,799,0.0,799.0,480,319.0
107791,2025-11-14,20,10,111,1,179,0.0,179.0,70,109.0
107792,2025-04-01,8,2,255,1,349,0.0,349.0,150,199.0
107792,2025-04-01,1,2,255,1,999,0.0,999.0,620,379.0
107793,2025-04-14,16,8,239,2,39,0.0,78.0,30,48.0
107793,2025-04-14,10,8,239,1,149,0.0,149.0,60,89.0
107793,2025-04-14,11,8,239,1,129,0.0,129.0,45,84.0
107794,2025-12-06,6,4,199,1,249,43.66,205.34,120,85.34
107795,2024-03-16,6,8,367,1,249,0.0,249.0,120,129.0
107795,2024-03-16,11,8,367,2,129,0.0,258.0,90,168.0
107796,2025-07-16,15,4,42,1,35,0.0,35.0,12,23.0
107796,2025-07-16,16,4,42,1,39,0.0,39.0,15,24.0
107797,2025-07-24,14,10,247,1,49,3.82,45.18,18,27.18
107797,2025-07-24,19,10,247,1,99,0.0,99.0,35,64.0
107798,2026-01-18,3,7,353,1,649,0.0,649.0,350,299.0
107798,2026-01-18,4,7,353,1,399,0.0,399.0,210,189.0
107799,2026-08-16,20,7,15,1,179,0.0,179.0,70,109.0
107800,2026-02-28,15,1,199,1,35,0.0,35.0,12,23.0
107801,2025-06-08,8,9,320,1,349,0.0,349.0,150,199.0
107802,2024-07-14,10,2,249,2,149,0.0,298.0,120,178.0
107803,2025-09-04,11,9,276,2,129,0.0,258.0,90,168.0
107803,2025-09-04,17,9,276,1,89,0.0,89.0,30,59.0
107804,2026-04-05,10,5,110,2,149,0.0,298.0,120,178.0
107804,2026-04-05,7,5,110,1,599,35.0,564.0,260,304.0
107805,2026-06-30,20,3,101,1,179,0.0,179.0,70,109.0
107805,2026-06-30,16,3,101,1,39,0.0,39.0,15,24.0
107806,2026-03-28,19,8,364,2,99,0.0,198.0,70,128.0
107807,2024-08-05,11,8,130,2,129,0.0,258.0,90,168.0
107808,2025-12-14,13,4,214,1,199,22.35,176.65,95,81.65
107808,2025-12-14,16,4,214,2,39,0.0,78.0,30,48.0
107809,2026-05-15,1,10,48,2,999,0.0,1998.0,1240,758.0
107810,2025-11-22,9,3,281,1,79,13.35,65.65,25,40.65
107811,2025-11-26,12,10,200,1,279,0.0,279.0,140,139.0
107812,2025-06-05,6,2,292,1,249,0.0,249.0,120,129.0
107813,2025-10-19,17,1,91,1,89,0.0,89.0,30,59.0
107814,2024-11-16,13,9,9,1,199,0.0,199.0,95,104.0
107815,2024-04-17,1,1,154,1,999,0.0,999.0,620,379.0
107815,2024-04-17,4,1,154,1,399,55.43,343.57,210,133.57
107816,2026-03-30,16,2,384,2,39,0.0,78.0,30,48.0
107816,2026-03-30,12,2,384,1,279,0.0,279.0,140,139.0
107817,2026-07-11,15,10,127,1,35,0.0,35.0,12,23.0
107818,2026-04-25,20,5,277,2,179,0.0,358.0,140,218.0
107819,2024-12-16,15,2,294,1,35,0.0,35.0,12,23.0
107820,2024-04-22,15,1,218,1,35,0.0,35.0,12,23.0
107820,2024-04-22,18,1,218,2,24,0.0,48.0,16,32.0
107821,2024-11-05,13,3,53,1,199,0.0,199.0,95,104.0
107821,2024-11-05,6,3,53,1,249,50.91,198.09,120,78.09
107822,2026-04-13,19,4,87,1,99,0.0,99.0,35,64.0
107823,2025-11-04,9,7,239,1,79,10.05,68.95,25,43.95
107824,2026-08-02,9,10,28,1,79,0.0,79.0,25,54.0
107825,2024-12-22,17,9,339,3,89,0.0,267.0,90,177.0
107825,2024-12-22,12,9,339,1,279,61.8,217.2,140,77.2
107826,2025-07-28,13,3,335,2,199,75.23,322.77,190,132.77
107826,2025-07-28,12,3,335,1,279,0.0,279.0,140,139.0
107827,2026-02-22,12,5,97,1,279,0.0,279.0,140,139.0
107827,2026-02-22,10,5,97,1,149,0.0,149.0,60,89.0
107828,2024-09-23,7,10,184,1,599,0.0,599.0,260,339.0
107829,2026-07-30,2,8,274,2,799,0.0,1598.0,960,638.0
107829,2026-07-30,4,8,274,1,399,0.0,399.0,210,189.0
107830,2025-09-08,18,9,163,2,24,9.84,38.16,16,22.16
107831,2024-01-10,7,8,21,1,599,0.0,599.0,260,339.0
107831,2024-01-10,8,8,21,2,349,0.0,698.0,300,398.0
107832,2024-01-31,20,8,381,1,179,0.0,179.0,70,109.0
107833,2026-05-17,8,3,345,2,349,0.0,698.0,300,398.0
107833,2026-05-17,6,3,345,2,249,0.0,498.0,240,258.0
107834,2025-10-27,18,4,380,1,24,0.0,24.0,8,16.0
107834,2025-10-27,8,4,380,1,349,0.0,349.0,150,199.0
107834,2025-10-27,13,4,380,1,199,0.0,199.0,95,104.0
107835,2026-01-25,15,6,331,1,35,0.0,35.0,12,23.0
107835,2026-01-25,6,6,331,1,249,0.0,249.0,120,129.0
107836,2026-02-15,10,9,343,1,149,0.0,149.0,60,89.0
107837,2025-03-16,7,10,359,1,599,0.0,599.0,260,339.0
107838,2026-03-03,4,1,154,1,399,0.0,399.0,210,189.0
107839,2026-07-05,11,2,253,1,129,0.0,129.0,45,84.0
107840,2024-07-17,20,4,316,1,179,0.0,179.0,70,109.0
107841,2026-01-26,3,6,1,2,649,0.0,1298.0,700,598.0
107842,2024-11-27,13,9,362,2,199,0.0,398.0,190,208.0
107842,2024-11-27,4,9,362,2,399,0.0,798.0,420,378.0
107843,2024-12-07,14,6,304,1,49,0.0,49.0,18,31.0
107843,2024-12-07,15,6,304,1,35,0.0,35.0,12,23.0
107844,2025-03-08,13,1,302,1,199,0.0,199.0,95,104.0
107845,2026-05-01,20,2,139,1,179,0.0,179.0,70,109.0
107846,2024-01-28,9,4,371,1,79,0.0,79.0,25,54.0
107847,2025-03-31,5,10,189,1,349,0.0,349.0,180,169.0
107847,2025-03-31,3,10,189,1,649,0.0,649.0,350,299.0
107848,2025-11-22,2,6,79,1,799,0.0,799.0,480,319.0
107848,2025-11-22,9,6,79,1,79,0.0,79.0,25,54.0
107848,2025-11-22,1,6,79,2,999,0.0,1998.0,1240,758.0
107849,2024-05-10,4,4,292,2,399,0.0,798.0,420,378.0
107850,2026-02-24,20,9,138,1,179,0.0,179.0,70,109.0
107851,2026-07-09,10,1,289,1,149,0.0,149.0,60,89.0
107851,2026-07-09,5,1,289,1,349,0.0,349.0,180,169.0
107851,2026-07-09,15,1,289,1,35,7.22,27.78,12,15.78
107852,2024-04-19,4,8,58,2,399,67.16,730.84,420,310.84
107853,2024-06-25,1,9,55,1,999,0.0,999.0,620,379.0
107854,2026-08-08,14,3,197,1,49,0.0,49.0,18,31.0
107854,2026-08-08,3,3,197,2,649,0.0,1298.0,700,598.0
107854,2026-08-08,8,3,197,1,349,0.0,349.0,150,199.0
107855,2024-08-15,11,8,397,2,129,0.0,258.0,90,168.0
107856,2024-04-06,9,6,305,1,79,0.0,79.0,25,54.0
107857,2026-07-19,17,10,315,1,89,0.0,89.0,30,59.0
107858,2026-05-26,2,7,147,2,799,0.0,1598.0,960,638.0
107858,2026-05-26,5,7,147,1,349,0.0,349.0,180,169.0
107859,2025-11-04,1,8,123,1,999,0.0,999.0,620,379.0
107860,2025-07-28,12,4,276,1,279,0.0,279.0,140,139.0
107861,2026-06-19,19,8,106,1,99,0.0,99.0,35,64.0
107861,2026-06-19,14,8,106,1,49,0.0,49.0,18,31.0
107862,2025-11-04,20,6,116,2,179,0.0,358.0,140,218.0
107863,2025-11-06,1,1,12,1,999,87.78,911.22,620,291.22
107864,2026-04-14,20,8,373,1,179,20.75,158.25,70,88.25
107865,2025-11-02,6,4,179,1,249,0.0,249.0,120,129.0
107866,2025-06-08,17,7,343,3,89,0.0,267.0,90,177.0
107867,2025-02-09,11,6,198,1,129,0.0,129.0,45,84.0
107867,2025-02-09,6,6,198,2,249,0.0,498.0,240,258.0
107868,2025-06-08,1,2,100,1,999,0.0,999.0,620,379.0
107868,2025-06-08,15,2,100,1,35,8.55,26.45,12,14.45
107869,2025-06-27,9,1,72,1,79,0.0,79.0,25,54.0
107870,2025-01-06,6,2,177,1,249,0.0,249.0,120,129.0
107870,2025-01-06,11,2,177,1,129,0.0,129.0,45,84.0
107871,2025-04-14,7,10,161,1,599,0.0,599.0,260,339.0
107871,2025-04-14,12,10,161,1,279,0.0,279.0,140,139.0
107872,2026-03-06,3,8,74,1,649,0.0,649.0,350,299.0
107873,2025-03-12,6,10,325,1,249,0.0,249.0,120,129.0
107874,2024-02-01,9,10,208,1,79,0.0,79.0,25,54.0
107875,2024-11-07,4,7,115,1,399,0.0,399.0,210,189.0
107876,2024-09-20,10,6,166,1,149,0.0,149.0,60,89.0
107876,2024-09-20,17,6,166,1,89,17.57,71.43,30,41.43
107877,2026-02-26,14,1,113,1,49,0.0,49.0,18,31.0
107878,2025-04-15,19,5,104,2,99,0.0,198.0,70,128.0
107879,2024-11-05,15,10,135,1,35,0.0,35.0,12,23.0
107880,2026-03-14,17,4,182,2,89,0.0,178.0,60,118.0
107880,2026-03-14,1,4,182,1,999,0.0,999.0,620,379.0
107881,2024-01-24,11,6,50,1,129,0.0,129.0,45,84.0
107882,2024-07-19,11,10,392,1,129,0.0,129.0,45,84.0
107883,2026-03-30,4,3,112,1,399,0.0,399.0,210,189.0
107884,2025-07-28,19,3,340,1,99,0.0,99.0,35,64.0
107885,2026-02-04,20,4,186,1,179,0.0,179.0,70,109.0
107885,2026-02-04,14,4,186,2,49,0.0,98.0,36,62.0
107886,2026-04-09,4,1,83,1,399,0.0,399.0,210,189.0
107887,2026-07-09,10,1,100,1,149,0.0,149.0,60,89.0
107888,2024-03-19,14,7,26,2,49,0.0,98.0,36,62.0
107888,2024-03-19,12,7,26,2,279,0.0,558.0,280,278.0
107889,2026-03-03,10,1,93,2,149,0.0,298.0,120,178.0
107890,2025-12-11,9,3,9,1,79,0.0,79.0,25,54.0
107891,2024-08-25,11,4,34,3,129,0.0,387.0,135,252.0
107892,2026-06-30,19,4,19,2,99,0.0,198.0,70,128.0
107893,2025-02-26,15,8,331,2,35,0.0,70.0,24,46.0
107894,2026-05-22,19,10,15,1,99,0.0,99.0,35,64.0
107895,2025-09-20,5,3,136,1,349,0.0,349.0,180,169.0
107896,2025-07-02,18,4,33,1,24,0.0,24.0,8,16.0
107896,2025-07-02,3,4,33,3,649,0.0,1947.0,1050,897.0
107896,2025-07-02,17,4,33,1,89,0.0,89.0,30,59.0
107897,2024-07-02,9,4,359,1,79,0.0,79.0,25,54.0
107898,2026-06-14,2,9,399,1,799,0.0,799.0,480,319.0
107899,2025-08-03,13,1,362,1,199,0.0,199.0,95,104.0
107900,2024-01-08,18,2,67,2,24,8.19,39.81,16,23.81
107900,2024-01-08,3,2,67,2,649,95.37,1202.63,700,502.63
107901,2024-01-23,9,3,397,1,79,0.0,79.0,25,54.0
107901,2024-01-23,5,3,397,2,349,0.0,698.0,360,338.0
107902,2026-02-09,15,1,191,1,35,0.0,35.0,12,23.0
107903,2024-07-05,3,8,254,1,649,0.0,649.0,350,299.0
107904,2025-09-14,16,2,249,1,39,0.0,39.0,15,24.0
107904,2025-09-14,12,2,249,1,279,0.0,279.0,140,139.0
107904,2025-09-14,2,2,249,1,799,0.0,799.0,480,319.0
107905,2025-11-22,20,8,387,3,179,0.0,537.0,210,327.0
107906,2024-11-05,20,8,113,1,179,26.06,152.94,70,82.94
107907,2025-08-16,4,3,61,1,399,0.0,399.0,210,189.0
107908,2024-09-29,12,10,182,1,279,0.0,279.0,140,139.0
107909,2026-07-13,18,8,377,1,24,0.0,24.0,8,16.0
107910,2026-04-28,8,6,190,2,349,0.0,698.0,300,398.0
107911,2024-11-11,19,5,222,1,99,0.0,99.0,35,64.0
107911,2024-11-11,12,5,222,1,279,0.0,279.0,140,139.0
107912,2025-07-04,7,10,15,3,599,272.76,1524.24,780,744.24
107913,2025-06-05,19,4,53,1,99,8.42,90.58,35,55.58
107913,2025-06-05,20,4,53,1,179,0.0,179.0,70,109.0
107914,2026-07-26,4,5,87,2,399,0.0,798.0,420,378.0
107915,2025-02-14,8,7,24,2,349,134.15,563.85,300,263.85
107916,2025-08-09,20,1,314,1,179,0.0,179.0,70,109.0
107917,2026-06-27,16,8,264,1,39,0.0,39.0,15,24.0
107918,2024-07-06,15,9,260,1,35,0.0,35.0,12,23.0
107918,2024-07-06,16,9,260,1,39,0.0,39.0,15,24.0
107919,2025-07-27,10,8,33,1,149,0.0,149.0,60,89.0
107919,2025-07-27,9,8,33,1,79,0.0,79.0,25,54.0
107920,2024-05-05,15,10,21,1,35,0.0,35.0,12,23.0
107920,2024-05-05,9,10,21,1,79,0.0,79.0,25,54.0
107921,2025-10-02,7,9,300,1,599,0.0,599.0,260,339.0
107922,2025-01-12,2,7,335,1,799,0.0,799.0,480,319.0
107923,2026-08-03,14,2,371,1,49,0.0,49.0,18,31.0
107923,2026-08-03,7,2,371,2,599,0.0,1198.0,520,678.0
107923,2026-08-03,4,2,371,2,399,109.7,688.3,420,268.3
107924,2025-03-11,9,4,211,1,79,0.0,79.0,25,54.0
107925,2024-06-06,14,3,271,1,49,0.0,49.0,18,31.0
107925,2024-06-06,20,3,271,1,179,31.2,147.8,70,77.8
107926,2026-04-05,20,3,211,1,179,0.0,179.0,70,109.0
107927,2026-03-24,4,1,279,2,399,0.0,798.0,420,378.0
107928,2025-12-02,20,6,41,1,179,0.0,179.0,70,109.0
107929,2026-01-10,6,7,119,1,249,17.8,231.2,120,111.2
107929,2026-01-10,20,7,119,1,179,36.48,142.52,70,72.52
107930,2024-10-23,20,1,195,2,179,0.0,358.0,140,218.0
107931,2025-10-24,1,8,137,1,999,0.0,999.0,620,379.0
107931,2025-10-24,3,8,137,1,649,0.0,649.0,350,299.0
107932,2024-02-17,3,5,362,1,649,0.0,649.0,350,299.0
107933,2024-08-14,4,4,59,1,399,84.48,314.52,210,104.52
107934,2026-06-30,20,9,371,1,179,0.0,179.0,70,109.0
107935,2026-01-01,13,7,7,2,199,0.0,398.0,190,208.0
107936,2024-09-19,6,7,330,1,249,0.0,249.0,120,129.0
107936,2024-09-19,15,7,330,2,35,0.0,70.0,24,46.0
107937,2024-05-11,5,3,233,1,349,0.0,349.0,180,169.0
107938,2026-07-16,14,5,85,1,49,0.0,49.0,18,31.0
107939,2024-05-12,11,4,49,1,129,0.0,129.0,45,84.0
107940,2024-10-15,19,8,231,1,99,0.0,99.0,35,64.0
107941,2024-07-29,8,10,371,1,349,0.0,349.0,150,199.0
107942,2024-01-10,18,4,259,1,24,0.0,24.0,8,16.0
107942,2024-01-10,1,4,259,1,999,55.56,943.44,620,323.44
107943,2024-12-02,3,1,273,1,649,0.0,649.0,350,299.0
107943,2024-12-02,8,1,273,2,349,138.99,559.01,300,259.01
107944,2026-08-08,11,7,189,1,129,0.0,129.0,45,84.0
107944,2026-08-08,17,7,189,1,89,0.0,89.0,30,59.0
107945,2024-12-22,20,2,111,2,179,0.0,358.0,140,218.0
107945,2024-12-22,18,2,111,1,24,0.0,24.0,8,16.0
107946,2025-06-09,11,10,18,1,129,0.0,129.0,45,84.0
107947,2026-01-08,7,8,19,1,599,0.0,599.0,260,339.0
107948,2025-07-28,10,4,76,1,149,0.0,149.0,60,89.0
107948,2025-07-28,9,4,76,3,79,0.0,237.0,75,162.0
107948,2025-07-28,4,4,76,1,399,0.0,399.0,210,189.0
107949,2026-01-05,16,10,45,1,39,0.0,39.0,15,24.0
107950,2025-11-08,11,2,74,1,129,0.0,129.0,45,84.0
107950,2025-11-08,20,2,74,2,179,63.25,294.75,140,154.75
107951,2025-09-24,5,5,364,1,349,0.0,349.0,180,169.0
107951,2025-09-24,19,5,364,1,99,0.0,99.0,35,64.0
107952,2025-10-31,6,2,263,2,249,0.0,498.0,240,258.0
107952,2025-10-31,17,2,263,1,89,7.1,81.9,30,51.9
107953,2026-03-03,4,6,392,1,399,0.0,399.0,210,189.0
107953,2026-03-03,3,6,392,1,649,0.0,649.0,350,299.0
107954,2025-12-12,15,9,87,1,35,8.52,26.48,12,14.48
107954,2025-12-12,1,9,87,1,999,80.47,918.53,620,298.53
107955,2026-02-24,8,4,109,1,349,0.0,349.0,150,199.0
107956,2024-06-17,2,6,391,1,799,0.0,799.0,480,319.0
107956,2024-06-17,18,6,391,3,24,0.0,72.0,24,48.0
107956,2024-06-17,9,6,391,1,79,0.0,79.0,25,54.0
107957,2025-11-20,3,5,237,1,649,0.0,649.0,350,299.0
107958,2025-12-30,16,10,63,1,39,0.0,39.0,15,24.0
107959,2024-11-21,12,7,291,1,279,0.0,279.0,140,139.0
107960,2026-05-11,1,7,232,1,999,0.0,999.0,620,379.0
107961,2024-11-24,20,1,228,1,179,0.0,179.0,70,109.0
107962,2024-10-03,19,1,148,1,99,0.0,99.0,35,64.0
107963,2026-05-04,16,5,394,1,39,0.0,39.0,15,24.0
107964,2024-10-06,4,5,136,1,399,0.0,399.0,210,189.0
107965,2025-03-11,7,4,278,1,599,0.0,599.0,260,339.0
107966,2025-01-14,12,2,241,1,279,0.0,279.0,140,139.0
107967,2026-05-31,2,5,124,1,799,0.0,799.0,480,319.0
107968,2025-04-21,12,2,226,1,279,0.0,279.0,140,139.0
107968,2025-04-21,1,2,226,1,999,0.0,999.0,620,379.0
107969,2025-12-02,2,4,71,2,799,0.0,1598.0,960,638.0
107970,2026-02-26,11,10,189,1,129,0.0,129.0,45,84.0
107970,2026-02-26,10,10,189,1,149,0.0,149.0,60,89.0
107971,2025-10-11,12,8,10,1,279,0.0,279.0,140,139.0
107972,2026-07-11,14,7,343,1,49,0.0,49.0,18,31.0
107973,2026-03-06,19,7,337,1,99,0.0,99.0,35,64.0
107974,2025-02-22,4,5,114,2,399,151.8,646.2,420,226.2
107975,2026-07-18,20,3,392,1,179,0.0,179.0,70,109.0
107976,2025-06-30,15,3,287,1,35,0.0,35.0,12,23.0
107977,2024-01-28,7,9,41,1,599,0.0,599.0,260,339.0
107978,2024-10-18,17,5,342,2,89,0.0,178.0,60,118.0
107979,2025-10-06,18,9,113,1,24,0.0,24.0,8,16.0
107979,2025-10-06,4,9,113,1,399,0.0,399.0,210,189.0
107980,2024-06-29,5,6,30,1,349,0.0,349.0,180,169.0
107981,2025-08-31,16,5,362,2,39,0.0,78.0,30,48.0
107982,2025-01-07,11,10,16,1,129,0.0,129.0,45,84.0
107983,2025-07-10,13,6,388,2,199,0.0,398.0,190,208.0
107983,2025-07-10,16,6,388,2,39,0.0,78.0,30,48.0
107983,2025-07-10,6,6,388,2,249,0.0,498.0,240,258.0
107984,2024-01-03,18,8,34,2,24,0.0,48.0,16,32.0
107985,2026-04-18,1,2,242,2,999,0.0,1998.0,1240,758.0
107986,2025-01-08,1,7,189,1,999,0.0,999.0,620,379.0
107987,2024-06-11,8,7,100,1,349,0.0,349.0,150,199.0
107988,2025-04-04,20,7,267,1,179,0.0,179.0,70,109.0
107989,2025-05-22,14,6,353,1,49,4.59,44.41,18,26.41
107990,2025-10-20,1,10,159,1,999,0.0,999.0,620,379.0
107991,2025-06-30,7,4,279,2,599,0.0,1198.0,520,678.0
107992,2024-02-25,4,3,382,2,399,0.0,798.0,420,378.0
107992,2024-02-25,17,3,382,1,89,0.0,89.0,30,59.0
107993,2026-05-08,18,5,309,2,24,5.35,42.65,16,26.65
107994,2025-04-23,6,3,238,1,249,0.0,249.0,120,129.0
107995,2024-04-04,15,10,190,2,35,0.0,70.0,24,46.0
107995,2024-04-04,20,10,190,1,179,0.0,179.0,70,109.0
107996,2026-02-04,1,8,95,1,999,0.0,999.0,620,379.0
107997,2025-11-07,20,4,359,1,179,33.42,145.58,70,75.58
107998,2025-10-30,9,3,357,2,79,0.0,158.0,50,108.0
107998,2025-10-30,7,3,357,2,599,0.0,1198.0,520,678.0
107998,2025-10-30,4,3,357,2,399,0.0,798.0,420,378.0
107999,2025-03-23,9,7,242,1,79,0.0,79.0,25,54.0
108000,2025-03-05,4,7,301,1,399,0.0,399.0,210,189.0
108001,2025-07-12,7,4,14,1,599,128.1,470.9,260,210.9
108001,2025-07-12,15,4,14,1,35,0.0,35.0,12,23.0
108001,2025-07-12,19,4,14,2,99,0.0,198.0,70,128.0
108002,2024-03-04,15,3,382,2,35,0.0,70.0,24,46.0
108003,2024-11-20,14,8,212,1,49,0.0,49.0,18,31.0
108004,2026-08-21,14,9,47,1,49,0.0,49.0,18,31.0
108005,2025-11-09,15,1,207,2,35,15.59,54.41,24,30.41
108005,2025-11-09,2,1,207,1,799,0.0,799.0,480,319.0
108006,2025-03-14,17,1,245,1,89,0.0,89.0,30,59.0
108006,2025-03-14,20,1,245,2,179,0.0,358.0,140,218.0
108007,2024-09-11,6,2,153,1,249,0.0,249.0,120,129.0
108008,2026-01-07,7,7,79,1,599,0.0,599.0,260,339.0
108008,2026-01-07,17,7,79,2,89,0.0,178.0,60,118.0
108009,2024-10-18,17,4,182,1,89,0.0,89.0,30,59.0
108009,2024-10-18,8,4,182,1,349,0.0,349.0,150,199.0
108010,2024-07-06,11,6,28,3,129,0.0,387.0,135,252.0
108011,2024-06-27,6,10,61,1,249,0.0,249.0,120,129.0
108012,2025-12-25,18,3,326,1,24,0.0,24.0,8,16.0
108013,2025-10-24,16,4,142,2,39,0.0,78.0,30,48.0
108014,2024-03-27,9,1,111,2,79,0.0,158.0,50,108.0
108015,2024-05-15,11,2,241,2,129,0.0,258.0,90,168.0
108016,2025-10-17,3,8,237,1,649,53.18,595.82,350,245.82
108017,2025-08-18,20,7,254,1,179,0.0,179.0,70,109.0
108018,2025-11-26,9,10,381,1,79,0.0,79.0,25,54.0
108018,2025-11-26,1,10,381,1,999,0.0,999.0,620,379.0
108019,2024-07-24,4,3,116,1,399,0.0,399.0,210,189.0
108020,2025-12-23,15,2,80,1,35,0.0,35.0,12,23.0
108021,2026-07-04,20,10,304,1,179,0.0,179.0,70,109.0
108022,2025-09-16,16,8,75,1,39,0.0,39.0,15,24.0
108022,2025-09-16,3,8,75,1,649,0.0,649.0,350,299.0
108023,2024-08-13,2,4,220,1,799,0.0,799.0,480,319.0
108024,2025-11-21,13,2,356,2,199,0.0,398.0,190,208.0
108025,2024-12-22,18,4,32,1,24,0.0,24.0,8,16.0
108025,2024-12-22,14,4,32,1,49,0.0,49.0,18,31.0
108026,2024-03-03,17,2,372,2,89,0.0,178.0,60,118.0
108027,2024-11-22,16,2,166,2,39,0.0,78.0,30,48.0
108028,2026-06-06,16,2,334,3,39,0.0,117.0,45,72.0
108028,2026-06-06,11,2,334,1,129,0.0,129.0,45,84.0
108029,2025-03-06,15,10,176,1,35,2.76,32.24,12,20.24
108029,2025-03-06,10,10,176,1,149,0.0,149.0,60,89.0
108029,2025-03-06,11,10,176,1,129,0.0,129.0,45,84.0
108030,2026-05-02,18,8,351,1,24,0.0,24.0,8,16.0
108031,2025-06-13,1,6,334,2,999,0.0,1998.0,1240,758.0
108032,2025-06-22,1,4,219,2,999,0.0,1998.0,1240,758.0
108033,2024-01-07,7,8,339,1,599,0.0,599.0,260,339.0
108034,2025-10-19,13,8,2,1,199,0.0,199.0,95,104.0
108034,2025-10-19,9,8,2,1,79,0.0,79.0,25,54.0
108034,2025-10-19,1,8,2,1,999,0.0,999.0,620,379.0
108035,2024-05-07,20,2,10,1,179,22.71,156.29,70,86.29
108036,2025-05-15,10,7,91,1,149,0.0,149.0,60,89.0
108036,2025-05-15,15,7,91,1,35,0.0,35.0,12,23.0
108037,2024-10-18,19,5,353,1,99,0.0,99.0,35,64.0
108038,2025-02-12,15,3,391,1,35,0.0,35.0,12,23.0
108039,2025-07-13,18,6,9,1,24,0.0,24.0,8,16.0
108040,2024-01-18,14,3,2,1,49,0.0,49.0,18,31.0
108040,2024-01-18,7,3,2,2,599,0.0,1198.0,520,678.0
108041,2024-11-09,6,4,377,2,249,0.0,498.0,240,258.0
108042,2026-08-22,9,10,342,1,79,0.0,79.0,25,54.0
108043,2024-03-12,8,4,169,1,349,0.0,349.0,150,199.0
108043,2024-03-12,17,4,169,2,89,0.0,178.0,60,118.0
108044,2024-12-05,5,10,279,2,349,0.0,698.0,360,338.0
108045,2024-12-07,9,2,118,1,79,0.0,79.0,25,54.0
108045,2024-12-07,1,2,118,1,999,64.27,934.73,620,314.73
108046,2025-01-28,16,1,252,1,39,0.0,39.0,15,24.0
108047,2025-11-25,17,6,274,1,89,19.83,69.17,30,39.17
108047,2025-11-25,14,6,274,1,49,0.0,49.0,18,31.0
108048,2024-10-06,20,10,38,1,179,22.27,156.73,70,86.73
108049,2025-04-27,2,3,143,2,799,0.0,1598.0,960,638.0
108050,2025-10-26,1,3,300,1,999,0.0,999.0,620,379.0
108050,2025-10-26,17,3,300,1,89,0.0,89.0,30,59.0
108051,2024-12-07,13,7,105,1,199,0.0,199.0,95,104.0
108052,2026-07-16,15,9,203,1,35,0.0,35.0,12,23.0
108053,2026-08-13,15,8,374,1,35,0.0,35.0,12,23.0
108054,2024-05-20,9,8,175,2,79,0.0,158.0,50,108.0
108055,2024-12-23,13,8,114,1,199,41.74,157.26,95,62.26
108056,2024-08-26,9,10,351,1,79,0.0,79.0,25,54.0
108057,2024-08-03,14,3,281,1,49,0.0,49.0,18,31.0
108058,2025-05-27,2,4,51,1,799,0.0,799.0,480,319.0
108059,2025-08-10,19,6,262,1,99,0.0,99.0,35,64.0
108060,2025-03-22,11,8,314,1,129,0.0,129.0,45,84.0
108061,2024-10-30,7,3,106,1,599,0.0,599.0,260,339.0
108062,2024-11-04,17,8,115,1,89,0.0,89.0,30,59.0
108063,2026-08-24,13,1,99,1,199,0.0,199.0,95,104.0
108064,2026-06-23,16,1,47,1,39,0.0,39.0,15,24.0
108065,2024-04-03,3,6,50,2,649,0.0,1298.0,700,598.0
108065,2024-04-03,10,6,50,2,149,0.0,298.0,120,178.0
108065,2024-04-03,7,6,50,1,599,0.0,599.0,260,339.0
108066,2025-11-05,15,7,282,1,35,7.93,27.07,12,15.07
108067,2025-04-23,9,10,160,1,79,0.0,79.0,25,54.0
108068,2025-11-28,19,1,349,2,99,0.0,198.0,70,128.0
108068,2025-11-28,9,1,349,1,79,8.58,70.42,25,45.42
108069,2025-09-12,20,10,262,1,179,0.0,179.0,70,109.0
108070,2026-05-23,6,8,92,3,249,0.0,747.0,360,387.0
108070,2026-05-23,16,8,92,1,39,4.89,34.11,15,19.11
108071,2024-03-23,9,2,349,1,79,0.0,79.0,25,54.0
108072,2024-12-27,5,7,124,2,349,0.0,698.0,360,338.0
108072,2024-12-27,19,7,124,2,99,34.95,163.05,70,93.05
108073,2026-08-19,8,10,234,2,349,0.0,698.0,300,398.0
108073,2026-08-19,9,10,234,1,79,0.0,79.0,25,54.0
108074,2024-07-29,2,8,167,1,799,0.0,799.0,480,319.0
108075,2024-05-28,16,3,259,2,39,15.95,62.05,30,32.05
108076,2025-12-25,16,5,131,1,39,0.0,39.0,15,24.0
108077,2026-02-08,18,2,209,1,24,0.0,24.0,8,16.0
108077,2026-02-08,6,2,209,1,249,0.0,249.0,120,129.0
108078,2025-11-16,18,6,400,2,24,0.0,48.0,16,32.0
108079,2026-02-07,7,2,154,1,599,0.0,599.0,260,339.0
108080,2025-12-01,14,4,206,1,49,10.63,38.37,18,20.37
108080,2025-12-01,8,4,206,1,349,0.0,349.0,150,199.0
108081,2024-06-06,10,5,51,1,149,25.86,123.14,60,63.14
108082,2025-09-23,18,7,95,3,24,0.0,72.0,24,48.0
108083,2026-02-08,16,3,360,2,39,0.0,78.0,30,48.0
108084,2026-05-03,4,9,249,1,399,43.1,355.9,210,145.9
108085,2024-10-05,15,2,296,2,35,0.0,70.0,24,46.0
108085,2024-10-05,19,2,296,1,99,0.0,99.0,35,64.0
108086,2024-05-28,15,2,334,1,35,4.11,30.89,12,18.89
108086,2024-05-28,12,2,334,1,279,0.0,279.0,140,139.0
108087,2026-02-12,9,1,281,2,79,0.0,158.0,50,108.0
108087,2026-02-12,3,1,281,1,649,83.09,565.91,350,215.91
108088,2024-10-15,3,2,220,1,649,150.1,498.9,350,148.9
108089,2024-02-09,3,10,289,1,649,0.0,649.0,350,299.0
108089,2024-02-09,1,10,289,1,999,0.0,999.0,620,379.0
108089,2024-02-09,7,10,289,1,599,0.0,599.0,260,339.0
108090,2026-03-28,5,7,396,1,349,0.0,349.0,180,169.0
108090,2026-03-28,20,7,396,1,179,0.0,179.0,70,109.0
108091,2025-06-11,16,1,357,3,39,0.0,117.0,45,72.0
108092,2024-12-11,8,8,141,1,349,0.0,349.0,150,199.0
108092,2024-12-11,6,8,141,1,249,0.0,249.0,120,129.0
108093,2024-01-15,19,3,208,1,99,0.0,99.0,35,64.0
108094,2024-02-14,17,4,383,1,89,0.0,89.0,30,59.0
108095,2026-02-25,16,4,192,1,39,3.03,35.97,15,20.97
108096,2025-05-25,1,7,222,1,999,0.0,999.0,620,379.0
108097,2024-06-21,9,7,250,1,79,0.0,79.0,25,54.0
108097,2024-06-21,2,7,250,1,799,0.0,799.0,480,319.0
108098,2025-01-04,17,2,65,1,89,0.0,89.0,30,59.0
108099,2024-07-09,12,2,64,1,279,0.0,279.0,140,139.0
108100,2024-05-13,11,2,84,2,129,0.0,258.0,90,168.0
108100,2024-05-13,3,2,84,2,649,0.0,1298.0,700,598.0
108101,2024-11-02,8,5,365,1,349,0.0,349.0,150,199.0
108102,2025-07-26,7,3,319,1,599,82.46,516.54,260,256.54
108103,2024-08-28,13,10,246,1,199,31.58,167.42,95,72.42
108103,2024-08-28,3,10,246,1,649,0.0,649.0,350,299.0
108103,2024-08-28,12,10,246,1,279,0.0,279.0,140,139.0
108104,2024-12-23,18,6,49,1,24,0.0,24.0,8,16.0
108105,2025-05-14,10,5,264,1,149,0.0,149.0,60,89.0
108106,2025-03-16,6,3,126,2,249,0.0,498.0,240,258.0
108107,2024-05-29,11,8,23,1,129,29.69,99.31,45,54.31
108108,2024-02-18,4,9,74,2,399,0.0,798.0,420,378.0
108108,2024-02-18,1,9,74,1,999,152.1,846.9,620,226.9
108109,2024-02-14,10,2,296,1,149,0.0,149.0,60,89.0
108110,2024-12-28,17,1,386,1,89,0.0,89.0,30,59.0
108111,2025-12-18,10,7,150,2,149,47.43,250.57,120,130.57
108112,2024-06-01,7,10,55,1,599,0.0,599.0,260,339.0
108113,2026-02-19,9,1,338,1,79,0.0,79.0,25,54.0
108114,2025-12-16,15,9,357,1,35,0.0,35.0,12,23.0
108115,2024-01-05,20,8,390,1,179,0.0,179.0,70,109.0
108116,2024-02-03,2,7,332,2,799,0.0,1598.0,960,638.0
108117,2024-08-12,18,5,6,1,24,2.33,21.67,8,13.67
108118,2024-03-11,11,10,240,1,129,0.0,129.0,45,84.0
108119,2025-07-07,11,5,107,1,129,0.0,129.0,45,84.0
108120,2024-02-19,17,4,230,1,89,0.0,89.0,30,59.0
108121,2026-03-07,5,3,294,1,349,0.0,349.0,180,169.0
108122,2025-05-28,17,7,313,2,89,0.0,178.0,60,118.0
108123,2025-12-24,9,7,260,2,79,0.0,158.0,50,108.0
108124,2026-01-12,1,4,270,1,999,0.0,999.0,620,379.0
108125,2025-06-11,15,5,104,1,35,0.0,35.0,12,23.0
108125,2025-06-11,9,5,104,1,79,0.0,79.0,25,54.0
108126,2026-06-24,16,8,8,2,39,6.2,71.8,30,41.8
108126,2026-06-24,3,8,8,1,649,0.0,649.0,350,299.0
108127,2026-08-23,15,10,51,2,35,0.0,70.0,24,46.0
108128,2025-01-05,17,1,213,2,89,0.0,178.0,60,118.0
108129,2024-05-26,20,1,384,1,179,0.0,179.0,70,109.0
108130,2025-01-09,4,10,221,3,399,0.0,1197.0,630,567.0
108131,2024-09-12,11,2,244,1,129,24.25,104.75,45,59.75
108131,2024-09-12,3,2,244,1,649,0.0,649.0,350,299.0
108132,2025-07-06,7,10,382,2,599,0.0,1198.0,520,678.0
108133,2025-01-26,7,10,68,1,599,0.0,599.0,260,339.0
108134,2025-05-16,3,3,183,1,649,0.0,649.0,350,299.0
108134,2025-05-16,13,3,183,2,199,43.14,354.86,190,164.86
108135,2026-01-25,19,10,28,2,99,0.0,198.0,70,128.0
108136,2024-10-31,18,10,349,1,24,0.0,24.0,8,16.0
108137,2025-07-13,8,8,29,1,349,0.0,349.0,150,199.0
108138,2024-12-17,13,1,353,2,199,0.0,398.0,190,208.0
108139,2026-02-16,1,10,57,1,999,0.0,999.0,620,379.0
108139,2026-02-16,5,10,57,1,349,0.0,349.0,180,169.0
108139,2026-02-16,7,10,57,1,599,0.0,599.0,260,339.0
108140,2025-10-22,2,3,72,2,799,0.0,1598.0,960,638.0
108141,2024-01-11,19,1,38,2,99,0.0,198.0,70,128.0
108142,2025-11-07,12,9,215,2,279,0.0,558.0,280,278.0
108143,2024-07-15,7,8,171,1,599,0.0,599.0,260,339.0
108143,2024-07-15,9,8,171,1,79,0.0,79.0,25,54.0
108144,2025-12-22,7,3,376,1,599,114.2,484.8,260,224.8
108144,2025-12-22,18,3,376,1,24,0.0,24.0,8,16.0
108145,2025-08-14,8,6,173,1,349,0.0,349.0,150,199.0
108145,2025-08-14,6,6,173,1,249,0.0,249.0,120,129.0
108146,2025-02-23,1,5,126,1,999,0.0,999.0,620,379.0
108147,2025-12-02,14,8,72,2,49,22.27,75.73,36,39.73
108148,2026-04-25,3,8,181,1,649,0.0,649.0,350,299.0
108149,2026-02-10,2,5,58,1,799,0.0,799.0,480,319.0
108150,2025-07-22,6,7,111,1,249,0.0,249.0,120,129.0
108151,2025-12-21,9,3,321,1,79,0.0,79.0,25,54.0
108152,2025-03-09,10,1,65,1,149,0.0,149.0,60,89.0
108153,2026-02-21,5,6,42,1,349,0.0,349.0,180,169.0
108153,2026-02-21,20,6,42,2,179,39.21,318.79,140,178.79
108154,2026-03-31,5,3,191,2,349,0.0,698.0,360,338.0
108154,2026-03-31,2,3,191,2,799,0.0,1598.0,960,638.0
108155,2024-06-08,4,10,133,2,399,0.0,798.0,420,378.0
108155,2024-06-08,16,10,133,2,39,0.0,78.0,30,48.0
108156,2024-09-27,14,8,93,2,49,0.0,98.0,36,62.0
108157,2024-10-28,17,6,338,1,89,0.0,89.0,30,59.0
108157,2024-10-28,11,6,338,1,129,0.0,129.0,45,84.0
108158,2024-07-10,14,8,31,1,49,0.0,49.0,18,31.0
108158,2024-07-10,17,8,31,3,89,0.0,267.0,90,177.0
108159,2025-02-12,5,1,23,2,349,0.0,698.0,360,338.0
108160,2024-08-10,7,9,66,1,599,0.0,599.0,260,339.0
108160,2024-08-10,17,9,66,2,89,0.0,178.0,60,118.0
108161,2025-09-11,10,10,338,1,149,0.0,149.0,60,89.0
108161,2025-09-11,2,10,338,1,799,0.0,799.0,480,319.0
108162,2024-05-01,18,8,66,2,24,0.0,48.0,16,32.0
108162,2024-05-01,17,8,66,1,89,0.0,89.0,30,59.0
108163,2024-10-28,16,4,217,1,39,0.0,39.0,15,24.0
108163,2024-10-28,1,4,217,1,999,0.0,999.0,620,379.0
108164,2025-11-11,1,6,145,1,999,0.0,999.0,620,379.0
108165,2025-02-20,16,6,239,1,39,0.0,39.0,15,24.0
108166,2025-03-17,18,10,94,1,24,0.0,24.0,8,16.0
108167,2026-03-02,15,2,105,2,35,0.0,70.0,24,46.0
108168,2026-08-18,10,1,298,1,149,0.0,149.0,60,89.0
108169,2025-08-12,16,3,116,1,39,4.99,34.01,15,19.01
108170,2024-04-06,1,10,239,1,999,0.0,999.0,620,379.0
108171,2024-05-02,3,7,139,3,649,0.0,1947.0,1050,897.0
108171,2024-05-02,1,7,139,2,999,0.0,1998.0,1240,758.0
108172,2026-08-03,16,4,68,1,39,0.0,39.0,15,24.0
108173,2025-11-21,9,10,52,1,79,0.0,79.0,25,54.0
108174,2026-01-14,20,7,154,1,179,0.0,179.0,70,109.0
108175,2025-11-18,6,8,314,1,249,0.0,249.0,120,129.0
108175,2025-11-18,7,8,314,1,599,57.83,541.17,260,281.17
108175,2025-11-18,19,8,314,2,99,33.7,164.3,70,94.3
108176,2024-07-26,18,2,270,1,24,0.0,24.0,8,16.0
108176,2024-07-26,12,2,270,2,279,120.0,438.0,280,158.0
108177,2025-04-14,12,10,335,2,279,0.0,558.0,280,278.0
108178,2026-03-02,13,1,15,2,199,0.0,398.0,190,208.0
108178,2026-03-02,10,1,15,1,149,0.0,149.0,60,89.0
108179,2026-05-04,10,8,301,2,149,0.0,298.0,120,178.0
108180,2024-09-26,7,9,77,1,599,0.0,599.0,260,339.0
108181,2025-09-11,17,4,141,2,89,0.0,178.0,60,118.0
108182,2024-06-29,20,4,137,1,179,0.0,179.0,70,109.0
108183,2026-07-25,14,8,209,1,49,8.66,40.34,18,22.34
108183,2026-07-25,9,8,209,1,79,0.0,79.0,25,54.0
108184,2024-10-11,15,8,196,1,35,0.0,35.0,12,23.0
108184,2024-10-11,1,8,196,1,999,0.0,999.0,620,379.0
108185,2025-12-23,2,4,36,3,799,0.0,2397.0,1440,957.0
108186,2024-09-20,10,7,222,3,149,95.36,351.64,180,171.64
108187,2025-10-01,4,2,387,1,399,0.0,399.0,210,189.0
108188,2025-11-07,10,6,342,1,149,0.0,149.0,60,89.0
108189,2024-12-12,2,8,83,1,799,64.83,734.17,480,254.17
108189,2024-12-12,8,8,83,1,349,85.35,263.65,150,113.65
108190,2026-03-22,12,1,285,1,279,0.0,279.0,140,139.0
108191,2026-05-20,15,1,196,1,35,0.0,35.0,12,23.0
108192,2026-04-24,8,6,397,1,349,0.0,349.0,150,199.0
108193,2024-12-14,9,10,32,1,79,0.0,79.0,25,54.0
108194,2026-01-06,19,5,9,1,99,5.27,93.73,35,58.73
108195,2025-08-06,14,8,280,1,49,0.0,49.0,18,31.0
108196,2025-09-08,12,4,103,1,279,0.0,279.0,140,139.0
108196,2025-09-08,4,4,103,1,399,26.73,372.27,210,162.27
108197,2025-05-13,1,1,81,2,999,0.0,1998.0,1240,758.0
108197,2025-05-13,10,1,81,1,149,0.0,149.0,60,89.0
108198,2025-09-16,20,10,268,1,179,0.0,179.0,70,109.0
108199,2024-06-06,8,5,249,1,349,0.0,349.0,150,199.0
108199,2024-06-06,3,5,249,1,649,0.0,649.0,350,299.0
108200,2025-03-04,2,10,305,1,799,124.29,674.71,480,194.71
108201,2024-07-23,2,6,337,1,799,0.0,799.0,480,319.0
108202,2024-11-05,3,1,143,1,649,0.0,649.0,350,299.0
108202,2024-11-05,7,1,143,1,599,0.0,599.0,260,339.0
108203,2024-05-28,9,9,380,1,79,0.0,79.0,25,54.0
108204,2024-08-31,12,2,298,1,279,0.0,279.0,140,139.0
108205,2026-02-13,16,1,121,1,39,0.0,39.0,15,24.0
108205,2026-02-13,3,1,121,2,649,0.0,1298.0,700,598.0
108206,2025-07-27,11,7,246,1,129,0.0,129.0,45,84.0
108207,2024-01-30,12,5,351,2,279,0.0,558.0,280,278.0
108208,2026-02-20,13,3,256,1,199,0.0,199.0,95,104.0
108209,2026-06-10,3,3,154,1,649,0.0,649.0,350,299.0
108210,2026-05-16,14,3,200,1,49,8.97,40.03,18,22.03
108211,2026-03-26,2,9,385,1,799,0.0,799.0,480,319.0
108212,2026-08-25,14,10,215,1,49,0.0,49.0,18,31.0
108213,2025-09-02,3,8,213,2,649,0.0,1298.0,700,598.0
108214,2026-07-29,20,6,376,2,179,0.0,358.0,140,218.0
108215,2026-07-16,12,4,337,3,279,0.0,837.0,420,417.0
108215,2026-07-16,4,4,337,1,399,0.0,399.0,210,189.0
108216,2024-12-01,12,6,163,2,279,0.0,558.0,280,278.0
108217,2026-05-01,11,8,82,1,129,0.0,129.0,45,84.0
108218,2026-02-24,14,10,335,2,49,0.0,98.0,36,62.0
108218,2026-02-24,13,10,335,1,199,0.0,199.0,95,104.0
108219,2026-02-07,7,9,372,1,599,0.0,599.0,260,339.0
108220,2026-05-29,9,6,172,1,79,4.13,74.87,25,49.87
108221,2025-02-02,19,6,289,1,99,14.12,84.88,35,49.88
108222,2025-02-21,14,3,7,1,49,0.0,49.0,18,31.0
108223,2025-10-22,20,4,160,2,179,0.0,358.0,140,218.0
108223,2025-10-22,4,4,160,1,399,0.0,399.0,210,189.0
108224,2025-12-31,5,3,392,1,349,0.0,349.0,180,169.0
108225,2026-05-15,20,6,200,1,179,0.0,179.0,70,109.0
108226,2026-05-12,10,6,188,2,149,0.0,298.0,120,178.0
108227,2025-12-20,6,10,112,1,249,0.0,249.0,120,129.0
108228,2026-07-23,6,10,80,1,249,0.0,249.0,120,129.0
108229,2024-07-24,5,8,274,1,349,0.0,349.0,180,169.0
108230,2026-07-17,7,3,254,1,599,0.0,599.0,260,339.0
108231,2024-03-20,12,6,60,1,279,65.94,213.06,140,73.06
108232,2025-08-02,2,9,233,1,799,0.0,799.0,480,319.0
108233,2024-04-18,18,4,387,1,24,0.0,24.0,8,16.0
108234,2025-08-15,15,1,302,3,35,0.0,105.0,36,69.0
108234,2025-08-15,13,1,302,2,199,74.99,323.01,190,133.01
108235,2025-02-09,7,5,84,1,599,0.0,599.0,260,339.0
108236,2024-04-09,11,3,229,1,129,0.0,129.0,45,84.0
108237,2025-10-29,10,1,256,1,149,0.0,149.0,60,89.0
108237,2025-10-29,17,1,256,2,89,0.0,178.0,60,118.0
108238,2025-12-26,12,10,249,1,279,36.26,242.74,140,102.74
108239,2024-07-19,18,3,171,1,24,3.02,20.98,8,12.98
108240,2025-12-02,5,4,54,1,349,0.0,349.0,180,169.0
108241,2024-07-25,14,7,209,1,49,0.0,49.0,18,31.0
108241,2024-07-25,20,7,209,1,179,0.0,179.0,70,109.0
108242,2024-06-08,10,8,327,1,149,0.0,149.0,60,89.0
108243,2024-06-19,1,7,293,2,999,0.0,1998.0,1240,758.0
108244,2025-09-14,14,10,24,1,49,0.0,49.0,18,31.0
108245,2026-02-10,16,1,24,2,39,0.0,78.0,30,48.0
108246,2025-09-12,20,10,271,1,179,10.55,168.45,70,98.45
108246,2025-09-12,7,10,271,1,599,0.0,599.0,260,339.0
108247,2026-03-13,4,1,239,1,399,0.0,399.0,210,189.0
108248,2025-09-07,16,2,312,3,39,0.0,117.0,45,72.0
108248,2025-09-07,11,2,312,1,129,0.0,129.0,45,84.0
108249,2026-03-02,13,2,143,1,199,0.0,199.0,95,104.0
108250,2026-08-10,3,9,42,1,649,40.72,608.28,350,258.28
108251,2025-02-10,20,9,48,1,179,0.0,179.0,70,109.0
108252,2024-06-22,17,1,178,1,89,0.0,89.0,30,59.0
108253,2024-06-06,3,2,387,1,649,0.0,649.0,350,299.0
108254,2025-09-13,17,2,82,1,89,0.0,89.0,30,59.0
108255,2025-07-24,7,9,138,2,599,0.0,1198.0,520,678.0
108256,2024-07-31,9,10,85,1,79,0.0,79.0,25,54.0
108257,2026-05-17,14,2,298,1,49,10.29,38.71,18,20.71
108258,2026-07-23,13,2,371,2,199,0.0,398.0,190,208.0
108259,2024-10-12,7,10,143,1,599,0.0,599.0,260,339.0
108260,2024-08-25,3,8,144,1,649,0.0,649.0,350,299.0
108260,2024-08-25,1,8,144,1,999,0.0,999.0,620,379.0
108261,2024-09-02,1,9,30,2,999,0.0,1998.0,1240,758.0
108261,2024-09-02,17,9,30,1,89,0.0,89.0,30,59.0
108262,2025-02-06,6,7,22,2,249,0.0,498.0,240,258.0
108263,2026-04-22,4,1,64,1,399,0.0,399.0,210,189.0
108264,2025-09-11,18,8,208,1,24,0.0,24.0,8,16.0
108265,2024-03-24,7,10,163,1,599,0.0,599.0,260,339.0
108266,2025-05-09,19,7,138,1,99,0.0,99.0,35,64.0
108267,2024-04-19,5,2,300,2,349,0.0,698.0,360,338.0
108268,2025-03-01,9,4,189,1,79,9.75,69.25,25,44.25
108269,2025-02-26,7,3,219,1,599,0.0,599.0,260,339.0
108269,2025-02-26,2,3,219,1,799,0.0,799.0,480,319.0
108270,2025-10-29,17,1,295,1,89,0.0,89.0,30,59.0
108271,2025-07-26,15,1,354,1,35,0.0,35.0,12,23.0
108272,2026-05-11,6,2,32,1,249,0.0,249.0,120,129.0
108273,2024-01-21,5,3,193,1,349,0.0,349.0,180,169.0
108274,2026-02-05,14,7,375,1,49,0.0,49.0,18,31.0
108275,2024-01-28,1,7,394,2,999,0.0,1998.0,1240,758.0
108276,2024-11-24,10,5,388,2,149,0.0,298.0,120,178.0
108277,2026-05-15,8,1,37,1,349,0.0,349.0,150,199.0
108278,2025-11-29,18,4,268,3,24,0.0,72.0,24,48.0
108279,2024-07-17,18,1,397,1,24,0.0,24.0,8,16.0
108280,2025-05-26,2,4,192,1,799,0.0,799.0,480,319.0
108281,2025-12-20,10,10,315,1,149,11.86,137.14,60,77.14
108282,2026-07-05,2,4,7,3,799,0.0,2397.0,1440,957.0
108283,2025-10-17,16,9,214,3,39,0.0,117.0,45,72.0
108284,2024-01-31,17,8,78,1,89,0.0,89.0,30,59.0
108285,2025-06-04,5,5,278,1,349,0.0,349.0,180,169.0
108285,2025-06-04,14,5,278,1,49,0.0,49.0,18,31.0
108286,2024-06-25,20,9,115,1,179,21.86,157.14,70,87.14
108286,2024-06-25,4,9,115,1,399,0.0,399.0,210,189.0
108287,2024-03-01,13,5,153,3,199,0.0,597.0,285,312.0
108287,2024-03-01,10,5,153,1,149,11.59,137.41,60,77.41
108288,2025-09-14,9,6,373,1,79,16.91,62.09,25,37.09
108289,2026-02-08,14,8,290,1,49,0.0,49.0,18,31.0
108290,2024-02-15,17,10,67,1,89,0.0,89.0,30,59.0
108291,2026-02-15,14,2,298,1,49,6.96,42.04,18,24.04
108291,2026-02-15,2,2,298,1,799,0.0,799.0,480,319.0
108292,2025-12-10,4,6,282,1,399,0.0,399.0,210,189.0
108293,2026-01-14,7,10,68,1,599,0.0,599.0,260,339.0
108294,2024-10-04,2,10,337,1,799,0.0,799.0,480,319.0
108295,2025-02-14,5,6,84,2,349,0.0,698.0,360,338.0
108295,2025-02-14,4,6,84,1,399,65.1,333.9,210,123.9
108296,2024-05-20,16,8,227,1,39,0.0,39.0,15,24.0
108297,2024-09-28,11,8,153,3,129,0.0,387.0,135,252.0
108298,2024-11-23,12,6,96,1,279,0.0,279.0,140,139.0
108299,2024-12-05,15,8,240,1,35,0.0,35.0,12,23.0
108300,2024-07-20,2,2,388,1,799,0.0,799.0,480,319.0
108301,2024-08-05,7,10,237,2,599,0.0,1198.0,520,678.0
108302,2026-06-03,8,7,146,1,349,0.0,349.0,150,199.0
108303,2026-02-15,9,8,183,1,79,0.0,79.0,25,54.0
108303,2026-02-15,2,8,183,2,799,0.0,1598.0,960,638.0
108304,2024-12-23,9,8,128,1,79,0.0,79.0,25,54.0
108305,2026-07-15,19,6,27,1,99,0.0,99.0,35,64.0
108305,2026-07-15,17,6,27,1,89,0.0,89.0,30,59.0
108306,2024-09-28,3,2,394,1,649,0.0,649.0,350,299.0
108307,2025-03-01,12,6,232,1,279,0.0,279.0,140,139.0
108308,2026-03-17,9,6,334,1,79,0.0,79.0,25,54.0
108309,2025-04-09,19,8,269,2,99,0.0,198.0,70,128.0
108310,2024-09-23,12,4,323,1,279,0.0,279.0,140,139.0
108310,2024-09-23,19,4,323,1,99,0.0,99.0,35,64.0
108311,2025-01-15,14,10,389,2,49,0.0,98.0,36,62.0
108312,2025-06-05,19,10,212,1,99,7.29,91.71,35,56.71
108313,2025-10-05,11,2,30,1,129,0.0,129.0,45,84.0
108314,2025-02-28,17,4,133,1,89,0.0,89.0,30,59.0
108314,2025-02-28,8,4,133,2,349,0.0,698.0,300,398.0
108315,2025-03-28,10,6,266,2,149,36.55,261.45,120,141.45
108316,2024-10-22,6,9,362,1,249,0.0,249.0,120,129.0
108316,2024-10-22,15,9,362,2,35,0.0,70.0,24,46.0
108317,2025-07-11,11,1,400,1,129,0.0,129.0,45,84.0
108317,2025-07-11,12,1,400,1,279,0.0,279.0,140,139.0
108318,2024-09-07,18,10,233,2,24,0.0,48.0,16,32.0
108319,2026-05-05,12,5,338,1,279,0.0,279.0,140,139.0
108320,2026-01-09,16,6,18,1,39,0.0,39.0,15,24.0
108321,2025-03-05,2,10,233,1,799,57.53,741.47,480,261.47
108322,2026-01-09,15,4,192,2,35,0.0,70.0,24,46.0
108323,2024-01-09,1,1,394,1,999,0.0,999.0,620,379.0
108324,2024-12-23,4,4,57,1,399,25.47,373.53,210,163.53
108325,2025-04-06,9,1,287,1,79,0.0,79.0,25,54.0
108326,2025-05-06,13,7,143,1,199,0.0,199.0,95,104.0
108327,2026-01-10,14,2,103,1,49,0.0,49.0,18,31.0
108327,2026-01-10,18,2,103,1,24,0.0,24.0,8,16.0
108327,2026-01-10,13,2,103,2,199,0.0,398.0,190,208.0
108328,2026-07-29,15,4,110,1,35,0.0,35.0,12,23.0
108329,2025-01-28,16,5,194,1,39,1.98,37.02,15,22.02
108330,2024-12-28,10,4,310,1,149,31.01,117.99,60,57.99
108331,2025-09-26,15,8,85,1,35,0.0,35.0,12,23.0
108332,2024-11-06,15,6,334,1,35,0.0,35.0,12,23.0
108333,2024-06-12,7,1,192,1,599,60.91,538.09,260,278.09
108334,2026-07-28,18,10,252,1,24,0.0,24.0,8,16.0
108334,2026-07-28,15,10,252,1,35,0.0,35.0,12,23.0
108335,2026-03-13,16,8,268,3,39,11.73,105.27,45,60.27
108336,2026-07-25,15,9,287,1,35,0.0,35.0,12,23.0
108337,2024-09-06,18,10,330,2,24,0.0,48.0,16,32.0
108338,2024-01-22,11,6,15,1,129,0.0,129.0,45,84.0
108338,2024-01-22,20,6,15,1,179,0.0,179.0,70,109.0
108339,2025-04-03,5,5,10,2,349,157.49,540.51,360,180.51
108339,2025-04-03,20,5,10,1,179,0.0,179.0,70,109.0
108340,2026-07-01,18,3,338,3,24,0.0,72.0,24,48.0
108340,2026-07-01,9,3,338,1,79,0.0,79.0,25,54.0
108341,2024-06-09,9,9,108,1,79,0.0,79.0,25,54.0
108342,2024-05-17,11,4,291,1,129,0.0,129.0,45,84.0
108343,2024-03-26,14,3,264,1,49,0.0,49.0,18,31.0
108344,2026-01-27,4,8,189,1,399,0.0,399.0,210,189.0
108345,2026-02-18,11,8,255,1,129,0.0,129.0,45,84.0
108346,2025-12-02,15,8,85,2,35,0.0,70.0,24,46.0
108347,2024-03-07,4,10,191,1,399,0.0,399.0,210,189.0
108348,2025-12-21,19,9,220,1,99,0.0,99.0,35,64.0
108349,2025-04-15,3,7,141,1,649,0.0,649.0,350,299.0
108349,2025-04-15,18,7,141,1,24,0.0,24.0,8,16.0
108350,2024-06-30,4,1,242,1,399,0.0,399.0,210,189.0
108351,2024-11-17,16,10,64,2,39,8.82,69.18,30,39.18
108352,2025-06-06,20,1,250,3,179,0.0,537.0,210,327.0
108353,2024-12-13,16,10,17,1,39,0.0,39.0,15,24.0
108353,2024-12-13,11,10,17,1,129,0.0,129.0,45,84.0
108353,2024-12-13,2,10,17,1,799,0.0,799.0,480,319.0
108354,2026-08-04,2,8,3,1,799,0.0,799.0,480,319.0
108355,2025-05-11,1,8,85,2,999,0.0,1998.0,1240,758.0
108356,2025-01-19,6,6,1,1,249,0.0,249.0,120,129.0
108357,2025-11-17,17,9,23,1,89,0.0,89.0,30,59.0
108357,2025-11-17,18,9,23,1,24,0.0,24.0,8,16.0
108358,2025-10-31,13,6,360,1,199,33.24,165.76,95,70.76
108359,2024-01-04,2,6,322,2,799,0.0,1598.0,960,638.0
108360,2025-10-03,17,10,89,2,89,0.0,178.0,60,118.0
108361,2024-10-03,4,1,371,1,399,0.0,399.0,210,189.0
108362,2025-01-23,11,1,47,1,129,0.0,129.0,45,84.0
108363,2025-12-10,14,6,134,2,49,13.61,84.39,36,48.39
108363,2025-12-10,11,6,134,1,129,0.0,129.0,45,84.0
108364,2025-08-04,4,10,120,1,399,0.0,399.0,210,189.0
108365,2025-01-15,13,10,221,1,199,0.0,199.0,95,104.0
108366,2024-07-11,9,5,363,2,79,0.0,158.0,50,108.0
108367,2025-06-10,16,1,221,2,39,0.0,78.0,30,48.0
108368,2024-12-05,3,2,304,1,649,0.0,649.0,350,299.0
108369,2026-06-13,7,9,338,1,599,0.0,599.0,260,339.0
108370,2025-07-10,13,3,133,1,199,0.0,199.0,95,104.0
108371,2026-05-03,19,6,139,1,99,14.72,84.28,35,49.28
108372,2025-02-09,20,10,393,2,179,0.0,358.0,140,218.0
108372,2025-02-09,14,10,393,1,49,0.0,49.0,18,31.0
108373,2026-03-30,3,8,98,1,649,0.0,649.0,350,299.0
108373,2026-03-30,11,8,98,3,129,0.0,387.0,135,252.0
108373,2026-03-30,7,8,98,1,599,0.0,599.0,260,339.0
108374,2024-03-11,1,3,118,1,999,0.0,999.0,620,379.0
108374,2024-03-11,7,3,118,2,599,0.0,1198.0,520,678.0
108375,2024-11-19,2,7,356,1,799,0.0,799.0,480,319.0
108376,2024-04-05,3,9,275,1,649,0.0,649.0,350,299.0
108377,2024-02-09,14,1,55,2,49,17.03,80.97,36,44.97
108378,2026-06-18,9,2,335,1,79,0.0,79.0,25,54.0
108379,2025-12-17,4,1,153,1,399,0.0,399.0,210,189.0
108379,2025-12-17,15,1,153,1,35,8.67,26.33,12,14.33
108380,2025-10-09,4,10,49,2,399,0.0,798.0,420,378.0
108381,2025-07-08,17,7,237,1,89,0.0,89.0,30,59.0
108381,2025-07-08,7,7,237,1,599,0.0,599.0,260,339.0
108381,2025-07-08,11,7,237,1,129,0.0,129.0,45,84.0
108382,2025-08-16,4,10,73,1,399,0.0,399.0,210,189.0
108382,2025-08-16,8,10,73,1,349,0.0,349.0,150,199.0
108382,2025-08-16,17,10,73,1,89,0.0,89.0,30,59.0
108383,2025-10-21,13,2,191,1,199,0.0,199.0,95,104.0
108384,2026-03-29,3,2,248,2,649,0.0,1298.0,700,598.0
108385,2025-09-12,16,3,212,1,39,0.0,39.0,15,24.0
108386,2026-01-10,18,1,231,2,24,0.0,48.0,16,32.0
108386,2026-01-10,10,1,231,1,149,0.0,149.0,60,89.0
108387,2024-11-06,17,10,73,1,89,0.0,89.0,30,59.0
108388,2026-08-11,6,8,256,2,249,0.0,498.0,240,258.0
108389,2024-02-09,7,2,178,1,599,108.68,490.32,260,230.32
108389,2024-02-09,18,2,178,1,24,0.0,24.0,8,16.0
108390,2025-02-05,2,7,313,1,799,167.91,631.09,480,151.09
108390,2025-02-05,10,7,313,1,149,0.0,149.0,60,89.0
108391,2026-05-17,4,10,120,2,399,0.0,798.0,420,378.0
108392,2024-07-27,5,10,300,1,349,0.0,349.0,180,169.0
108393,2024-06-12,8,1,85,3,349,0.0,1047.0,450,597.0
108394,2025-01-12,11,4,65,2,129,0.0,258.0,90,168.0
108395,2025-03-24,1,8,74,1,999,0.0,999.0,620,379.0
108396,2026-07-01,16,6,65,1,39,0.0,39.0,15,24.0
108397,2026-04-07,12,5,104,1,279,0.0,279.0,140,139.0
108398,2025-04-30,12,10,334,1,279,0.0,279.0,140,139.0
108399,2026-08-07,4,5,119,1,399,0.0,399.0,210,189.0
108400,2025-10-24,10,7,106,1,149,35.51,113.49,60,53.49
108401,2026-05-10,2,4,315,1,799,0.0,799.0,480,319.0
108402,2024-10-05,9,3,237,1,79,0.0,79.0,25,54.0
108402,2024-10-05,14,3,237,1,49,0.0,49.0,18,31.0
108403,2025-05-25,14,6,320,1,49,0.0,49.0,18,31.0
108403,2025-05-25,5,6,320,1,349,0.0,349.0,180,169.0
108403,2025-05-25,17,6,320,1,89,0.0,89.0,30,59.0
108404,2024-02-06,13,8,52,3,199,0.0,597.0,285,312.0
108405,2024-01-11,10,4,5,1,149,0.0,149.0,60,89.0
108405,2024-01-11,2,4,5,1,799,124.47,674.53,480,194.53
108406,2025-12-09,13,8,299,2,199,0.0,398.0,190,208.0
108407,2024-05-18,5,3,344,2,349,93.19,604.81,360,244.81
108408,2025-07-25,1,5,143,1,999,0.0,999.0,620,379.0
108409,2025-12-03,12,10,120,1,279,0.0,279.0,140,139.0
108409,2025-12-03,6,10,120,1,249,17.05,231.95,120,111.95
108409,2025-12-03,15,10,120,1,35,0.0,35.0,12,23.0
108410,2024-02-10,19,2,39,1,99,0.0,99.0,35,64.0
108411,2025-04-15,9,6,347,1,79,0.0,79.0,25,54.0
108411,2025-04-15,1,6,347,1,999,0.0,999.0,620,379.0
108412,2025-11-24,15,9,194,2,35,16.42,53.58,24,29.58
108413,2026-05-24,10,2,64,1,149,26.51,122.49,60,62.49
108414,2024-11-20,20,10,283,2,179,0.0,358.0,140,218.0
108415,2026-08-08,8,10,326,1,349,0.0,349.0,150,199.0
108416,2026-04-14,4,1,162,1,399,47.3,351.7,210,141.7
108417,2025-10-31,13,9,308,3,199,0.0,597.0,285,312.0
108417,2025-10-31,5,9,308,1,349,0.0,349.0,180,169.0
108418,2025-02-12,12,1,203,1,279,0.0,279.0,140,139.0
108418,2025-02-12,14,1,203,1,49,0.0,49.0,18,31.0
108418,2025-02-12,9,1,203,1,79,0.0,79.0,25,54.0
108419,2025-12-13,17,6,316,1,89,0.0,89.0,30,59.0
108419,2025-12-13,9,6,316,2,79,30.94,127.06,50,77.06
108420,2026-03-19,6,1,31,1,249,0.0,249.0,120,129.0
108420,2026-03-19,10,1,31,1,149,15.93,133.07,60,73.07
108421,2024-11-23,12,1,87,1,279,0.0,279.0,140,139.0
108421,2024-11-23,8,1,87,2,349,154.36,543.64,300,243.64
108422,2026-08-25,20,10,377,1,179,0.0,179.0,70,109.0
108423,2026-06-09,9,1,74,3,79,0.0,237.0,75,162.0
108424,2025-05-21,16,2,32,2,39,0.0,78.0,30,48.0
108425,2025-12-21,20,1,104,2,179,32.05,325.95,140,185.95
108426,2025-06-29,15,4,200,1,35,0.0,35.0,12,23.0
108427,2026-01-23,7,2,233,1,599,0.0,599.0,260,339.0
108428,2026-03-30,16,2,76,1,39,0.0,39.0,15,24.0
108429,2024-01-29,20,10,272,1,179,0.0,179.0,70,109.0
108430,2024-04-06,18,10,132,1,24,0.0,24.0,8,16.0
108430,2024-04-06,17,10,132,1,89,0.0,89.0,30,59.0
108431,2024-12-18,4,3,293,1,399,0.0,399.0,210,189.0
108432,2026-06-17,13,9,347,2,199,0.0,398.0,190,208.0
108433,2025-02-19,4,1,217,2,399,81.81,716.19,420,296.19
108433,2025-02-19,6,1,217,1,249,0.0,249.0,120,129.0
108434,2026-05-22,10,1,329,1,149,0.0,149.0,60,89.0
108435,2025-04-29,10,10,249,3,149,0.0,447.0,180,267.0
108435,2025-04-29,2,10,249,1,799,0.0,799.0,480,319.0
108436,2024-11-12,19,10,392,1,99,21.7,77.3,35,42.3
108436,2024-11-12,6,10,392,1,249,0.0,249.0,120,129.0
108437,2026-06-02,12,10,46,1,279,0.0,279.0,140,139.0
108437,2026-06-02,10,10,46,1,149,0.0,149.0,60,89.0
108438,2025-08-07,8,10,397,1,349,0.0,349.0,150,199.0
108438,2025-08-07,18,10,397,3,24,16.12,55.88,24,31.88
108439,2025-01-06,17,7,166,2,89,0.0,178.0,60,118.0
108440,2024-02-26,16,8,187,1,39,0.0,39.0,15,24.0
108441,2024-05-11,5,6,384,1,349,0.0,349.0,180,169.0
108441,2024-05-11,1,6,384,1,999,0.0,999.0,620,379.0
108442,2024-06-10,8,3,307,1,349,0.0,349.0,150,199.0
108443,2025-01-11,14,6,5,1,49,0.0,49.0,18,31.0
108444,2025-09-22,3,6,184,1,649,0.0,649.0,350,299.0
108445,2024-11-27,5,10,107,1,349,48.88,300.12,180,120.12
108446,2024-03-22,17,6,376,1,89,0.0,89.0,30,59.0
108446,2024-03-22,1,6,376,1,999,0.0,999.0,620,379.0
108447,2024-10-23,5,1,347,1,349,0.0,349.0,180,169.0
108448,2025-03-03,18,1,314,1,24,0.0,24.0,8,16.0
108448,2025-03-03,15,1,314,1,35,0.0,35.0,12,23.0
108449,2026-08-25,13,6,293,1,199,16.49,182.51,95,87.51
108450,2025-02-13,16,10,192,1,39,0.0,39.0,15,24.0
108451,2024-04-17,20,10,148,1,179,0.0,179.0,70,109.0
108452,2025-08-28,10,4,80,1,149,0.0,149.0,60,89.0
108453,2026-06-19,9,8,378,1,79,0.0,79.0,25,54.0
108454,2026-02-18,19,6,223,1,99,0.0,99.0,35,64.0
108455,2026-04-07,3,8,378,1,649,0.0,649.0,350,299.0
108456,2026-06-27,11,1,380,1,129,0.0,129.0,45,84.0
108457,2025-10-19,4,1,352,1,399,0.0,399.0,210,189.0
108457,2025-10-19,6,1,352,1,249,0.0,249.0,120,129.0
108458,2026-08-27,4,3,345,2,399,0.0,798.0,420,378.0
108459,2024-02-11,19,1,152,1,99,0.0,99.0,35,64.0
108459,2024-02-11,18,1,152,1,24,4.84,19.16,8,11.16
108460,2026-04-06,11,5,122,3,129,0.0,387.0,135,252.0
108461,2026-04-26,10,5,351,1,149,0.0,149.0,60,89.0
108462,2026-06-16,8,10,247,3,349,143.46,903.54,450,453.54
108462,2026-06-16,18,10,247,1,24,0.0,24.0,8,16.0
108463,2025-05-14,5,9,251,3,349,0.0,1047.0,540,507.0
108464,2026-02-19,15,1,220,1,35,0.0,35.0,12,23.0
108465,2024-08-12,7,10,360,1,599,0.0,599.0,260,339.0
108466,2025-09-18,3,1,396,1,649,0.0,649.0,350,299.0
108467,2025-01-04,11,6,119,1,129,0.0,129.0,45,84.0
108468,2025-09-12,16,6,174,1,39,0.0,39.0,15,24.0
108469,2025-11-18,13,10,334,1,199,30.43,168.57,95,73.57
108470,2024-12-25,17,8,360,1,89,9.66,79.34,30,49.34
108470,2024-12-25,8,8,360,1,349,0.0,349.0,150,199.0
108470,2024-12-25,2,8,360,1,799,98.63,700.37,480,220.37
108471,2024-09-04,15,5,132,1,35,0.0,35.0,12,23.0
108471,2024-09-04,11,5,132,1,129,0.0,129.0,45,84.0
108472,2024-12-07,9,4,51,1,79,13.54,65.46,25,40.46
108473,2025-11-10,4,8,350,1,399,0.0,399.0,210,189.0
108474,2025-11-19,6,4,99,1,249,0.0,249.0,120,129.0
108474,2025-11-19,10,4,99,2,149,40.95,257.05,120,137.05
108475,2026-01-03,18,8,394,1,24,0.0,24.0,8,16.0
108476,2024-05-27,2,2,351,2,799,0.0,1598.0,960,638.0
108477,2026-03-22,19,2,275,1,99,0.0,99.0,35,64.0
108478,2025-11-27,7,8,68,1,599,0.0,599.0,260,339.0
108478,2025-11-27,11,8,68,2,129,0.0,258.0,90,168.0
108479,2024-02-07,15,8,260,2,35,0.0,70.0,24,46.0
108480,2024-12-17,10,2,358,1,149,0.0,149.0,60,89.0
108481,2025-05-03,17,2,287,1,89,0.0,89.0,30,59.0
108482,2025-01-06,11,8,205,1,129,29.33,99.67,45,54.67
108483,2024-05-17,17,1,384,1,89,0.0,89.0,30,59.0
108484,2024-08-25,15,4,46,1,35,0.0,35.0,12,23.0
108484,2024-08-25,8,4,46,1,349,0.0,349.0,150,199.0
108484,2024-08-25,1,4,46,2,999,0.0,1998.0,1240,758.0
108485,2024-01-31,20,10,122,1,179,0.0,179.0,70,109.0
108486,2024-04-22,17,7,388,1,89,0.0,89.0,30,59.0
108487,2024-10-24,12,4,61,1,279,0.0,279.0,140,139.0
108488,2026-03-23,14,9,329,1,49,0.0,49.0,18,31.0
108489,2025-07-02,1,10,312,1,999,233.93,765.07,620,145.07
108490,2025-03-20,9,3,8,2,79,0.0,158.0,50,108.0
108491,2025-11-09,5,1,390,2,349,0.0,698.0,360,338.0
108492,2025-07-18,17,9,52,3,89,36.85,230.15,90,140.15
108493,2024-06-01,7,1,27,1,599,0.0,599.0,260,339.0
108493,2024-06-01,3,1,27,2,649,0.0,1298.0,700,598.0
108494,2024-09-11,16,9,390,1,39,0.0,39.0,15,24.0
108494,2024-09-11,9,9,390,2,79,0.0,158.0,50,108.0
108495,2024-09-11,9,6,345,2,79,0.0,158.0,50,108.0
108496,2025-09-15,16,1,180,1,39,0.0,39.0,15,24.0
108497,2025-04-28,13,3,213,1,199,0.0,199.0,95,104.0
108498,2025-02-06,8,1,253,1,349,0.0,349.0,150,199.0
108499,2025-08-03,17,10,83,1,89,0.0,89.0,30,59.0
108500,2026-08-05,3,3,67,1,649,0.0,649.0,350,299.0
108501,2024-12-02,2,10,155,1,799,127.95,671.05,480,191.05
108501,2024-12-02,20,10,155,1,179,0.0,179.0,70,109.0
108501,2024-12-02,10,10,155,3,149,79.96,367.04,180,187.04
108502,2025-06-25,16,6,75,1,39,0.0,39.0,15,24.0
108503,2025-05-16,18,3,295,3,24,0.0,72.0,24,48.0
108504,2025-12-17,10,6,61,1,149,33.69,115.31,60,55.31
108505,2025-12-26,1,10,131,2,999,0.0,1998.0,1240,758.0
108505,2025-12-26,3,10,131,3,649,217.1,1729.9,1050,679.9
108505,2025-12-26,18,10,131,1,24,0.0,24.0,8,16.0
108506,2025-12-25,17,6,58,1,89,18.37,70.63,30,40.63
108507,2024-08-19,18,6,130,1,24,0.0,24.0,8,16.0
108507,2024-08-19,12,6,130,1,279,0.0,279.0,140,139.0
108508,2025-04-15,4,4,43,1,399,0.0,399.0,210,189.0
108508,2025-04-15,10,4,43,1,149,20.27,128.73,60,68.73
108508,2025-04-15,16,4,43,1,39,0.0,39.0,15,24.0
108509,2026-03-15,8,3,280,1,349,0.0,349.0,150,199.0
108510,2025-01-30,7,7,150,2,599,83.24,1114.76,520,594.76
108511,2026-08-17,13,1,128,3,199,0.0,597.0,285,312.0
108512,2025-01-11,8,9,201,1,349,0.0,349.0,150,199.0
108513,2025-06-02,19,1,136,1,99,0.0,99.0,35,64.0
108514,2025-05-11,16,5,208,1,39,0.0,39.0,15,24.0
108515,2025-03-30,4,9,163,1,399,0.0,399.0,210,189.0
108516,2026-04-15,14,1,101,1,49,0.0,49.0,18,31.0
108517,2024-06-27,3,3,366,2,649,76.17,1221.83,700,521.83
108518,2025-08-14,16,5,180,2,39,0.0,78.0,30,48.0
108518,2025-08-14,3,5,180,1,649,0.0,649.0,350,299.0
108519,2025-10-03,10,2,63,1,149,10.15,138.85,60,78.85
108520,2026-04-20,14,8,118,1,49,0.0,49.0,18,31.0
108521,2025-09-24,6,8,218,1,249,39.23,209.77,120,89.77
108522,2026-07-26,19,4,366,1,99,0.0,99.0,35,64.0
108522,2026-07-26,18,4,366,2,24,3.35,44.65,16,28.65
108523,2026-05-09,11,4,39,2,129,0.0,258.0,90,168.0
108524,2024-12-27,12,8,14,1,279,0.0,279.0,140,139.0
108525,2026-04-28,16,2,110,2,39,0.0,78.0,30,48.0
108525,2026-04-28,15,2,110,2,35,0.0,70.0,24,46.0
108526,2026-07-25,12,7,92,1,279,15.27,263.73,140,123.73
108527,2024-10-15,12,6,202,1,279,59.56,219.44,140,79.44
108528,2025-09-25,17,10,196,1,89,0.0,89.0,30,59.0
108528,2025-09-25,4,10,196,1,399,0.0,399.0,210,189.0
108529,2024-11-07,12,7,5,1,279,0.0,279.0,140,139.0
108529,2024-11-07,13,7,5,1,199,0.0,199.0,95,104.0
108530,2025-10-30,3,8,351,3,649,0.0,1947.0,1050,897.0
108530,2025-10-30,9,8,351,1,79,0.0,79.0,25,54.0
108530,2025-10-30,4,8,351,1,399,0.0,399.0,210,189.0
108531,2024-04-22,17,7,62,1,89,0.0,89.0,30,59.0
108532,2025-12-28,7,5,309,1,599,0.0,599.0,260,339.0
108533,2025-03-15,19,8,232,1,99,0.0,99.0,35,64.0
108534,2025-09-03,20,7,183,2,179,0.0,358.0,140,218.0
108534,2025-09-03,7,7,183,2,599,0.0,1198.0,520,678.0
108535,2024-02-01,18,9,28,1,24,0.0,24.0,8,16.0
108535,2024-02-01,14,9,28,1,49,0.0,49.0,18,31.0
108536,2025-12-02,17,9,82,1,89,0.0,89.0,30,59.0
108537,2025-05-31,17,6,99,2,89,0.0,178.0,60,118.0
108538,2025-10-09,9,4,14,1,79,0.0,79.0,25,54.0
108539,2024-12-03,20,9,324,1,179,0.0,179.0,70,109.0
108539,2024-12-03,6,9,324,1,249,56.56,192.44,120,72.44
108540,2024-06-17,10,6,36,3,149,81.73,365.27,180,185.27
108541,2025-04-01,9,5,144,1,79,0.0,79.0,25,54.0
108542,2026-07-11,15,10,17,1,35,0.0,35.0,12,23.0
108542,2026-07-11,16,10,17,1,39,3.15,35.85,15,20.85
108543,2024-09-16,4,5,150,1,399,0.0,399.0,210,189.0
108544,2025-11-18,16,1,332,2,39,11.12,66.88,30,36.88
108545,2024-03-03,2,5,156,1,799,0.0,799.0,480,319.0
108546,2025-12-18,9,10,281,1,79,0.0,79.0,25,54.0
108547,2024-09-27,8,1,390,2,349,0.0,698.0,300,398.0
108548,2025-04-18,12,10,225,1,279,0.0,279.0,140,139.0
108549,2025-01-14,3,1,339,1,649,0.0,649.0,350,299.0
108549,2025-01-14,8,1,339,1,349,0.0,349.0,150,199.0
108550,2024-05-13,3,6,251,1,649,0.0,649.0,350,299.0
108551,2024-12-24,4,6,68,2,399,0.0,798.0,420,378.0
108552,2024-12-28,6,1,359,1,249,47.79,201.21,120,81.21
108552,2024-12-28,2,1,359,2,799,0.0,1598.0,960,638.0
108553,2025-06-27,5,1,174,1,349,21.16,327.84,180,147.84
108554,2026-08-07,19,1,335,1,99,0.0,99.0,35,64.0
108555,2025-05-06,10,5,132,1,149,0.0,149.0,60,89.0
108556,2026-06-14,16,1,223,1,39,0.0,39.0,15,24.0
108557,2025-04-28,19,1,255,1,99,16.11,82.89,35,47.89
108557,2025-04-28,8,1,255,1,349,0.0,349.0,150,199.0
108558,2024-05-07,14,2,349,2,49,0.0,98.0,36,62.0
108558,2024-05-07,1,2,349,1,999,0.0,999.0,620,379.0
108559,2024-09-19,9,3,334,1,79,0.0,79.0,25,54.0
108560,2025-03-02,3,9,15,1,649,0.0,649.0,350,299.0
108560,2025-03-02,9,9,15,1,79,0.0,79.0,25,54.0
108561,2024-12-10,4,8,84,1,399,65.02,333.98,210,123.98
108562,2026-05-03,17,3,74,2,89,0.0,178.0,60,118.0
108563,2025-11-21,10,10,180,1,149,0.0,149.0,60,89.0
108564,2025-08-25,10,10,52,1,149,0.0,149.0,60,89.0
108564,2025-08-25,5,10,52,3,349,0.0,1047.0,540,507.0
108565,2025-05-27,5,8,179,1,349,0.0,349.0,180,169.0
108566,2025-02-18,19,9,49,1,99,0.0,99.0,35,64.0
108567,2025-09-27,17,6,190,3,89,0.0,267.0,90,177.0
108567,2025-09-27,18,6,190,1,24,0.0,24.0,8,16.0
108568,2024-05-25,17,1,38,1,89,0.0,89.0,30,59.0
108569,2024-07-06,13,9,70,1,199,0.0,199.0,95,104.0
108570,2024-11-23,6,5,38,1,249,0.0,249.0,120,129.0
108571,2024-07-16,13,8,381,1,199,0.0,199.0,95,104.0
108572,2025-11-19,5,6,259,1,349,0.0,349.0,180,169.0
108573,2024-01-31,4,4,170,1,399,0.0,399.0,210,189.0
108574,2024-07-03,12,10,285,2,279,0.0,558.0,280,278.0
108575,2026-06-04,3,7,267,1,649,142.08,506.92,350,156.92
108576,2026-08-29,13,8,309,1,199,0.0,199.0,95,104.0
108577,2025-05-23,7,1,121,1,599,0.0,599.0,260,339.0
108578,2025-05-31,19,8,186,1,99,0.0,99.0,35,64.0
108579,2026-02-04,17,2,100,1,89,0.0,89.0,30,59.0
108580,2024-02-15,11,9,15,1,129,0.0,129.0,45,84.0
108581,2025-03-23,3,4,208,1,649,59.92,589.08,350,239.08
108582,2024-04-29,8,6,112,2,349,124.26,573.74,300,273.74
108583,2025-02-22,6,6,166,1,249,0.0,249.0,120,129.0
108584,2026-08-17,9,3,42,1,79,7.72,71.28,25,46.28
108585,2026-01-15,16,8,398,1,39,3.75,35.25,15,20.25
108586,2026-08-18,13,3,28,1,199,0.0,199.0,95,104.0
108586,2026-08-18,5,3,28,1,349,0.0,349.0,180,169.0
108587,2026-01-08,3,3,358,1,649,0.0,649.0,350,299.0
108588,2025-09-23,11,4,382,1,129,0.0,129.0,45,84.0
108589,2026-01-16,16,10,2,1,39,0.0,39.0,15,24.0
108589,2026-01-16,1,10,2,1,999,0.0,999.0,620,379.0
108589,2026-01-16,12,10,2,2,279,0.0,558.0,280,278.0
108590,2025-11-06,18,7,223,2,24,0.0,48.0,16,32.0
108591,2025-04-30,10,8,26,1,149,0.0,149.0,60,89.0
108592,2024-11-15,2,10,198,2,799,0.0,1598.0,960,638.0
108593,2025-06-25,16,10,196,1,39,0.0,39.0,15,24.0
108594,2024-10-17,2,5,215,1,799,0.0,799.0,480,319.0
108594,2024-10-17,20,5,215,1,179,0.0,179.0,70,109.0
108595,2025-05-22,14,8,363,1,49,0.0,49.0,18,31.0
108595,2025-05-22,15,8,363,1,35,0.0,35.0,12,23.0
108596,2024-06-17,1,8,140,1,999,0.0,999.0,620,379.0
108597,2025-08-12,14,4,33,2,49,14.2,83.8,36,47.8
108598,2024-10-04,10,10,260,1,149,0.0,149.0,60,89.0
108598,2024-10-04,7,10,260,3,599,0.0,1797.0,780,1017.0
108599,2024-11-16,9,1,389,1,79,0.0,79.0,25,54.0
108600,2025-06-03,18,10,125,1,24,0.0,24.0,8,16.0
108601,2024-07-06,15,8,357,2,35,0.0,70.0,24,46.0
108602,2026-07-29,14,2,75,1,49,0.0,49.0,18,31.0
108602,2026-07-29,10,2,75,2,149,0.0,298.0,120,178.0
108603,2025-04-13,19,1,214,1,99,0.0,99.0,35,64.0
108604,2024-12-29,14,2,25,1,49,0.0,49.0,18,31.0
108605,2024-02-06,4,4,147,1,399,0.0,399.0,210,189.0
108605,2024-02-06,10,4,147,1,149,0.0,149.0,60,89.0
108606,2026-04-13,8,9,361,2,349,0.0,698.0,300,398.0
108607,2025-10-10,19,1,67,1,99,0.0,99.0,35,64.0
108608,2025-03-12,9,9,124,1,79,0.0,79.0,25,54.0
108608,2025-03-12,8,9,124,1,349,0.0,349.0,150,199.0
108608,2025-03-12,5,9,124,2,349,0.0,698.0,360,338.0
108609,2024-10-04,18,8,290,2,24,0.0,48.0,16,32.0
108610,2026-01-07,18,10,83,1,24,0.0,24.0,8,16.0
108610,2026-01-07,20,10,83,2,179,0.0,358.0,140,218.0
108611,2026-07-13,14,2,188,2,49,0.0,98.0,36,62.0
108611,2026-07-13,8,2,188,2,349,0.0,698.0,300,398.0
108612,2025-01-29,8,10,309,1,349,0.0,349.0,150,199.0
108613,2024-06-05,10,2,183,1,149,0.0,149.0,60,89.0
108614,2024-05-09,10,3,29,2,149,24.46,273.54,120,153.54
108614,2024-05-09,4,3,29,1,399,25.12,373.88,210,163.88
108614,2024-05-09,7,3,29,1,599,0.0,599.0,260,339.0
108615,2024-01-08,3,2,115,1,649,0.0,649.0,350,299.0
108615,2024-01-08,9,2,115,1,79,0.0,79.0,25,54.0
108616,2026-01-06,5,1,6,1,349,40.32,308.68,180,128.68
108617,2026-08-15,20,1,1,2,179,0.0,358.0,140,218.0
108618,2026-08-25,17,3,397,1,89,0.0,89.0,30,59.0
108618,2026-08-25,1,3,397,1,999,0.0,999.0,620,379.0
108619,2026-02-16,18,4,170,1,24,0.0,24.0,8,16.0
108619,2026-02-16,20,4,170,1,179,0.0,179.0,70,109.0
108620,2024-07-05,8,2,59,1,349,0.0,349.0,150,199.0
108621,2026-08-12,2,1,166,1,799,0.0,799.0,480,319.0
108621,2026-08-12,8,1,166,1,349,0.0,349.0,150,199.0
108622,2024-12-11,17,4,296,1,89,0.0,89.0,30,59.0
108623,2024-12-16,16,9,353,1,39,0.0,39.0,15,24.0
108624,2025-11-27,2,10,169,1,799,0.0,799.0,480,319.0
108624,2025-11-27,10,10,169,2,149,59.91,238.09,120,118.09
108625,2024-03-03,5,7,259,1,349,0.0,349.0,180,169.0
108626,2026-03-28,1,3,325,1,999,0.0,999.0,620,379.0
108627,2026-08-29,8,1,363,1,349,0.0,349.0,150,199.0
108628,2026-02-06,13,1,93,2,199,0.0,398.0,190,208.0
108629,2026-02-13,20,10,98,1,179,0.0,179.0,70,109.0
108630,2025-02-10,15,1,227,2,35,0.0,70.0,24,46.0
108630,2025-02-10,11,1,227,2,129,0.0,258.0,90,168.0
108630,2025-02-10,6,1,227,1,249,0.0,249.0,120,129.0
108631,2024-03-22,7,9,20,1,599,0.0,599.0,260,339.0
108632,2026-02-25,6,10,86,1,249,0.0,249.0,120,129.0
108633,2025-09-13,5,2,373,1,349,66.06,282.94,180,102.94
108634,2026-06-10,8,2,359,1,349,0.0,349.0,150,199.0
108634,2026-06-10,6,2,359,3,249,0.0,747.0,360,387.0
108635,2024-05-16,5,2,256,1,349,0.0,349.0,180,169.0
108636,2024-11-25,1,5,307,1,999,0.0,999.0,620,379.0
108636,2024-11-25,16,5,307,2,39,0.0,78.0,30,48.0
108637,2025-01-06,13,6,211,2,199,0.0,398.0,190,208.0
108638,2025-11-24,1,8,48,1,999,78.06,920.94,620,300.94
108638,2025-11-24,10,8,48,1,149,0.0,149.0,60,89.0
108639,2026-02-19,4,4,208,1,399,0.0,399.0,210,189.0
108640,2026-07-27,11,9,88,1,129,0.0,129.0,45,84.0
108641,2024-11-17,16,6,169,3,39,28.97,88.03,45,43.03
108641,2024-11-17,11,6,169,1,129,0.0,129.0,45,84.0
108641,2024-11-17,7,6,169,2,599,121.3,1076.7,520,556.7
108642,2025-05-29,11,6,287,2,129,0.0,258.0,90,168.0
108643,2024-02-05,13,4,31,1,199,0.0,199.0,95,104.0
108643,2024-02-05,16,4,31,3,39,0.0,117.0,45,72.0
108644,2024-10-11,8,1,230,2,349,0.0,698.0,300,398.0
108645,2025-01-21,3,10,129,1,649,0.0,649.0,350,299.0
108646,2025-09-09,5,10,148,2,349,0.0,698.0,360,338.0
108646,2025-09-09,12,10,148,2,279,0.0,558.0,280,278.0
108647,2025-05-07,7,4,62,1,599,0.0,599.0,260,339.0
108648,2025-01-11,10,6,93,1,149,24.94,124.06,60,64.06
108649,2025-10-08,17,7,157,1,89,0.0,89.0,30,59.0
108649,2025-10-08,7,7,157,1,599,0.0,599.0,260,339.0
108649,2025-10-08,20,7,157,1,179,0.0,179.0,70,109.0
108650,2026-03-31,16,2,193,1,39,0.0,39.0,15,24.0
108651,2024-10-01,9,5,295,1,79,0.0,79.0,25,54.0
108652,2024-12-22,13,7,400,1,199,0.0,199.0,95,104.0
108652,2024-12-22,17,7,400,1,89,0.0,89.0,30,59.0
108652,2024-12-22,7,7,400,2,599,67.9,1130.1,520,610.1
108653,2025-12-09,5,7,236,3,349,0.0,1047.0,540,507.0
108653,2025-12-09,17,7,236,1,89,0.0,89.0,30,59.0
108654,2026-02-09,3,3,44,1,649,115.34,533.66,350,183.66
108655,2026-03-28,16,7,336,1,39,0.0,39.0,15,24.0
108656,2024-08-28,3,7,292,1,649,0.0,649.0,350,299.0
108657,2025-07-15,20,1,136,1,179,0.0,179.0,70,109.0
108658,2026-06-01,14,10,254,1,49,0.0,49.0,18,31.0
108658,2026-06-01,16,10,254,1,39,0.0,39.0,15,24.0
108659,2025-02-12,10,8,157,1,149,0.0,149.0,60,89.0
108660,2025-03-26,13,6,136,1,199,0.0,199.0,95,104.0
108661,2026-08-18,5,1,182,1,349,0.0,349.0,180,169.0
108661,2026-08-18,18,1,182,1,24,0.0,24.0,8,16.0
108662,2024-05-13,5,3,102,2,349,0.0,698.0,360,338.0
108663,2025-12-09,17,10,213,1,89,7.87,81.13,30,51.13
108664,2026-04-19,16,7,286,1,39,0.0,39.0,15,24.0
108665,2024-06-23,8,8,26,1,349,0.0,349.0,150,199.0
108666,2025-12-15,14,7,314,1,49,0.0,49.0,18,31.0
108666,2025-12-15,5,7,314,1,349,0.0,349.0,180,169.0
108667,2025-05-06,12,1,97,1,279,0.0,279.0,140,139.0
108668,2026-04-22,7,1,21,1,599,0.0,599.0,260,339.0
108668,2026-04-22,11,1,21,1,129,0.0,129.0,45,84.0
108669,2026-06-08,14,10,90,1,49,0.0,49.0,18,31.0
108670,2026-05-09,18,10,289,1,24,0.0,24.0,8,16.0
108671,2024-03-20,9,4,347,2,79,0.0,158.0,50,108.0
108671,2024-03-20,8,4,347,1,349,0.0,349.0,150,199.0
108672,2026-01-18,1,2,224,1,999,0.0,999.0,620,379.0
108673,2026-06-21,8,4,131,1,349,0.0,349.0,150,199.0
108673,2026-06-21,14,4,131,1,49,0.0,49.0,18,31.0
108674,2025-10-06,2,10,181,1,799,65.18,733.82,480,253.82
108675,2025-09-16,2,7,142,1,799,0.0,799.0,480,319.0
108675,2025-09-16,7,7,142,1,599,0.0,599.0,260,339.0
108676,2024-02-26,14,5,259,2,49,0.0,98.0,36,62.0
108677,2026-04-25,18,5,167,2,24,0.0,48.0,16,32.0
108678,2024-02-28,7,2,61,1,599,0.0,599.0,260,339.0
108678,2024-02-28,4,2,61,1,399,0.0,399.0,210,189.0
108679,2024-12-01,16,10,36,1,39,0.0,39.0,15,24.0
108680,2026-06-25,20,8,70,2,179,38.48,319.52,140,179.52
108680,2026-06-25,8,8,70,1,349,0.0,349.0,150,199.0
108681,2026-07-17,3,4,22,1,649,0.0,649.0,350,299.0
108682,2026-08-24,4,8,163,1,399,0.0,399.0,210,189.0
108683,2025-05-12,5,1,168,1,349,0.0,349.0,180,169.0
108683,2025-05-12,20,1,168,1,179,0.0,179.0,70,109.0
108684,2024-07-23,19,7,77,1,99,0.0,99.0,35,64.0
108684,2024-07-23,13,7,77,1,199,0.0,199.0,95,104.0
108684,2024-07-23,4,7,77,1,399,0.0,399.0,210,189.0
108685,2025-05-24,17,2,102,1,89,0.0,89.0,30,59.0
108686,2024-05-02,6,8,152,2,249,0.0,498.0,240,258.0
108686,2024-05-02,7,8,152,1,599,0.0,599.0,260,339.0
108687,2026-05-09,16,8,22,1,39,0.0,39.0,15,24.0
108688,2025-08-07,17,9,98,1,89,0.0,89.0,30,59.0
108689,2025-02-27,5,8,52,2,349,62.08,635.92,360,275.92
108690,2024-04-07,9,8,33,1,79,0.0,79.0,25,54.0
108691,2025-02-28,8,9,20,1,349,0.0,349.0,150,199.0
108691,2025-02-28,3,9,20,1,649,0.0,649.0,350,299.0
108692,2026-05-04,5,7,21,2,349,0.0,698.0,360,338.0
108692,2026-05-04,16,7,21,1,39,6.37,32.63,15,17.63
108693,2025-12-08,7,2,177,1,599,146.19,452.81,260,192.81
108694,2024-04-10,17,3,58,1,89,0.0,89.0,30,59.0
108694,2024-04-10,1,3,58,1,999,0.0,999.0,620,379.0
108695,2024-07-03,6,10,355,2,249,0.0,498.0,240,258.0
108695,2024-07-03,15,10,355,1,35,3.07,31.93,12,19.93
108696,2025-02-12,2,10,162,2,799,0.0,1598.0,960,638.0
108697,2024-05-01,15,4,102,1,35,0.0,35.0,12,23.0
108698,2026-07-02,1,10,308,1,999,0.0,999.0,620,379.0
108699,2025-11-02,17,7,99,1,89,0.0,89.0,30,59.0
108699,2025-11-02,4,7,99,2,399,87.98,710.02,420,290.02
108700,2024-04-23,3,8,312,1,649,0.0,649.0,350,299.0
108701,2026-02-20,9,6,40,3,79,0.0,237.0,75,162.0
108702,2025-01-15,12,6,351,3,279,139.15,697.85,420,277.85
108702,2025-01-15,16,6,351,1,39,8.96,30.04,15,15.04
108703,2024-10-04,16,8,8,2,39,0.0,78.0,30,48.0
108703,2024-10-04,3,8,8,1,649,0.0,649.0,350,299.0
108703,2024-10-04,8,8,8,1,349,41.26,307.74,150,157.74
108704,2025-08-17,17,8,380,2,89,16.02,161.98,60,101.98
108705,2024-01-17,1,10,4,2,999,0.0,1998.0,1240,758.0
108705,2024-01-17,19,10,4,1,99,0.0,99.0,35,64.0
108705,2024-01-17,18,10,4,2,24,0.0,48.0,16,32.0
108706,2025-05-02,6,10,257,2,249,0.0,498.0,240,258.0
108707,2026-04-14,3,5,185,1,649,0.0,649.0,350,299.0
108708,2026-06-26,9,8,300,1,79,0.0,79.0,25,54.0
108709,2024-12-22,9,6,268,1,79,11.57,67.43,25,42.43
108709,2024-12-22,14,6,268,1,49,0.0,49.0,18,31.0
108710,2025-10-24,5,10,197,1,349,0.0,349.0,180,169.0
108711,2024-09-15,7,6,339,1,599,0.0,599.0,260,339.0
108711,2024-09-15,6,6,339,2,249,0.0,498.0,240,258.0
108712,2025-08-07,3,6,208,1,649,0.0,649.0,350,299.0
108712,2025-08-07,5,6,208,1,349,49.7,299.3,180,119.3
108713,2024-10-12,3,10,116,2,649,0.0,1298.0,700,598.0
108714,2025-08-18,17,8,231,1,89,0.0,89.0,30,59.0
108715,2024-07-16,14,2,337,1,49,0.0,49.0,18,31.0
108716,2026-07-09,20,3,281,1,179,24.38,154.62,70,84.62
108716,2026-07-09,1,3,281,1,999,0.0,999.0,620,379.0
108717,2026-05-21,20,1,27,1,179,0.0,179.0,70,109.0
108718,2024-12-18,11,7,175,1,129,0.0,129.0,45,84.0
108719,2026-02-08,19,1,219,1,99,0.0,99.0,35,64.0
108719,2026-02-08,10,1,219,3,149,0.0,447.0,180,267.0
108720,2024-04-24,6,1,237,1,249,0.0,249.0,120,129.0
108721,2026-01-02,5,10,181,1,349,0.0,349.0,180,169.0
108721,2026-01-02,20,10,181,1,179,35.61,143.39,70,73.39
108722,2024-11-07,5,8,329,1,349,0.0,349.0,180,169.0
108723,2024-06-06,14,2,236,2,49,0.0,98.0,36,62.0
108724,2025-11-20,15,2,377,1,35,0.0,35.0,12,23.0
108724,2025-11-20,8,2,377,2,349,0.0,698.0,300,398.0
108724,2025-11-20,12,2,377,1,279,0.0,279.0,140,139.0
108725,2025-05-06,2,2,309,1,799,0.0,799.0,480,319.0
108726,2025-07-05,7,10,251,2,599,166.77,1031.23,520,511.23
108726,2025-07-05,10,10,251,1,149,0.0,149.0,60,89.0
108727,2025-06-25,2,10,379,1,799,0.0,799.0,480,319.0
108728,2024-03-15,14,10,367,1,49,10.2,38.8,18,20.8
108729,2024-03-05,14,9,271,1,49,0.0,49.0,18,31.0
108729,2024-03-05,3,9,271,1,649,0.0,649.0,350,299.0
108729,2024-03-05,11,9,271,2,129,0.0,258.0,90,168.0
108730,2025-09-17,17,3,241,1,89,0.0,89.0,30,59.0
108731,2025-10-08,8,5,298,1,349,0.0,349.0,150,199.0
108732,2024-02-29,5,4,226,2,349,0.0,698.0,360,338.0
108732,2024-02-29,10,4,226,1,149,29.45,119.55,60,59.55
108733,2025-01-26,16,5,120,1,39,2.94,36.06,15,21.06
108733,2025-01-26,9,5,120,3,79,0.0,237.0,75,162.0
108734,2025-09-28,19,4,380,1,99,0.0,99.0,35,64.0
108735,2025-11-05,7,1,252,1,599,0.0,599.0,260,339.0
108736,2026-03-31,8,5,193,1,349,0.0,349.0,150,199.0
108736,2026-03-31,16,5,193,1,39,0.0,39.0,15,24.0
108737,2025-03-16,16,4,230,1,39,4.74,34.26,15,19.26
108738,2025-07-25,5,3,172,1,349,0.0,349.0,180,169.0
108739,2025-08-25,20,7,378,1,179,0.0,179.0,70,109.0
108740,2024-11-30,6,5,208,1,249,18.97,230.03,120,110.03
108740,2024-11-30,4,5,208,1,399,31.5,367.5,210,157.5
108741,2024-03-08,5,1,366,2,349,0.0,698.0,360,338.0
108741,2024-03-08,12,1,366,2,279,0.0,558.0,280,278.0
108742,2024-01-06,8,9,381,1,349,0.0,349.0,150,199.0
108743,2026-04-07,14,2,224,1,49,9.14,39.86,18,21.86
108744,2024-08-18,2,10,130,1,799,0.0,799.0,480,319.0
108745,2025-10-13,17,10,56,1,89,0.0,89.0,30,59.0
108746,2025-08-24,20,10,25,1,179,0.0,179.0,70,109.0
108747,2025-02-21,5,7,300,1,349,0.0,349.0,180,169.0
108748,2026-04-04,11,2,344,2,129,0.0,258.0,90,168.0
108749,2025-12-04,18,5,8,1,24,0.0,24.0,8,16.0
108750,2024-01-29,10,10,145,1,149,0.0,149.0,60,89.0
108751,2026-02-08,7,10,33,3,599,0.0,1797.0,780,1017.0
108752,2025-06-12,9,10,349,1,79,0.0,79.0,25,54.0
108753,2024-12-25,7,8,71,1,599,0.0,599.0,260,339.0
108753,2024-12-25,18,8,71,2,24,0.0,48.0,16,32.0
108754,2025-12-23,11,10,184,1,129,11.11,117.89,45,72.89
108754,2025-12-23,1,10,184,2,999,0.0,1998.0,1240,758.0
108754,2025-12-23,3,10,184,2,649,319.46,978.54,700,278.54
108755,2025-11-26,12,8,207,1,279,0.0,279.0,140,139.0
108756,2024-11-29,20,6,178,2,179,0.0,358.0,140,218.0
108757,2026-08-16,18,9,84,1,24,0.0,24.0,8,16.0
108757,2026-08-16,12,9,84,1,279,0.0,279.0,140,139.0
108758,2025-10-30,1,10,9,2,999,0.0,1998.0,1240,758.0
108759,2025-09-21,14,7,389,1,49,0.0,49.0,18,31.0
108759,2025-09-21,12,7,389,1,279,0.0,279.0,140,139.0
108760,2024-03-27,1,7,18,1,999,0.0,999.0,620,379.0
108761,2024-11-05,4,10,8,1,399,0.0,399.0,210,189.0
108761,2024-11-05,6,10,8,1,249,0.0,249.0,120,129.0
108762,2025-04-13,1,3,202,1,999,241.18,757.82,620,137.82
108763,2025-10-14,10,1,360,1,149,0.0,149.0,60,89.0
108764,2025-06-18,8,8,316,1,349,0.0,349.0,150,199.0
108764,2025-06-18,20,8,316,2,179,0.0,358.0,140,218.0
108765,2026-01-25,8,8,224,2,349,0.0,698.0,300,398.0
108765,2026-01-25,14,8,224,2,49,0.0,98.0,36,62.0
108765,2026-01-25,2,8,224,1,799,0.0,799.0,480,319.0
108766,2024-10-21,17,4,237,1,89,13.33,75.67,30,45.67
108767,2025-12-07,18,3,69,1,24,0.0,24.0,8,16.0
108768,2026-03-20,4,9,55,1,399,0.0,399.0,210,189.0
108768,2026-03-20,13,9,55,2,199,87.77,310.23,190,120.23
108769,2026-01-27,18,10,193,1,24,0.0,24.0,8,16.0
108769,2026-01-27,3,10,193,2,649,0.0,1298.0,700,598.0
108770,2026-02-01,17,9,41,1,89,0.0,89.0,30,59.0
108771,2026-05-23,19,10,234,1,99,0.0,99.0,35,64.0
108771,2026-05-23,2,10,234,1,799,0.0,799.0,480,319.0
108772,2024-04-12,14,5,379,1,49,0.0,49.0,18,31.0
108773,2025-12-04,4,1,302,1,399,0.0,399.0,210,189.0
108774,2026-08-03,5,1,143,1,349,0.0,349.0,180,169.0
108775,2025-08-20,20,7,276,1,179,0.0,179.0,70,109.0
108776,2024-09-05,12,10,81,2,279,0.0,558.0,280,278.0
108777,2026-08-30,4,10,51,1,399,0.0,399.0,210,189.0
108778,2024-07-20,6,1,8,2,249,0.0,498.0,240,258.0
108779,2024-12-17,4,10,116,1,399,0.0,399.0,210,189.0
108780,2024-07-17,11,7,383,2,129,0.0,258.0,90,168.0
108781,2025-05-01,19,1,311,1,99,0.0,99.0,35,64.0
108782,2025-03-14,4,9,149,1,399,0.0,399.0,210,189.0
108783,2025-05-27,5,10,28,1,349,0.0,349.0,180,169.0
108784,2026-06-26,5,1,5,1,349,83.07,265.93,180,85.93
108785,2025-05-14,8,2,351,2,349,0.0,698.0,300,398.0
108785,2025-05-14,3,2,351,1,649,0.0,649.0,350,299.0
108786,2025-06-19,18,9,368,1,24,0.0,24.0,8,16.0
108787,2026-05-21,18,2,391,1,24,1.69,22.31,8,14.31
108788,2026-03-21,20,2,289,1,179,0.0,179.0,70,109.0
108789,2024-09-29,17,3,126,1,89,15.67,73.33,30,43.33
108789,2024-09-29,1,3,126,1,999,0.0,999.0,620,379.0
108790,2024-01-16,20,8,352,2,179,28.77,329.23,140,189.23
108791,2025-10-13,18,5,246,2,24,0.0,48.0,16,32.0
108792,2026-04-15,13,4,316,1,199,0.0,199.0,95,104.0
108792,2026-04-15,3,4,316,1,649,0.0,649.0,350,299.0
108793,2025-07-30,7,8,370,2,599,0.0,1198.0,520,678.0
108794,2024-08-30,3,4,44,1,649,0.0,649.0,350,299.0
108795,2026-01-03,3,8,343,2,649,0.0,1298.0,700,598.0
108795,2026-01-03,5,8,343,2,349,0.0,698.0,360,338.0
108795,2026-01-03,12,8,343,1,279,0.0,279.0,140,139.0
108796,2025-11-14,9,10,385,1,79,0.0,79.0,25,54.0
108796,2025-11-14,11,10,385,1,129,17.67,111.33,45,66.33
108797,2025-08-11,9,10,105,1,79,0.0,79.0,25,54.0
108797,2025-08-11,13,10,105,1,199,0.0,199.0,95,104.0
108798,2026-05-01,12,9,388,2,279,0.0,558.0,280,278.0
108798,2026-05-01,6,9,388,2,249,0.0,498.0,240,258.0
108799,2026-02-16,9,6,379,1,79,0.0,79.0,25,54.0
108799,2026-02-16,3,6,379,1,649,0.0,649.0,350,299.0
108800,2025-11-13,20,3,323,2,179,0.0,358.0,140,218.0
108801,2025-11-11,7,7,62,1,599,99.97,499.03,260,239.03
108802,2025-11-09,9,3,116,1,79,0.0,79.0,25,54.0
108803,2025-06-30,2,7,271,1,799,199.4,599.6,480,119.6
108804,2025-04-30,4,10,157,2,399,0.0,798.0,420,378.0
108804,2025-04-30,14,10,157,1,49,0.0,49.0,18,31.0
108805,2025-12-12,2,1,161,1,799,0.0,799.0,480,319.0
108805,2025-12-12,5,1,161,1,349,0.0,349.0,180,169.0
108806,2025-09-26,10,7,394,1,149,0.0,149.0,60,89.0
108807,2025-05-26,6,8,185,2,249,0.0,498.0,240,258.0
108808,2024-05-27,5,6,56,2,349,0.0,698.0,360,338.0
108809,2025-12-07,12,10,387,1,279,0.0,279.0,140,139.0
108810,2025-10-27,10,2,325,1,149,0.0,149.0,60,89.0
108811,2024-12-22,5,9,372,1,349,0.0,349.0,180,169.0
108812,2025-01-01,4,4,161,2,399,0.0,798.0,420,378.0
108812,2025-01-01,19,4,161,3,99,0.0,297.0,105,192.0
108812,2025-01-01,12,4,161,1,279,0.0,279.0,140,139.0
108813,2024-10-06,16,1,57,2,39,0.0,78.0,30,48.0
108814,2026-07-28,16,4,144,2,39,0.0,78.0,30,48.0
108815,2026-04-28,9,3,397,1,79,0.0,79.0,25,54.0
108816,2025-08-07,14,6,23,1,49,0.0,49.0,18,31.0
108817,2025-02-23,3,3,122,1,649,0.0,649.0,350,299.0
108818,2025-12-30,16,6,222,1,39,1.96,37.04,15,22.04
108818,2025-12-30,8,6,222,2,349,0.0,698.0,300,398.0
108819,2025-07-03,10,5,110,2,149,0.0,298.0,120,178.0
108819,2025-07-03,1,5,110,1,999,0.0,999.0,620,379.0
108820,2026-08-10,18,7,321,2,24,0.0,48.0,16,32.0
108821,2024-03-10,12,6,21,2,279,0.0,558.0,280,278.0
108822,2024-02-12,7,8,315,1,599,143.96,455.04,260,195.04
108823,2025-08-15,19,8,267,3,99,0.0,297.0,105,192.0
108823,2025-08-15,11,8,267,1,129,0.0,129.0,45,84.0
108824,2024-08-21,12,5,239,1,279,0.0,279.0,140,139.0
108825,2025-09-20,15,10,101,2,35,0.0,70.0,24,46.0
108826,2026-02-13,7,7,165,1,599,0.0,599.0,260,339.0
108827,2024-06-09,17,4,163,2,89,27.17,150.83,60,90.83
108827,2024-06-09,11,4,163,3,129,0.0,387.0,135,252.0
108828,2025-04-07,6,6,147,1,249,0.0,249.0,120,129.0
108829,2025-11-28,15,9,173,1,35,6.83,28.17,12,16.17
108830,2026-04-05,20,1,175,2,179,0.0,358.0,140,218.0
108830,2026-04-05,18,1,175,2,24,8.58,39.42,16,23.42
108831,2025-06-01,3,4,57,1,649,0.0,649.0,350,299.0
108832,2024-08-24,20,2,97,1,179,0.0,179.0,70,109.0
108833,2025-09-02,12,5,124,2,279,0.0,558.0,280,278.0
108833,2025-09-02,7,5,124,1,599,0.0,599.0,260,339.0
108834,2025-04-21,17,3,182,2,89,0.0,178.0,60,118.0
108835,2026-02-03,2,8,373,1,799,0.0,799.0,480,319.0
108835,2026-02-03,19,8,373,1,99,0.0,99.0,35,64.0
108836,2025-08-02,10,9,366,1,149,23.76,125.24,60,65.24
108837,2024-11-05,15,4,267,1,35,0.0,35.0,12,23.0
108837,2024-11-05,20,4,267,1,179,28.95,150.05,70,80.05
108838,2026-01-16,14,7,326,1,49,11.39,37.61,18,19.61
108839,2025-06-23,4,3,10,1,399,55.37,343.63,210,133.63
108839,2025-06-23,16,3,10,1,39,0.0,39.0,15,24.0
108839,2025-06-23,19,3,10,1,99,11.94,87.06,35,52.06
108840,2024-07-23,9,8,169,1,79,0.0,79.0,25,54.0
108840,2024-07-23,16,8,169,1,39,0.0,39.0,15,24.0
108841,2025-08-09,12,6,220,1,279,18.95,260.05,140,120.05
108842,2026-07-15,7,10,193,1,599,0.0,599.0,260,339.0
108842,2026-07-15,3,10,193,1,649,0.0,649.0,350,299.0
108843,2025-12-09,5,5,89,1,349,23.59,325.41,180,145.41
108844,2024-11-20,20,7,367,1,179,0.0,179.0,70,109.0
108844,2024-11-20,13,7,367,1,199,0.0,199.0,95,104.0
108845,2025-12-13,13,6,336,1,199,36.63,162.37,95,67.37
108845,2025-12-13,8,6,336,2,349,0.0,698.0,300,398.0
108846,2024-11-07,5,1,94,2,349,110.74,587.26,360,227.26
108847,2025-07-19,14,10,357,2,49,0.0,98.0,36,62.0
108847,2025-07-19,20,10,357,1,179,0.0,179.0,70,109.0
108847,2025-07-19,4,10,357,1,399,0.0,399.0,210,189.0
108848,2025-07-02,12,4,342,2,279,98.68,459.32,280,179.32
108849,2024-10-06,2,2,383,1,799,0.0,799.0,480,319.0
108850,2024-12-26,3,5,62,1,649,0.0,649.0,350,299.0
108851,2026-07-10,4,7,93,1,399,0.0,399.0,210,189.0
108851,2026-07-10,11,7,93,1,129,0.0,129.0,45,84.0
108852,2024-10-09,19,5,66,2,99,0.0,198.0,70,128.0
108853,2026-03-05,12,10,23,1,279,0.0,279.0,140,139.0
108853,2026-03-05,5,10,23,1,349,0.0,349.0,180,169.0
108854,2025-11-12,5,8,371,1,349,24.78,324.22,180,144.22
108855,2025-07-08,11,6,111,1,129,0.0,129.0,45,84.0
108856,2024-06-08,20,10,377,2,179,0.0,358.0,140,218.0
108857,2024-08-22,10,8,228,1,149,0.0,149.0,60,89.0
108857,2024-08-22,3,8,228,1,649,0.0,649.0,350,299.0
108858,2024-07-25,19,7,116,2,99,0.0,198.0,70,128.0
108858,2024-07-25,14,7,116,1,49,0.0,49.0,18,31.0
108859,2025-09-03,7,9,251,1,599,0.0,599.0,260,339.0
108860,2026-08-08,20,6,212,2,179,0.0,358.0,140,218.0
108861,2026-05-13,8,10,332,1,349,0.0,349.0,150,199.0
108862,2024-02-01,12,4,322,1,279,0.0,279.0,140,139.0
108862,2024-02-01,5,4,322,1,349,0.0,349.0,180,169.0
108863,2024-10-31,13,8,230,1,199,0.0,199.0,95,104.0
108864,2024-06-30,1,7,22,1,999,0.0,999.0,620,379.0
108865,2026-08-10,6,9,13,1,249,31.46,217.54,120,97.54
108865,2026-08-10,11,9,13,1,129,0.0,129.0,45,84.0
108866,2024-09-24,13,1,319,1,199,9.96,189.04,95,94.04
108866,2024-09-24,17,1,319,1,89,0.0,89.0,30,59.0
108867,2024-08-19,9,8,277,1,79,0.0,79.0,25,54.0
108868,2025-10-05,14,8,379,2,49,0.0,98.0,36,62.0
108869,2025-08-02,11,1,364,2,129,0.0,258.0,90,168.0
108869,2025-08-02,4,1,364,1,399,0.0,399.0,210,189.0
108870,2024-09-14,14,6,195,1,49,0.0,49.0,18,31.0
108871,2025-11-15,19,4,73,1,99,0.0,99.0,35,64.0
108872,2024-04-26,20,10,28,1,179,0.0,179.0,70,109.0
108873,2024-01-24,2,1,26,1,799,0.0,799.0,480,319.0
108874,2024-04-10,16,8,229,3,39,0.0,117.0,45,72.0
108874,2024-04-10,13,8,229,1,199,0.0,199.0,95,104.0
108874,2024-04-10,14,8,229,1,49,0.0,49.0,18,31.0
108875,2025-01-11,2,7,36,2,799,0.0,1598.0,960,638.0
108876,2026-08-09,20,7,212,1,179,0.0,179.0,70,109.0
108877,2025-07-24,15,7,144,3,35,0.0,105.0,36,69.0
108878,2026-01-16,2,6,63,1,799,0.0,799.0,480,319.0
108878,2026-01-16,15,6,63,1,35,0.0,35.0,12,23.0
108879,2024-12-07,8,1,94,1,349,0.0,349.0,150,199.0
108880,2025-12-18,10,1,355,1,149,0.0,149.0,60,89.0
108880,2025-12-18,20,1,355,1,179,0.0,179.0,70,109.0
108881,2026-08-01,17,4,316,1,89,18.64,70.36,30,40.36
108882,2025-01-03,9,8,113,1,79,17.01,61.99,25,36.99
108883,2026-08-31,11,10,177,1,129,0.0,129.0,45,84.0
108884,2025-10-21,18,3,77,1,24,0.0,24.0,8,16.0
108884,2025-10-21,8,3,77,3,349,0.0,1047.0,450,597.0
108884,2025-10-21,16,3,77,1,39,0.0,39.0,15,24.0
108885,2026-01-10,14,3,137,2,49,0.0,98.0,36,62.0
108886,2024-10-11,6,8,376,1,249,0.0,249.0,120,129.0
108887,2025-10-25,9,6,69,1,79,0.0,79.0,25,54.0
108888,2025-06-16,15,4,391,2,35,0.0,70.0,24,46.0
108888,2025-06-16,7,4,391,2,599,0.0,1198.0,520,678.0
108888,2025-06-16,12,4,391,1,279,0.0,279.0,140,139.0
108889,2026-07-23,17,1,311,2,89,0.0,178.0,60,118.0
108890,2026-06-06,20,4,202,1,179,0.0,179.0,70,109.0
108891,2025-02-17,6,9,106,2,249,0.0,498.0,240,258.0
108891,2025-02-17,12,9,106,1,279,0.0,279.0,140,139.0
108891,2025-02-17,9,9,106,3,79,42.52,194.48,75,119.48
108892,2026-07-14,14,3,9,1,49,0.0,49.0,18,31.0
108893,2026-05-19,11,9,377,1,129,0.0,129.0,45,84.0
108894,2025-09-06,11,6,333,1,129,0.0,129.0,45,84.0
108895,2024-04-09,5,5,360,2,349,0.0,698.0,360,338.0
108896,2024-07-04,8,5,87,3,349,0.0,1047.0,450,597.0
108897,2024-04-04,4,2,374,2,399,0.0,798.0,420,378.0
108898,2024-05-08,13,6,68,1,199,0.0,199.0,95,104.0
108899,2026-08-11,20,5,370,1,179,0.0,179.0,70,109.0
108900,2024-08-31,11,9,38,1,129,0.0,129.0,45,84.0
108901,2025-11-29,16,9,258,1,39,0.0,39.0,15,24.0
108902,2025-10-19,6,1,345,1,249,0.0,249.0,120,129.0
108903,2025-10-14,1,5,143,1,999,0.0,999.0,620,379.0
108903,2025-10-14,5,5,143,1,349,0.0,349.0,180,169.0
108904,2024-08-25,4,4,168,1,399,0.0,399.0,210,189.0
108905,2025-08-26,12,7,128,2,279,0.0,558.0,280,278.0
108905,2025-08-26,5,7,128,1,349,0.0,349.0,180,169.0
108906,2025-10-09,5,5,234,1,349,0.0,349.0,180,169.0
108907,2025-08-17,19,4,386,1,99,0.0,99.0,35,64.0
108908,2024-08-02,15,5,196,1,35,0.0,35.0,12,23.0
108908,2024-08-02,10,5,196,1,149,0.0,149.0,60,89.0
108909,2025-12-21,11,7,351,1,129,0.0,129.0,45,84.0
108910,2024-03-31,4,6,192,1,399,0.0,399.0,210,189.0
108911,2025-09-07,19,2,241,1,99,0.0,99.0,35,64.0
108912,2025-04-02,7,6,7,2,599,0.0,1198.0,520,678.0
108913,2024-10-09,19,6,338,2,99,24.12,173.88,70,103.88
108914,2026-03-11,5,10,91,2,349,0.0,698.0,360,338.0
108915,2024-07-21,9,8,144,1,79,0.0,79.0,25,54.0
108915,2024-07-21,6,8,144,1,249,0.0,249.0,120,129.0
108916,2026-07-01,5,2,134,1,349,66.14,282.86,180,102.86
108917,2026-05-19,18,7,249,1,24,0.0,24.0,8,16.0
108918,2025-01-06,7,8,390,1,599,0.0,599.0,260,339.0
108919,2024-11-25,6,7,94,2,249,0.0,498.0,240,258.0
108920,2024-06-08,10,10,263,1,149,0.0,149.0,60,89.0
108921,2026-06-16,4,1,200,1,399,0.0,399.0,210,189.0
108922,2025-10-11,18,9,215,1,24,0.0,24.0,8,16.0
108922,2025-10-11,14,9,215,2,49,0.0,98.0,36,62.0
108923,2024-02-09,19,8,382,2,99,0.0,198.0,70,128.0
108923,2024-02-09,17,8,382,2,89,0.0,178.0,60,118.0
108923,2024-02-09,7,8,382,1,599,0.0,599.0,260,339.0
108924,2025-06-16,6,5,130,1,249,0.0,249.0,120,129.0
108924,2025-06-16,12,5,130,1,279,0.0,279.0,140,139.0
108925,2024-04-14,13,1,367,1,199,0.0,199.0,95,104.0
108926,2025-08-20,9,9,342,1,79,0.0,79.0,25,54.0
108927,2025-06-14,9,4,43,1,79,0.0,79.0,25,54.0
108928,2024-04-10,6,6,376,1,249,0.0,249.0,120,129.0
108929,2026-03-19,9,1,227,1,79,0.0,79.0,25,54.0
108930,2024-10-20,7,1,326,1,599,0.0,599.0,260,339.0
108931,2025-07-18,16,4,132,1,39,0.0,39.0,15,24.0
108932,2025-10-21,13,6,124,2,199,0.0,398.0,190,208.0
108932,2025-10-21,5,6,124,1,349,0.0,349.0,180,169.0
108933,2026-07-29,1,1,299,1,999,0.0,999.0,620,379.0
108934,2025-05-29,16,2,16,1,39,0.0,39.0,15,24.0
108935,2026-06-17,9,7,119,1,79,0.0,79.0,25,54.0
108936,2024-12-31,9,2,69,1,79,0.0,79.0,25,54.0
108937,2026-04-26,2,2,329,2,799,0.0,1598.0,960,638.0
108938,2024-09-25,17,10,396,1,89,0.0,89.0,30,59.0
108938,2024-09-25,14,10,396,1,49,0.0,49.0,18,31.0
108939,2025-12-10,7,8,314,1,599,0.0,599.0,260,339.0
108940,2024-04-17,7,10,62,1,599,0.0,599.0,260,339.0
108941,2026-08-19,8,6,93,2,349,0.0,698.0,300,398.0
108942,2026-07-21,9,2,38,1,79,0.0,79.0,25,54.0
108943,2025-04-08,14,10,341,2,49,18.45,79.55,36,43.55
108944,2025-06-29,2,2,79,1,799,0.0,799.0,480,319.0
108945,2025-09-13,19,10,288,2,99,0.0,198.0,70,128.0
108946,2024-11-01,10,4,364,1,149,0.0,149.0,60,89.0
108947,2025-11-18,5,4,183,1,349,73.15,275.85,180,95.85
108948,2025-12-05,14,8,307,1,49,0.0,49.0,18,31.0
108948,2025-12-05,9,8,307,1,79,0.0,79.0,25,54.0
108949,2025-06-30,2,3,174,3,799,0.0,2397.0,1440,957.0
108950,2024-06-19,19,10,234,1,99,0.0,99.0,35,64.0
108951,2026-06-19,3,1,381,1,649,0.0,649.0,350,299.0
108952,2024-05-15,7,7,278,1,599,0.0,599.0,260,339.0
108953,2025-10-12,7,2,213,1,599,0.0,599.0,260,339.0
108954,2024-05-02,16,1,139,2,39,0.0,78.0,30,48.0
108955,2024-06-17,8,3,300,1,349,0.0,349.0,150,199.0
108955,2024-06-17,14,3,300,1,49,11.32,37.68,18,19.68
108955,2024-06-17,9,3,300,1,79,0.0,79.0,25,54.0
108956,2024-01-26,4,10,133,1,399,0.0,399.0,210,189.0
108957,2025-01-09,1,6,128,2,999,0.0,1998.0,1240,758.0
108958,2025-10-22,2,8,268,2,799,194.59,1403.41,960,443.41
108959,2025-06-26,18,2,160,1,24,4.35,19.65,8,11.65
108959,2025-06-26,2,2,160,1,799,0.0,799.0,480,319.0
108960,2025-11-18,9,7,32,1,79,0.0,79.0,25,54.0
108961,2025-11-18,3,6,353,3,649,231.01,1715.99,1050,665.99
108961,2025-11-18,20,6,353,1,179,0.0,179.0,70,109.0
108961,2025-11-18,13,6,353,1,199,17.38,181.62,95,86.62
108962,2024-06-11,13,4,19,1,199,0.0,199.0,95,104.0
108962,2024-06-11,11,4,19,1,129,0.0,129.0,45,84.0
108963,2024-03-12,19,2,239,1,99,9.31,89.69,35,54.69
108964,2025-10-09,14,5,83,2,49,0.0,98.0,36,62.0
108965,2025-11-02,1,2,327,1,999,0.0,999.0,620,379.0
108966,2025-08-03,1,4,24,2,999,0.0,1998.0,1240,758.0
108967,2024-10-05,18,10,224,2,24,0.0,48.0,16,32.0
108968,2026-03-14,9,5,74,1,79,0.0,79.0,25,54.0
108969,2024-04-02,9,1,385,2,79,0.0,158.0,50,108.0
108970,2025-10-15,14,10,117,2,49,0.0,98.0,36,62.0
108971,2024-05-21,9,10,157,2,79,0.0,158.0,50,108.0
108972,2025-11-03,6,8,328,1,249,0.0,249.0,120,129.0
108972,2025-11-03,5,8,328,2,349,0.0,698.0,360,338.0
108973,2025-03-13,18,8,328,1,24,0.0,24.0,8,16.0
108973,2025-03-13,19,8,328,1,99,0.0,99.0,35,64.0
108974,2025-12-18,18,6,115,1,24,0.0,24.0,8,16.0
108975,2024-03-06,2,3,354,1,799,0.0,799.0,480,319.0
108976,2025-08-01,7,9,286,1,599,0.0,599.0,260,339.0
108976,2025-08-01,18,9,286,1,24,0.0,24.0,8,16.0
108977,2024-06-16,19,6,187,1,99,0.0,99.0,35,64.0
108978,2025-11-23,10,8,275,1,149,0.0,149.0,60,89.0
108979,2024-05-20,5,3,8,1,349,0.0,349.0,180,169.0
108980,2024-03-31,6,4,192,1,249,0.0,249.0,120,129.0
108981,2025-12-14,5,3,130,1,349,19.66,329.34,180,149.34
108981,2025-12-14,12,3,130,3,279,0.0,837.0,420,417.0
108982,2024-03-19,15,2,10,1,35,2.67,32.33,12,20.33
108983,2024-09-13,12,1,218,1,279,0.0,279.0,140,139.0
108984,2026-03-27,10,9,216,1,149,0.0,149.0,60,89.0
108984,2026-03-27,1,9,216,1,999,0.0,999.0,620,379.0
108984,2026-03-27,9,9,216,1,79,0.0,79.0,25,54.0
108985,2026-03-13,5,10,171,1,349,0.0,349.0,180,169.0
108986,2026-04-23,11,9,24,1,129,0.0,129.0,45,84.0
108987,2024-12-10,3,3,326,2,649,0.0,1298.0,700,598.0
108987,2024-12-10,1,3,326,1,999,0.0,999.0,620,379.0
108988,2025-07-03,3,7,199,1,649,0.0,649.0,350,299.0
108989,2026-02-04,13,2,348,2,199,0.0,398.0,190,208.0
108990,2024-06-07,20,10,376,1,179,0.0,179.0,70,109.0
108990,2024-06-07,14,10,376,1,49,6.74,42.26,18,24.26
108991,2025-12-22,8,1,85,2,349,160.82,537.18,300,237.18
108992,2024-04-26,18,5,86,1,24,0.0,24.0,8,16.0
108993,2026-06-13,1,7,76,1,999,0.0,999.0,620,379.0
108993,2026-06-13,2,7,76,1,799,0.0,799.0,480,319.0
108994,2025-10-20,13,2,149,1,199,0.0,199.0,95,104.0
108994,2025-10-20,12,2,149,1,279,22.49,256.51,140,116.51
108995,2025-05-29,13,7,200,1,199,0.0,199.0,95,104.0
108995,2025-05-29,3,7,200,1,649,33.87,615.13,350,265.13
108996,2025-05-20,20,2,37,2,179,0.0,358.0,140,218.0
108997,2024-07-28,1,2,108,1,999,0.0,999.0,620,379.0
108998,2024-12-24,15,8,190,3,35,0.0,105.0,36,69.0
108999,2025-12-24,20,4,274,1,179,31.52,147.48,70,77.48
109000,2025-07-17,18,1,280,1,24,0.0,24.0,8,16.0
109000,2025-07-17,8,1,280,2,349,0.0,698.0,300,398.0
109000,2025-07-17,1,1,280,1,999,0.0,999.0,620,379.0
